invoice_id,account_id,account_name,contact_email,region,industry,plan,billing_cycle,seats,currency,amount,discount_pct,status,payment_method,signup_date,invoice_date,churned,csat_score,support_tickets
INV-104380,ACC-8389,Initech Corp,billing@initech.com,LATAM,Education,STARTER,yearly,100,EUR,52920.00,0,awaiting,,06/23/2023,01/16/2026,N,5,0
INV-102746,ACC-7599,Wayne Co,billing@wayne.com,LATAM,Education,starter,annually,10,USD,"$4,900.00",0,completed,Credit Card,11/20/2023,05/20/2026,0,4,0
INV-101502,ACC-8931,Globex Ltd,billing@globex.com,APAC,Gaming,Tier 2,annual,25,GBP,31432,0,awaiting,ach,04/12/2024,2026-08-10,FALSE,3,0
INV-101355,ACC-8014,Oscorp Holdings,,NA,Retail,starter,yearly,10,USD,"$-4,900.00",0,refunded,Wire Transfer,04/04/2022,2024-02-13,FALSE,4,0
INV-104950,ACC-8471,Prestige Co,billing@prestige.com,NA,Energy, Starter ,Annual,25,USD,12250.00,0,Complete,wire,2021-10-29,02/03/2022,No,,0
INV-103264,ACC-3565,Cyberdyne Group,billing@cyberdyne.com,NA,Manufacturing,starter,annually,25,GBP,12446,20,Paid,ach,16-09-2023,22-11-2025,1,5,3
INV-100863,ACC-4859,Nakatomi Corp,billing@nakatomi.com,NA,Education, Starter ,Monthly,5,USD,245.00,0,completed,,2021-11-07,Apr 30 2024,Yes,5,8
INV-102577,ACC-7705,Massive Dynamic Corp,billing_at_massive.com,EMEA,Energy,STARTER,Annual,10,USD,"4,165.00 USD",15,paid,invoice,24-09-2022,2023-09-04,0,5,0
INV-103496,ACC-2159,Vandelay Ltd,billing@vandelay.com,EMEA,Logistics, Starter ,Monthly,25,USD,1225.00,0,paid,Wire Transfer,09/27/2022,01/03/2023,N,4,1
INV-100190,ACC-4351,Wonka Group,billing@wonka.com,NA,Gaming,Start,yearly,100,EUR,52920.00,0,paid,credit_card,Feb 19 2023,2025-02-25,N,5,1
INV-103113,ACC-2800,Wayne Labs,billing@wayne.com,EMEA,Travel,Enterprise ,yearly,100,USD,"299,000.00 USD",0,paid,ach,02/12/2024,2026-04-13,FALSE,5,0
INV-104524,ACC-9876,Prestige LLC,billing@prestige.com,LATAM,Retail,Pro ,annually,10,GBP,12573.00,0,Complete,ACH,06/09/2024,2026-12-16,false,4,0
INV-102736,ACC-4843,Pied Piper Ltd,billing@pied.com,EMEA,Education,Pro ,annual,5,USD,4455.00,10,PAID,Wire Transfer,2023-01-09,2024-04-16,N,3,5
INV-101399,ACC-6233,Prestige Holdings,billing@prestige.com,NA,,enterprise,Monthly,5,USD,-1495.00,0,REFUND,credit_card,03/10/2022,2024/05/10,N,3,0
INV-103094,ACC-4225,Oscorp Ltd,billing@oscorp.com,EMEA,Manufacturing,PRO,annually,250,USD,"$247,500.00",0,pending,Credit Card,2022-08-17,09/02/2022,FALSE,5,0
INV-100078,ACC-1724,Globex Group,billing@globex.com,EMEA,Education,starter,monthly,250,USD,10412.50,15,Void,ACH,03/25/2024,2025-02-14,0,,0
INV-101125,ACC-2253,Umbrella Corp,billing@umbrella.com,APAC,Gaming, Starter ,Annual,1,USD,392.00,20,paid,invoice,2023-05-03,2023/07/21,false,4,0
INV-100153,ACC-5331,Wonka LLC,billing@wonka.com,APAC,Travel,Starter,yearly,10,USD,4900.00,0,paid,invoice,2024-08-21,07/18/2025,true,5,0
INV-100084,ACC-7112,Aperture LLC,billing@aperture.com,NA,Energy,Enterprise ,Monthly,10,USD,"$2,990.00",0,failed,Wire Transfer,02/16/2023,Mar 8 2024,false,1,3
INV-101983,ACC-1525,Dunder Holdings,billing@dunder.com,EMEA,Fintech,Starter,Annual,50,GBP,"£28,003.50",10,paid,credit_card,07/15/2023,2024-12-06,0,2,0
INV-103174,ACC-7669,Prestige Labs,billing@prestige.com,APAC,Gaming,Starter,monthly,1,USD,49.00,0,declined,Credit Card,2023-07-26,12/23/2024,Yes,5,0
INV-102337,ACC-9595,Massive Dynamic Inc,billing@massive.com,LATAM,Retail,Pro ,annual,25,USD,24750.00,0,paid,Wire Transfer,Jan 30 2021,2023-09-18,Y,3,8
INV-103691,ACC-7501,Acme Partners,billing@acme.com,NA,Logistics, Starter ,Annual,25,EUR,13230.00,0,PAID,ACH,2023-05-21,Jun 4 2023,No,,0
INV-102499,ACC-8918,Tyrell Ltd,billing@tyrell.com,NA,Logistics,Enterprise,monthly,5,USD,1345.50,10,failed,Wire Transfer,02/11/2023,2023-12-21,true,1,0
INV-100151,ACC-8583,Cyberdyne Co,billing@cyberdyne.com,NA,Retail,STARTER,monthly,100,USD,"$4,165.00",15,PAID,invoice,2021/10/14,2024-04-13,false,4,0
INV-100332,ACC-9832,Cyberdyne Group,billing@cyberdyne.com,LATAM,Travel,Enterprise,yearly,10,USD,29900.00,0,success,credit_card,03/18/2023,2023-10-26,No,,0
INV-104825,ACC-6727,Stark Industries,billing@stark.com,LATAM,Travel,Tier 1,Annual,5,USD,"$2,450.00",0,Paid,ach,2024-06-16,03/05/2026,FALSE,4,1
INV-103551,ACC-6676,Umbrella Group,billing@umbrella.com,NA,Retail,Tier 3,annual,250,EUR,"645,840.00 EUR",20,paid,invoice,2021-02-08,02/03/2023,FALSE,4,0
INV-103830,ACC-7385,Gekko Holdings,billing@gekko.com,NA,Travel,Starter,Monthly,10,EUR,€529.20,0,paid,Wire Transfer,Jan 29 2024,2025/12/05,No,4,2
INV-101661,ACC-6530,Gekko Industries,billing@gekko.com,EMEA,Retail,STARTER,annually,10,EUR,"5,292.00 EUR",0,Complete,ACH,2021-10-13,2022/09/27,TRUE,5,5
INV-101182,ACC-6578,Gekko Holdings,billing@gekko.com,APAC,Energy,Tier 1,Monthly,250,USD,12250,0,PAID,,Jul 16 2022,2022-10-04,FALSE,5,1
INV-103322,ACC-4440,Globex Partners,billing@globex.com,NA,Manufacturing,Tier 1,Annual,10,USD,4900.00,0,paid,credit_card,Nov 11 2022,23-04-2024,N,3,0
INV-101823,ACC-4310,Hooli Group,billing@hooli.com,EMEA,Gaming,starter,annual,5,USD,"2,450.00 USD",0,success,credit_card,2021/07/21,2021/12/16,FALSE,5,0
INV-104691,ACC-7248,Stark Partners,billing@stark.com,EMEA,Energy,Start,annual,250,USD,"$122,500.00",0,failed,ach,2022-10-07,2022-10-16,FALSE,4,5
INV-104706,ACC-4182,Initech Industries,billing@initech.com,NA,Healthcare,enterprise,Annual,1,EUR,3229.20,0,success,invoice,04/29/2023,10/30/2025,N,4,0
INV-101095,ACC-2446,Oscorp Partners,billing@oscorp.com,NA,,starter,monthly,100,EUR,"€5,292.00",0,in_review,Wire Transfer,20-10-2021,01/15/2023,false,4,0
INV-101986,ACC-7759,Gekko Inc,billing@gekko.com,LATAM,Healthcare,Starter,Annual,100,EUR,"44,982.00 EUR",15,success,Wire Transfer,2022/09/08,09/30/2024,0,5,2
INV-103716,ACC-7052,Gekko Partners,billing@gekko.com,LATAM,Manufacturing,Tier 1,Monthly,250,GBP,15557.50,0,Paid,ach,21-05-2021,2021-07-05,No,,0
INV-102686,ACC-4597,Vandelay Group,billing@vandelay.com,NA,Manufacturing,Pro,Monthly,5,EUR,534.60,0,Paid,Wire Transfer,2022/03/16,2024-05-28,No,5,2
INV-101098,ACC-4976,Gekko Labs,billing@gekko.com,APAC,Media,Tier 1,Monthly,1,USD,49.00 USD,0,completed,credit_card,06/06/2024,10/24/2026,FALSE,4,0
INV-103019,ACC-7581,Aperture Ltd,billing@aperture.com,LATAM,Energy,Enterprise ,Annual,5,GBP,16138.52,15,failed,Credit Card,2024-09-20,03/05/2026,true,5,0
INV-100899,ACC-4645,Stark LLC,billing@stark.com,APAC,Healthcare,Start,Annual,250,USD,122500.00,0,error,credit_card,07/30/2021,2024-01-13,Y,4,0
INV-103196,ACC-3093,Nakatomi LLC,billing@nakatomi.com,NA,Media,pro,monthly,100,USD,9900.00,0,PAID,Wire Transfer,2023-08-14,08/24/2025,true,5,0
INV-100513,ACC-4352,Dunder Labs,billing@dunder.com,EMEA,Travel,Starter,monthly,50,USD,"2,450.00 USD",0,success,ach,10/12/2024,2025-05-19,FALSE,4,3
INV-100456,ACC-8968,Nakatomi Labs,billing@nakatomi.com,NA,Travel,Tier 2,annual,1,USD,$841.50,15,canceled,Credit Card,11/01/2022,2025/01/18,false,4,0
INV-104853,ACC-2772,Soylent Co,billing@soylent.com,LATAM,Travel, Starter ,Monthly,100,GBP,"5,600.70 GBP",10,completed,Credit Card,08/21/2023,2023/12/20,Y,3,0
INV-100093,ACC-8570,Prestige Labs,billing@prestige.com,NA,Travel,Start,Monthly,5,USD,245.00 USD,0,Pending,ACH,2023-05-30,2024-07-01,true,3,3
INV-100793,ACC-2781,Prestige Industries,billing@prestige.com,NA,Media,pro,Monthly,10,EUR,"€1,069.20",0,cancelled,invoice,2021-06-28,2021/12/08,0,2,1
INV-102443,ACC-6106,Stark Partners,billing@stark.com,APAC,Logistics, Starter ,Monthly,10,GBP,622.30,0,Complete,ach,12/02/2021,2024-02-21,FALSE,4,0
INV-101406,ACC-4452,Dunder Partners,billing@dunder.com,LATAM,Energy,pro,Monthly,25,USD,"$2,227.50",10,Paid,invoice,2021-08-28,2022-10-13,Y,4,0
INV-104200,ACC-6129,Vandelay Industries,billing@vandelay.com,EMEA,Retail,ENT,monthly,5,USD,1495.00,0,Paid,invoice,2021/12/11,28-09-2022,Y,3,1
INV-100461,ACC-5079,Globex Corp,billing@globex.com,EMEA,Education,Starter,monthly,5,USD,245,0,pending,ACH,2022/03/06,2024/08/09,FALSE,4,5
INV-102954,ACC-4234,Massive Dynamic Industries,billing@massive.com,NA,Retail,Starter,annually,25,USD,10412.50,15,completed,Wire Transfer,2022-04-25,12/10/2024,Y,5,0
INV-101539,ACC-3610,Initech Partners,billing@initech.com,EMEA,Logistics,pro,Monthly,250,USD,24750.00,0,Paid,ach,2024-07-24,2026/03/22,No,2,0
INV-103004,ACC-9919,Hooli Co,billing@hooli.com,EMEA,Retail,Pro,Monthly,25,USD,2475.00,0,awaiting,ACH,2023-12-08,Jan 4 2025,No,5,0
INV-104714,ACC-1919,Stark Labs,billing@stark.com,EMEA,Manufacturing,Start,Monthly,50,EUR,2646.00,0,success,Wire Transfer,2024-10-04,04/09/2025,No,1,1
INV-102079,ACC-5084,Vandelay LLC,billing@vandelay.com,LATAM,Logistics,starter,Monthly,3,EUR,159,0,PAID,,2023-11-21,08/23/2025,N,5,2
INV-100433,ACC-3941,Stark Labs,billing@stark.com,LATAM,, Starter ,Monthly,250,EUR,"€13,230.00",0,success,invoice,2023-04-09,2025-07-09,0,3,1
INV-103667,ACC-3645,Nakatomi Co,billing_at_nakatomi.com,EMEA,Logistics,Start,monthly,3,USD,$147.00,0,pending,Wire Transfer,11/26/2023,2026-01-29,N,3,0
INV-101810,ACC-4950,Oscorp Ltd,,EMEA,Travel,Pro,monthly,10,USD,$990.00,0,paid,,2023-09-24,2024-02-05,false,2,0
INV-100960,ACC-2707,Oscorp Industries,billing@oscorp.com,LATAM,Logistics,Start,annual,1,EUR,-529.20 EUR,0,refunded,ACH,08/09/2024,06/16/2025,FALSE,4,1
INV-101493,ACC-7958,Pied Piper Holdings,billing@pied.com,EMEA,Energy,starter,Monthly,10,EUR,529,0,PAID,Credit Card,Mar 11 2021,05/17/2023,No,4,1
INV-103584,ACC-8209,Aperture Partners,billing@aperture.com,APAC,Healthcare,pro,annually,50,USD,"$49,500.00",0,awaiting,credit_card,2022-07-25,02/11/2023,false,4,5
INV-102003,ACC-5526,Hooli LLC,billing@hooli.com,NA,Travel,Tier 3,annual,1,USD,"$2,541.50",15,Pending,ACH,2024-08-08,2026-03-15,1,4,5
INV-101266,ACC-5553,Stark Industries,billing@stark.com,APAC,Healthcare,pro,annually,25,USD,"$22,275.00",10,Failed,Credit Card,2022-11-02,2024-07-21,Yes,4,1
INV-103038,ACC-8041,Stark LLC,billing@stark.com,EMEA,Gaming,PRO,annually,1,EUR,1069.20,0,void,Credit Card,01/07/2024,Dec 19 2024,TRUE,4,0
INV-101887,ACC-6522,Initech Co,billing@initech.com,APAC,Healthcare,enterprise ,Annual,100,USD,299000.00,0,success,,2022-07-17,2024-03-08,false,2,0
INV-101367,ACC-5940,Prestige Partners,billing@prestige.com,EMEA,Manufacturing,Tier 3,Annual,10,USD,29900.00,0,paid,ach,2023-01-29,2023-12-16,Yes,4,0
INV-102043,ACC-1759,Prestige Ltd,billing@prestige.com,APAC,Healthcare,Starter,monthly,250,EUR,13230.00,0,FAILED,ach,23-06-2022,03/11/2025,No,,1
INV-101094,ACC-9314,Tyrell Ltd,billing@tyrell.com,APAC,Logistics,Tier 1,Monthly,100,USD,-4165.00,15,REFUND,Wire Transfer,2021/09/26,2022-03-27,0,3,0
INV-102397,ACC-2751,Aperture Partners,billing@aperture.com,LATAM,Gaming,Pro ,Monthly,100,EUR,-10692.00,0,refunded,,2024-04-22,2026-07-08,true,4,0
INV-100158,ACC-4365,Acme Labs,billing@acme.com,EMEA,Education,PRO,annual,50,USD,"$49,500.00",0,PAID,ACH,2024-01-03,03/11/2025,No,5,0
INV-104621,ACC-7054,Initech Co,billing@initech.com,APAC,Media,Professional,Monthly,25,EUR,2673.00,0,paid,Wire Transfer,02/12/2024,07/11/2024,FALSE,1,0
INV-104069,ACC-7716,Dunder Ltd,billing@dunder.com,NA,Retail,Tier 1,yearly,100,GBP,"£-62,230.00",0,refunded,,12/29/2021,Mar 30 2024,Yes,4,0
INV-104024,ACC-6434,Wayne Corp,billing@wayne.com,EMEA,Media,Professional,yearly,10,USD,"$7,425.00",25,paid,credit_card,2022-06-08,Aug 22 2022,N,5,2
INV-102428,ACC-5476,Vandelay Holdings,billing@vandelay.com,LATAM,Education,STARTER,Monthly,1,USD,49.00,0,error,,06/23/2021,2021/08/19,N,,0
INV-104218,ACC-5703,Wayne Corp,billing@wayne.com,NA,Fintech,Pro,yearly,250,GBP,"251,460.00 GBP",20,cancelled,ach,2023-09-03,2025-06-16,false,,3
INV-100842,ACC-7907,Gekko Corp,billing@gekko.com,EMEA,Healthcare,Enterprise ,monthly,1,USD,299.00 USD,0,VOID,Wire Transfer,2021-02-25,2021-05-08,0,3,0
INV-102728,ACC-4640,Wonka Corp,billing@wonka.com,LATAM,Fintech,ENT,monthly,10,EUR,"3,229.20 EUR",0,success,Credit Card,Apr 3 2023,2023/12/07,FALSE,5,0
INV-103615,ACC-1962,Prestige Co,billing@prestige.com,APAC,Energy,Tier 1,Annual,3,USD,"1,249.50 USD",15,completed,wire,2023-08-19,2025-11-14,0,3,3
INV-103099,ACC-8925,Tyrell Inc,billing@tyrell.com,NA,Media,Start,Annual,10,USD,4900,0,PAID,invoice,04/03/2021,2023-02-10,No,5,0
INV-102031,ACC-9959,Acme LLC,billing@acme.com,APAC,Healthcare,Starter,Monthly,3,USD,$124.95,15,PAID,Credit Card,04/27/2022,10/06/2022,No,4,0
INV-104430,ACC-3481,Dunder LLC,billing@dunder.com,APAC,Logistics,Professional,Monthly,3,USD,297.00,0,awaiting,ach,2021/01/18,06/13/2023,No,1,0
INV-104899,ACC-6611,Prestige Labs,billing@prestige.com,NA,Logistics,Enterprise ,Monthly,10,EUR,"€3,229.20",0,Complete,invoice,02/02/2024,2025/12/05,FALSE,3,0
INV-100121,ACC-8803,Massive Dynamic Group,billing@massive.com,EMEA,Travel,Start,monthly,1,GBP,47,25,Paid,Credit Card,2022-01-30,06/08/2022,Y,2,0
INV-104882,ACC-2160,Stark Co,,LATAM,Education,Enterprise ,Annual,50,EUR,"129,168.00 EUR",20,completed,Wire Transfer,2024-08-01,2025-01-13,1,,0
INV-103996,ACC-6383,Globex Ltd,billing@globex.com,NA,Fintech,enterprise,annually,25,EUR,"€80,730.00",0,FAILED,ACH,2024-05-14,2026/10/22,Y,5,1
INV-100442,ACC-5095,Acme Industries,billing@acme.com,EMEA,Fintech, Starter ,Monthly,100,USD,"$4,900.00",0,success,ach,2023-11-14,2026-04-16,false,3,0
INV-102597,ACC-6051,Initech Ltd,billing@initech.com,NA,Manufacturing,Tier 2,annually,10,USD,"$-9,900.00",0,refunded,credit_card,2024-10-15,2024/12/07,0,4,0
INV-104208,ACC-3433,Nakatomi Labs,billing@nakatomi.com,LATAM,Retail,Tier 2,monthly,100,EUR,8019.00,25,Complete,,07/19/2024,2024/12/28,false,4,1
INV-103256,ACC-1455,Wonka Inc,billing@wonka.com,LATAM,Manufacturing, Starter ,annually,100,USD,49000.00,0,paid,Credit Card,2024-08-11,12/17/2025,No,1,1
INV-101360,ACC-4347,Aperture Partners,billing@aperture.com,NA,Media,PRO,monthly,10,USD,990.00,0,Pending,Wire Transfer,2022/05/26,2022-12-05,false,2,0
INV-100862,ACC-4153,Umbrella Co,billing@umbrella.com,APAC,Fintech,Professional,monthly,50,USD,"4,950.00 USD",0,success,Wire Transfer,07/08/2021,2023-10-17,N,2,0
INV-104304,ACC-2865,Oscorp Co,billing@oscorp.com,NA,Retail,Tier 3,yearly,100,USD,299000.00,0,completed,ACH,2022-05-06,12/19/2024,true,5,8
INV-102830,ACC-9602,Acme Holdings,billing@acme.com,EMEA,,Pro,annual,1,USD,$891.00,10,completed,,2023-03-28,08/04/2023,FALSE,5,1
INV-103453,ACC-8356,Nakatomi Partners,billing@nakatomi.com,LATAM,Retail,enterprise,annually,10,USD,29900.00,0,Failed,invoice,04/20/2021,2021-11-02,true,5,0
INV-104699,ACC-1159,Cyberdyne Corp,billing@cyberdyne.com,NA,Manufacturing,starter,yearly,10,USD,"$4,900.00",0,PAID,credit_card,2023/01/09,2023-06-03,false,3,0
INV-103427,ACC-9295,Aperture Labs,billing@aperture.com,APAC,,ENT,Monthly,3,USD,$807.30,10,completed,credit_card,Nov 22 2023,2025/02/18,false,4,2
INV-100545,ACC-9629,Cyberdyne Industries,,APAC,Media, Starter ,Annual,250,USD,122500.00,0,Complete,ach,2023/11/09,2024-09-11,FALSE,4,0
INV-102808,ACC-9938,Aperture Group,billing@aperture.com,EMEA,Fintech,PRO,annually,10,USD,"$9,900.00",0,Complete,credit_card,11/26/2022,2025-04-28,N,4,0
INV-100812,ACC-1549,Oscorp Partners,billing@oscorp.com,EMEA,Logistics,enterprise,Annual,100,USD,"299,000.00 USD",0,completed,credit_card,2021-03-25,2023-03-09,FALSE,5,3
INV-101200,ACC-2228,Globex LLC,billing@globex.com,APAC,Travel,Tier 1,annually,3,USD,1470.00,0,PAID,invoice,2022-02-12,Apr 10 2023,No,5,1
INV-103888,ACC-6464,Pied Piper Holdings,billing@pied.com,LATAM,Gaming,STARTER,Annual,250,USD,122500.00,0,Failed,Credit Card,2023/07/28,2024/10/26,No,5,1
INV-103850,ACC-8960,Soylent Partners,billing@soylent.com,APAC,Retail,STARTER,monthly,1,USD,49.00,0,paid,wire,2023-03-26,2023-04-13,N,4,0
INV-101742,ACC-9237,Soylent Partners,billing@soylent.com,APAC,Gaming,Starter,annual,10,USD,"4,900.00 USD",0,PAID,Credit Card,09/21/2021,2022/07/10,No,,0
INV-104774,ACC-7948,Hooli Group,billing@hooli.com,NA,Energy,ENT,Monthly,25,USD,"$7,475.00",0,success,credit_card,2021-07-15,2023-11-27,Y,4,3
INV-100071,ACC-3587,Acme Ltd,billing@acme.com,EMEA,Retail,Start,Monthly,100,USD,4900.00,0,completed,,2022-04-21,2023/10/20,No,1,0
INV-104166,ACC-6992,Tyrell Holdings,billing@tyrell.com,NA,Fintech,enterprise,Annual,100,USD,254150.00,15,Paid,Credit Card,2022-11-23,02-04-2025,FALSE,4,0
INV-104976,ACC-4370,Gekko Partners,billing@gekko.com,EMEA,,Starter,Annual,10,EUR,5292.00,0,PAID,wire,2021-09-30,07/11/2022,FALSE,3,0
INV-102223,ACC-6990,Initech Ltd,billing@initech.com,LATAM,Logistics,PRO,Annual,5,USD,"$4,207.50",15,in_review,wire,2022-12-21,2025-05-28,N,3,3
INV-104596,ACC-4755,Umbrella Industries,billing@umbrella.com,APAC,Fintech, Starter ,Monthly,5,USD,245.00,0,PAID,Wire Transfer,2021-05-31,2022/08/13,No,5,0
INV-101952,ACC-9028,Umbrella Group,billing@umbrella.com,APAC,Fintech, Starter ,annually,25,USD,"9,800.00 USD",20,Complete,ach,12/25/2021,2023-02-22,0,4,0
INV-100067,ACC-6511,Wayne Partners,billing@wayne.com,EMEA,Retail,Tier 2,annually,250,USD,247500.00,0,PAID,invoice,2023-05-04,12/21/2024,false,1,1
INV-102732,ACC-4798,Massive Dynamic Corp,billing@massive.com,EMEA,Travel,Enterprise,Monthly,5,USD,1495.00,0,completed,credit_card,2022-08-31,08/05/2023,N,1,0
INV-100947,ACC-4723,Gekko Co,billing@gekko.com,APAC,Retail,Enterprise ,annually,5,USD,"$14,950.00",0,void,credit_card,2021-02-28,2021-05-03,FALSE,4,0
INV-103472,ACC-9117,Pied Piper Group,billing_at_pied.com,EMEA,Logistics,starter,annual,250,USD,122500.00,0,success,Credit Card,2024-04-22,2025/10/12,0,3,0
INV-104634,ACC-6683,Aperture Co,billing@aperture.com,LATAM,Media,Tier 3,monthly,25,USD,"$5,606.25",25,paid,ACH,06/06/2023,06/18/2023,TRUE,4,0
INV-100276,ACC-4483,Dunder LLC,billing@dunder.com,APAC,Media,Starter,annual,5,USD,"$2,450.00",0,paid,ACH,2022/08/17,2022-09-27,No,2,0
INV-103738,ACC-4819,Hooli Holdings,billing@hooli.com,APAC,Logistics,Pro,monthly,10,EUR,1069,0,success,invoice,2024-02-26,09-05-2025,N,1,0
INV-103603,ACC-9360,Hooli Co,billing@hooli.com,APAC,Logistics,Starter,Monthly,10,USD,416.50,15,paid,ACH,2022-03-16,11/16/2023,false,1,2
INV-104931,ACC-9320,Wayne Industries,billing@wayne.com,EMEA,Retail,starter,Monthly,100,EUR,5292,0,Complete,Wire Transfer,2024/03/03,2026-01-13,FALSE,,0
INV-100691,ACC-6065,Soylent LLC,billing@soylent.com,NA,Energy,Start,Monthly,10,USD,490,0,completed,ach,2021-09-10,2023-11-06,No,4,0
INV-101973,ACC-9934,Aperture Labs,billing@aperture.com,LATAM,Media,starter,Monthly,10,USD,367.50,25,success,Wire Transfer,05/22/2024,2025-10-24,No,1,0
INV-101068,ACC-8965,Soylent Holdings,billing@soylent.com,NA,,Tier 1,annual,10,GBP,6223,0,paid,Credit Card,02/10/2022,2024-03-24,Yes,2,0
INV-104946,ACC-2448,Massive Dynamic Group,billing@massive.com,NA,Education,Starter,Annual,10,USD,"4,900.00 USD",0,PAID,ACH,2023/02/15,2025/01/10,FALSE,4,5
INV-101737,ACC-8176,Massive Dynamic Holdings,billing@massive.com,EMEA,,STARTER,yearly,10,USD,"-4,900.00 USD",0,Refunded,Wire Transfer,Jan 23 2021,2021-04-02,N,5,3
INV-103343,ACC-5513,Stark Group,billing@stark.com,NA,Retail,Professional,annual,50,USD,"$49,500.00",0,completed,wire,2022/03/18,2022/04/08,0,2,0
INV-100309,ACC-3057,Soylent Group,billing@soylent.com,LATAM,Manufacturing,Tier 1,monthly,250,USD,"$12,250.00",0,Complete,Credit Card,09-02-2022,2022-10-17,0,5,0
INV-103853,ACC-9475,Nakatomi Holdings,billing@nakatomi.com,NA,Logistics,enterprise,Annual,50,USD,149500.00,0,Complete,,2023/03/15,Jan 13 2025,Yes,5,0
INV-101558,ACC-8217,Wayne Inc,billing@wayne.com,APAC,Education,Pro ,annual,50,EUR,53460.00,0,Complete,Wire Transfer,03/02/2023,2023-07-22,Yes,5,2
INV-103589,ACC-8060,Oscorp Inc,billing@oscorp.com,EMEA,Energy, Starter ,Monthly,250,USD,"$12,250.00",0,PAID,ACH,2023-05-27,24-10-2024,FALSE,3,8
INV-104364,ACC-5366,Umbrella Co,billing@umbrella.com,LATAM,Healthcare,STARTER,Monthly,3,USD,132,10,declined,wire,2023-12-14,2025/06/09,Yes,,2
INV-100710,ACC-3968,Aperture Industries,billing@aperture.com,EMEA,Manufacturing,STARTER,monthly,5,USD,220.50,10,canceled,ach,2021-01-20,2021-06-08,1,,1
INV-102011,ACC-8353,Aperture Labs,billing@aperture.com,NA,Fintech, Starter ,annual,3,USD,1323.00,10,Complete,invoice,2024-03-18,2026-06-17,No,1,3
INV-101882,ACC-6805,Hooli Group,billing@hooli.com,NA,Retail,Tier 1,Monthly,10,USD,490,0,cancelled,Wire Transfer,2023-05-22,2024-11-27,false,5,3
INV-100724,ACC-2022,Hooli Inc,billing@hooli.com,EMEA,Gaming,starter,Annual,5,USD,2450,0,paid,ACH,Jul 17 2024,2024/09/02,N,3,2
INV-101346,ACC-2233,Stark Industries,billing@stark.com,NA,Retail,pro,Annual,10,GBP,-12573.00,0,refunded,wire,2023-08-12,2025-11-21,FALSE,3,0
INV-100609,ACC-2787,Stark Corp,billing@stark.com,LATAM,Retail,Starter,Annual,1,USD,490.00,0,paid,Wire Transfer,2023-12-09,Apr 6 2025,No,5,3
INV-103314,ACC-1839,Acme Labs,billing@acme.com,EMEA,Fintech,Starter,yearly,250,USD,122500.00,0,paid,invoice,25-07-2022,2023-06-25,N,2,0
INV-101655,ACC-1341,Wayne Group,,LATAM,Manufacturing,PRO,yearly,250,GBP,"£314,325.00",0,Paid,Credit Card,Sep 3 2022,06/08/2024,false,4,0
INV-102377,ACC-6768,Vandelay Ltd,billing@vandelay.com,LATAM,Fintech, Starter ,annually,10,USD,4410.00,10,pending,Wire Transfer,2022-11-06,2024-09-28,TRUE,3,0
INV-102162,ACC-6808,Pied Piper Industries,billing@pied.com,NA,Energy,Tier 1,monthly,5,USD,196.00 USD,20,paid,ACH,Jun 14 2021,2022-02-07,0,2,0
INV-101955,ACC-3340,Aperture Inc,billing@aperture.com,EMEA,Gaming,Start,Monthly,250,USD,12250.00,0,completed,,2023/08/18,2025-01-23,false,,2
INV-100348,ACC-4593,Dunder Partners,billing@dunder.com,EMEA,Media,pro,monthly,25,GBP,"3,143.25 GBP",0,completed,invoice,2021-10-01,2024/05/01,true,4,0
INV-104765,ACC-8908,Aperture Labs,billing@aperture.com,EMEA,Retail,Start,annually,3,USD,"$1,249.50",15,failed,credit_card,07/10/2022,2024/03/19,FALSE,4,0
INV-100200,ACC-4361,Dunder Corp,billing@dunder.com,APAC,Retail,Professional,monthly,50,USD,4207.50,15,completed,ach,2022-11-14,2024-03-06,No,2,2
INV-101845,ACC-7113,Oscorp Holdings,billing@oscorp.com,NA,Retail,Tier 1,Monthly,10,USD,$490.00,0,success,Wire Transfer,Jun 17 2024,02/14/2026,TRUE,4,2
INV-103651,ACC-9977,Stark Labs,billing@stark.com,LATAM,Travel,starter,Monthly,1,USD,$-49.00,0,Refunded,,2021-07-10,2022-07-03,No,,0
INV-103302,ACC-8066,Initech Partners,billing@initech.com,NA,Education,starter,Annual,10,USD,"$4,900.00",0,Complete,,07/16/2023,Sep 16 2023,TRUE,3,2
INV-104990,ACC-9714,Acme Co,billing@acme.com,LATAM,Energy,pro,Monthly,5,USD,-495.00,0,refunded,,2021-02-07,2022-02-15,Yes,5,3
INV-103331,ACC-9201,Wonka Inc,billing@wonka.com,EMEA,Gaming,ENT,monthly,10,GBP,"£3,417.57",10,VOID,credit_card,05/13/2024,2025/11/02,0,5,0
INV-102240,ACC-3990,Aperture Group,billing@aperture.com,NA,Energy,Tier 1,yearly,25,EUR,"€-13,230.00",0,Refunded,Credit Card,2024-09-21,09/26/2024,N,3,0
INV-102729,ACC-8244,Hooli Co,billing@hooli.com,APAC,,enterprise,Annual,1,USD,"$-2,990.00",0,Refunded,invoice,12/12/2023,01/18/2026,No,1,0
INV-100543,ACC-3020,Dunder Partners,billing@dunder.com,EMEA,Healthcare,Enterprise ,monthly,50,GBP,18986.50,0,Complete,ach,2023-06-20,2025-07-08,FALSE,4,0
INV-104823,ACC-1505,Aperture Industries,billing@aperture.com,APAC,Media,enterprise,annually,10,EUR,25833.60,20,PAID,wire,2024-08-27,12/13/2026,1,3,0
INV-104999,ACC-9180,Hooli Industries,billing@hooli.com,APAC,Fintech,Pro,Annual,100,EUR,"106,920.00 EUR",0,VOID,wire,05/25/2023,2023-12-27,1,3,0
INV-100266,ACC-8295,Hooli Corp,billing@hooli.com,APAC,Retail,Enterprise ,Annual,1,USD,2990.00,0,Complete,,2021-01-17,2021-05-02,false,4,0
INV-100288,ACC-5939,Gekko Inc,billing@gekko.com,LATAM,Education,Professional,monthly,3,USD,297.00,0,Complete,Credit Card,2024-06-18,Jul 28 2026,false,5,0
INV-100773,ACC-5969,Umbrella Ltd,billing@umbrella.com,EMEA,Healthcare,Professional,monthly,10,USD,$-990.00,0,Refunded,wire,09/22/2022,2024/10/04,FALSE,4,0
INV-104579,ACC-5923,Prestige Industries,billing@prestige.com,EMEA,Retail, Starter ,monthly,25,EUR,1323,0,awaiting,Wire Transfer,08/18/2021,Sep 18 2023,FALSE,,1
INV-103411,ACC-9589,Acme LLC,billing@acme.com,EMEA,Retail,ENT,annual,10,USD,29900.00,0,Paid,wire,03/30/2022,07/23/2022,TRUE,5,0
INV-101323,ACC-2148,Globex Holdings,billing@globex.com,NA,Travel,Start,monthly,10,USD,490.00,0,failed,ACH,2022-03-28,14-06-2024,FALSE,3,0
INV-102814,ACC-1504,Hooli Holdings,billing@hooli.com,APAC,Manufacturing,starter,Annual,100,USD,"$49,000.00",0,PAID,ACH,Mar 10 2022,2024-08-02,No,,0
INV-101695,ACC-6960,Soylent Co,billing@soylent.com,APAC,Travel,enterprise,annual,10,USD,29900.00,0,PAID,ACH,09/23/2024,May 11 2025,N,4,0
INV-103547,ACC-1885,Wayne Group,billing@wayne.com,APAC,Energy, Starter ,Monthly,25,USD,"$1,225.00",0,Paid,invoice,01/02/2022,Sep 20 2022,FALSE,4,0
INV-103166,ACC-2993,Gekko Group,billing@gekko.com,NA,Manufacturing,starter,monthly,1,USD,49.00,0,paid,,05/27/2023,2025-02-02,true,4,2
INV-103745,ACC-2381,Pied Piper Holdings,billing@pied.com,EMEA,Healthcare,ENT,Annual,5,USD,"$14,950.00",0,canceled,Wire Transfer,08/24/2021,May 14 2023,No,3,3
INV-100338,ACC-3134,Acme Ltd,billing@acme.com,EMEA,Manufacturing, Starter ,Annual,25,USD,12250,0,Complete,Credit Card,Aug 6 2021,12/17/2021,No,5,8
INV-103842,ACC-3905,Pied Piper Partners,billing@pied.com,LATAM,Fintech,Tier 2,Annual,100,USD,79200.00,20,success,invoice,2023-12-09,Aug 11 2026,false,3,0
INV-101757,ACC-5104,Wonka Corp,billing@wonka.com,NA,,Pro,Annual,50,GBP,62865.00,0,paid,ach,2023-03-06,06/20/2025,false,5,0
INV-104358,ACC-2687,Stark Group,billing@stark.com,EMEA,Travel,pro,monthly,10,GBP,1131.57,10,PAID,wire,03/31/2022,2022/04/28,FALSE,5,3
INV-102272,ACC-1042,Globex Holdings,billing@globex.com,NA,Retail,Pro ,Annual,5,GBP,6286.50,0,Void,Wire Transfer,2024-03-08,2026/05/19,FALSE,4,0
INV-101443,ACC-4389,Aperture Co,billing@aperture.com,NA,Fintech,Starter,monthly,100,USD,4900.00,0,success,ach,05/04/2024,03/04/2025,FALSE,,0
INV-103664,ACC-1312,Dunder Co,billing@dunder.com,NA,Media,Start,Monthly,50,GBP,3111.50,0,PAID,Wire Transfer,2023-11-26,2026-08-15,No,4,0
INV-103829,ACC-9894,Wayne Labs,billing@wayne.com,NA,Logistics,Pro,Monthly,1,USD,$99.00,0,PAID,ach,2021-10-29,01/05/2024,No,3,3
INV-103383,ACC-1734,Oscorp Industries,billing@oscorp.com,APAC,Manufacturing,enterprise ,yearly,100,USD,299000,0,PAID,invoice,09-12-2022,2025-04-05,TRUE,5,8
INV-100551,ACC-9152,Aperture Corp,billing@aperture.com,APAC,Education,Start,Annual,25,EUR,"13,230.00 EUR",0,in_review,Wire Transfer,2024-03-06,Aug 11 2026,FALSE,1,0
INV-100205,ACC-3444,Acme Corp,billing@acme.com,NA,,STARTER,Annual,50,USD,-24500,0,REFUND,invoice,2024/10/23,Aug 30 2025,false,4,0
INV-100349,ACC-1431,Soylent Labs,billing_at_soylent.com,LATAM,Fintech,Professional,monthly,25,USD,2103.75,15,completed,ACH,2021/03/03,07/31/2021,No,2,1
INV-102563,ACC-7053,Globex Labs,billing@globex.com,APAC,Fintech,pro,monthly,1,USD,89.10,10,Complete,credit_card,2024-08-27,02/09/2025,No,1,0
INV-103534,ACC-8173,Aperture Corp,billing@aperture.com,APAC,Media,Pro,yearly,25,USD,22275.00,10,Complete,ACH,2022-03-02,2022-12-18,FALSE,3,3
INV-104401,ACC-5853,Hooli Co,billing@hooli.com,APAC,Media,Tier 2,Monthly,3,USD,297.00 USD,0,pending,wire,2023/09/02,Feb 9 2025,0,4,0
INV-101865,ACC-3590,Hooli Industries,billing@hooli.com,EMEA,Media,Tier 1,monthly,100,USD,"$4,900.00",0,paid,Credit Card,2022-12-20,2023-04-23,N,3,0
INV-103244,ACC-9346,Dunder Labs,billing@dunder.com,NA,Education,Tier 2,yearly,100,USD,99000,0,Paid,invoice,09/01/2024,01/03/2025,N,4,2
INV-103521,ACC-5854,Wayne Labs,billing@wayne.com,NA,Education,Starter,Monthly,10,EUR,€529.20,0,success,invoice,2021/01/14,18-07-2021,N,3,0
INV-103021,ACC-8661,Nakatomi Labs,billing@nakatomi.com,APAC,Gaming,Tier 2,Monthly,1,USD,$99.00,0,completed,invoice,2023-07-12,2025-09-16,N,5,0
INV-102241,ACC-1332,Cyberdyne LLC,billing@cyberdyne.com,NA,Travel,Starter,annual,1,USD,$490.00,0,canceled,,2021-04-16,04/11/2023,No,3,0
INV-104040,ACC-2985,Initech Labs,billing@initech.com,EMEA,Education, Starter ,annually,10,USD,"3,675.00 USD",25,completed,credit_card,Sep 17 2022,11/05/2022,0,3,0
INV-102575,ACC-2406,Acme Group,billing@acme.com,LATAM,Manufacturing,Professional,annually,3,USD,2673.00,10,paid,Wire Transfer,2023/08/30,2025-05-18,false,3,0
INV-100035,ACC-7951,Massive Dynamic Holdings,,LATAM,,Professional,Monthly,10,EUR,"1,069.20 EUR",0,Complete,credit_card,Mar 23 2024,2025/01/19,No,4,0
INV-101990,ACC-1902,Hooli Corp,billing@hooli.com,NA,Healthcare,starter,monthly,5,USD,245.00 USD,0,paid,ACH,2023-12-19,01/19/2024,No,4,1
INV-100175,ACC-3583,Initech Group,billing@initech.com,LATAM,, Starter ,monthly,25,USD,1102.50,10,completed,ACH,2021-09-15,2023-01-27,0,5,0
INV-100048,ACC-9095,Initech Corp,billing@initech.com,NA,Retail,Tier 1,annually,100,USD,49000.00,0,Complete,Credit Card,07/17/2022,03/13/2024,1,5,5
INV-102529,ACC-1541,Aperture Industries,billing@aperture.com,NA,Education,starter,Annual,25,GBP,15557.50,0,completed,Wire Transfer,06/06/2024,2026-07-03,No,,0
INV-100065,ACC-4524,Gekko Group,billing@gekko.com,LATAM,,Pro,yearly,1,USD,990.00,0,declined,ach,2021-01-17,2023-06-03,1,3,2
INV-104123,ACC-3618,Dunder Inc,billing@dunder.com,NA,Healthcare,enterprise ,Monthly,3,USD,762.45,15,void,ach,2023-12-27,2024-01-08,FALSE,,1
INV-103064,ACC-5375,Tyrell Group,billing@tyrell.com,APAC,Travel,Pro ,monthly,1,EUR,106.92,0,VOID,credit_card,2021-04-07,2021-09-04,0,4,2
INV-102366,ACC-3007,Umbrella Labs,billing@umbrella.com,LATAM,Healthcare,Enterprise ,yearly,25,EUR,-80730.00,0,charged_back,invoice,03/25/2023,2023-10-28,FALSE,4,5
INV-102175,ACC-8784,Tyrell Corp,billing@tyrell.com,NA,,Starter,annually,1,USD,490.00,0,success,ACH,2021/08/22,08/18/2023,false,5,3
INV-104734,ACC-2796,Cyberdyne Industries,billing@cyberdyne.com,EMEA,Education,Start,monthly,10,USD,490.00,0,success,Wire Transfer,07/10/2021,03/11/2022,1,,3
INV-104858,ACC-3852,Tyrell Group,billing@tyrell.com,APAC,Gaming,starter,annually,25,USD,"$12,250.00",0,Paid,wire,2023-01-09,2023/06/22,1,3,2
INV-100311,ACC-9051,Dunder Industries,billing@dunder.com,APAC,Logistics,Start,yearly,50,USD,24500.00,0,completed,Wire Transfer,03/21/2021,10/20/2023,1,5,0
INV-101765,ACC-4660,Tyrell Partners,billing@tyrell.com,APAC,Education, Starter ,monthly,5,EUR,264.60,0,paid,Credit Card,2021-06-02,17-08-2022,N,5,0
INV-103632,ACC-8024,Acme Corp,billing@acme.com,EMEA,Healthcare,PRO,Monthly,50,USD,4950.00,0,PENDING,ach,2022-09-02,2024-06-17,TRUE,2,0
INV-100490,ACC-1629,Cyberdyne Industries,billing@cyberdyne.com,LATAM,Travel,Starter,Monthly,10,USD,441.00,10,Complete,invoice,2021-09-03,2024/01/28,0,1,0
INV-102685,ACC-5773,Soylent Co,billing@soylent.com,LATAM,Travel,starter,Monthly,3,USD,118,20,PAID,invoice,2021-02-18,2022-04-14,true,5,3
INV-101583,ACC-7607,Gekko Industries,billing@gekko.com,APAC,Media,enterprise ,Annual,50,USD,149500.00,0,completed,Wire Transfer,2022-04-25,2022/05/07,FALSE,1,2
INV-101410,ACC-8033,Pied Piper Industries,billing@pied.com,LATAM,Travel,PRO,Monthly,10,EUR,-855.36,20,refunded,,2023-10-27,2025-09-02,No,5,0
INV-104018,ACC-7222,Wayne Corp,billing@wayne.com,EMEA,Education,enterprise ,Monthly,1,USD,239.20 USD,20,paid,invoice,Jul 2 2021,2022-05-27,true,3,2
INV-101606,ACC-8872,Dunder Industries,billing@dunder.com,APAC,Education,starter,annual,3,EUR,"€1,587.60",0,completed,wire,2023-03-14,2023-08-06,false,5,0
INV-100755,ACC-5539,Soylent Corp,billing@soylent.com,EMEA,,Professional,Annual,1,EUR,"1,069.20 EUR",0,canceled,ach,2022-01-11,2022-07-11,N,5,0
INV-104109,ACC-7935,Globex Ltd,billing@globex.com,EMEA,Media,enterprise,monthly,10,EUR,2421.90,25,void,Wire Transfer,Jul 16 2022,2023/03/22,true,1,0
INV-104767,ACC-7941,Aperture Co,billing@aperture.com,NA,Manufacturing,Starter,Monthly,5,USD,208.25,15,Complete,wire,2023/10/13,2024/09/06,0,,0
INV-100472,ACC-7911,Wonka Industries,billing_at_wonka.com,EMEA,Retail,enterprise ,yearly,1,EUR,3229.20,0,completed,wire,Mar 28 2023,2025/07/07,0,4,0
INV-103356,ACC-2203,Globex Labs,billing@globex.com,NA,,Tier 1,annually,1,USD,367.50,25,Paid,wire,2023/12/10,2025-09-13,1,3,0
INV-101310,ACC-2458,Dunder Co,billing@dunder.com,LATAM,,PRO,yearly,25,GBP,"£31,432.50",0,Paid,ACH,2022-02-21,05/28/2024,false,5,1
INV-101461,ACC-7806,Globex Labs,billing@globex.com,EMEA,Healthcare,Starter,Monthly,5,USD,220,10,Complete,ACH,2022-01-11,2023-05-21,false,5,0
INV-102735,ACC-8527,Wayne Holdings,billing_at_wayne.com,EMEA,Fintech,starter,yearly,10,USD,4900.00,0,success,credit_card,2023-11-13,03/01/2026,Y,1,1
INV-103468,ACC-3421,Massive Dynamic LLC,billing@massive.com,LATAM,Education,Starter,monthly,250,USD,12250.00,0,paid,Credit Card,05/26/2022,08/26/2024,FALSE,1,0
INV-101762,ACC-1990,Globex Group,billing@globex.com,LATAM,Gaming,ENT,monthly,3,USD,$897.00,0,paid,Wire Transfer,2022-09-12,Jan 11 2025,FALSE,2,3
INV-101472,ACC-7830,Hooli Co,billing@hooli.com,APAC,Logistics,Start,Monthly,10,USD,490.00,0,FAILED,ach,2021-12-15,Mar 5 2023,FALSE,3,0
INV-101238,ACC-8750,Nakatomi Industries,billing@nakatomi.com,APAC,Logistics,Enterprise ,monthly,10,EUR,"€3,229.20",0,Pending,ACH,2022/07/10,2023-01-06,false,4,0
INV-101108,ACC-3380,Prestige Corp,billing@prestige.com,EMEA,Gaming,Pro ,annually,100,USD,99000.00,0,PENDING,ach,2024-02-21,01/17/2025,N,5,1
INV-102892,ACC-1989,Cyberdyne Industries,billing@cyberdyne.com,EMEA,Manufacturing,STARTER,monthly,100,GBP,4978.40,20,completed,Credit Card,2022/02/01,04/07/2024,Yes,5,0
INV-101770,ACC-1322,Vandelay Inc,billing@vandelay.com,EMEA,,starter,annual,3,USD,1470.00,0,PAID,ACH,2021-08-11,2023/05/26,0,5,1
INV-100140,ACC-9260,Gekko Partners,billing@gekko.com,APAC,Gaming,Start,Monthly,1,EUR,47.63,10,completed,ach,2021-12-29,07-12-2023,No,3,0
INV-104871,ACC-5296,Dunder Inc,billing@dunder.com,LATAM,Media, Starter ,annual,10,USD,"4,900.00 USD",0,success,Credit Card,2021-04-27,2023/10/10,false,3,1
INV-102696,ACC-5634,Gekko Co,billing@gekko.com,NA,Manufacturing,ENT,Monthly,10,EUR,3229.20,0,PAID,Credit Card,09/13/2023,2026-03-14,false,5,1
INV-103628,ACC-3951,Cyberdyne Group,billing@cyberdyne.com,EMEA,Healthcare,Start,annually,25,USD,12250.00,0,declined,Wire Transfer,2022-07-21,2023-08-15,true,,8
INV-101335,ACC-4419,Pied Piper Industries,billing@pied.com,NA,Gaming,Pro,Monthly,10,EUR,1069.20,0,completed,wire,2021-06-02,08/03/2021,false,1,0
INV-100544,ACC-7994,Nakatomi Corp,billing@nakatomi.com,NA,Energy,PRO,monthly,10,USD,990.00,0,success,Wire Transfer,May 16 2021,26-12-2021,No,3,0
INV-103175,ACC-9603,Nakatomi Holdings,billing@nakatomi.com,NA,Education,Pro ,annual,10,EUR,"€10,692.00",0,Paid,Wire Transfer,Oct 23 2022,28-07-2023,N,,2
INV-104998,ACC-5197,Initech Group,,EMEA,Manufacturing,Tier 2,annual,5,USD,"$4,455.00",10,declined,ach,2023-11-22,04-08-2024,FALSE,,0
INV-100108,ACC-3466,Prestige Group,billing@prestige.com,EMEA,Education,Start,Monthly,1,USD,36.75,25,pending,ACH,2021/01/03,2023-02-19,FALSE,4,0
INV-103086,ACC-2049,Dunder Corp,billing@dunder.com,LATAM,Manufacturing,enterprise ,monthly,10,EUR,3229.20,0,PAID,ACH,09/23/2024,2026-12-22,0,4,1
INV-102615,ACC-8940,Prestige Ltd,billing@prestige.com,LATAM,Education,enterprise ,Monthly,1,USD,269.10,10,PAID,ACH,2024-08-19,Apr 28 2025,FALSE,4,0
INV-103604,ACC-9249,Hooli Inc,billing@hooli.com,APAC,Manufacturing,enterprise,Monthly,10,USD,2990.00,0,PAID,credit_card,01/10/2021,09/30/2023,1,3,0
INV-100480,ACC-7247,Aperture Labs,billing@aperture.com,NA,Logistics,pro,monthly,25,USD,2103.75,15,Complete,wire,2023-10-21,01/21/2024,N,,0
INV-101989,ACC-1043,Massive Dynamic Partners,billing@massive.com,NA,Healthcare,Pro ,annually,3,USD,2970,0,success,,2023-04-28,2023-09-21,false,,3
INV-104676,ACC-7910,Pied Piper Labs,billing@pied.com,NA,Manufacturing, Starter ,yearly,50,USD,19600.00,20,Paid,credit_card,2021-02-22,2021-07-17,No,,2
INV-103367,ACC-8632,Oscorp Inc,billing@oscorp.com,APAC,Media,STARTER,Annual,3,USD,1470.00,0,PENDING,Credit Card,2023-11-06,2024-06-18,N,5,2
INV-102512,ACC-1125,Oscorp LLC,,EMEA,Media,starter,Annual,50,USD,24500.00,0,awaiting,Credit Card,2021-08-25,Aug 9 2022,false,,1
INV-101883,ACC-2583,Stark LLC,billing@stark.com,EMEA,Travel,starter,yearly,1,USD,$490.00,0,Paid,credit_card,12/31/2021,2024/05/08,N,5,1
INV-102614,ACC-8135,Wonka Corp,billing@wonka.com,NA,Gaming,Start,annually,3,USD,1470.00,0,success,wire,Dec 8 2022,2024-09-26,1,5,2
INV-100630,ACC-2113,Wonka Ltd,billing@wonka.com,APAC,Travel,Tier 3,Monthly,10,USD,2990,0,Complete,invoice,2021/12/19,01/31/2022,0,5,1
INV-104944,ACC-3740,Gekko Industries,billing@gekko.com,APAC,Healthcare,Professional,monthly,25,USD,-2475.00,0,refunded,credit_card,2021/09/16,06/20/2023,No,2,0
INV-100260,ACC-1067,Massive Dynamic Group,billing@massive.com,NA,Logistics,Tier 2,annual,5,USD,3960.00,20,paid,,02/23/2021,11-12-2021,N,2,0
INV-104778,ACC-7779,Prestige Group,billing@prestige.com,APAC,Media,Tier 1,monthly,250,USD,11025.00,10,success,Credit Card,2023-09-14,2025-05-25,false,4,2
INV-101557,ACC-2275,Gekko Group,billing@gekko.com,EMEA,Energy,starter,annually,3,USD,"1,470.00 USD",0,Complete,Wire Transfer,07/19/2022,04/02/2025,0,3,0
INV-101931,ACC-2773,Vandelay Ltd,,APAC,Healthcare,enterprise ,yearly,3,USD,6727.50,25,Paid,Wire Transfer,06/20/2021,2023-02-22,FALSE,1,5
INV-101176,ACC-2484,Globex Labs,billing@globex.com,LATAM,Gaming,Tier 2,Monthly,3,USD,252.45,15,pending,,2022-11-20,2023-03-23,false,5,1
INV-102166,ACC-5764,Aperture Group,billing@aperture.com,EMEA,Travel,Pro,Monthly,10,USD,742.50,25,paid,ACH,04/26/2021,2023-05-31,false,4,0
INV-103146,ACC-2076,Wonka Partners,billing_at_wonka.com,APAC,Gaming,starter,Monthly,5,USD,245.00,0,completed,ach,10/03/2021,01/27/2024,0,5,5
INV-104138,ACC-7770,Dunder Industries,billing@dunder.com,EMEA,Travel,Enterprise,annual,100,USD,299000.00,0,completed,,2022/10/19,2023/01/20,false,3,0
INV-102962,ACC-1426,Stark Corp,billing@stark.com,LATAM,Manufacturing,STARTER,monthly,10,GBP,£622.30,0,FAILED,Credit Card,2024-05-10,2025-09-01,FALSE,,0
INV-101391,ACC-4151,Soylent Labs,billing@soylent.com,LATAM,Travel,Pro,Monthly,10,GBP,1257,0,Pending,wire,02/13/2023,2023/06/05,FALSE,4,8
INV-100236,ACC-3738,Hooli LLC,billing@hooli.com,EMEA,Healthcare,PRO,annually,10,USD,9900.00,0,Paid,ach,2023/11/28,09/11/2024,N,5,1
INV-102730,ACC-6134,Pied Piper Co,,NA,Logistics,pro,monthly,3,USD,297.00,0,PAID,ACH,2022-06-14,2022-10-03,false,3,0
INV-103045,ACC-5468,Aperture Ltd,,NA,Healthcare,Pro,Monthly,1,USD,79.20 USD,20,success,ACH,2021/07/15,2023-02-21,false,3,0
INV-101324,ACC-2424,Tyrell Inc,billing@tyrell.com,LATAM,Gaming,Pro ,Annual,10,USD,"$9,900.00",0,Complete,wire,2024/09/29,2026-05-27,N,,5
INV-102907,ACC-6338,Acme Inc,billing@acme.com,EMEA,Retail,enterprise ,annually,50,EUR,"145,314.00 EUR",10,void,ach,07/02/2023,2025/03/21,N,,0
INV-103548,ACC-5175,Globex Group,billing@globex.com,LATAM,,starter,yearly,5,USD,2205,10,Complete,,10/11/2023,2025-02-07,false,4,1
INV-102481,ACC-4221,Wonka Labs,billing@wonka.com,EMEA,Manufacturing, Starter ,annual,25,USD,12250.00,0,success,invoice,2021-01-26,09/16/2023,No,5,3
INV-100700,ACC-7887,Pied Piper Ltd,billing@pied.com,NA,, Starter ,Annual,10,USD,4900.00,0,Complete,Credit Card,2022-01-21,2022-02-21,No,5,0
INV-100697,ACC-7542,Dunder Holdings,billing@dunder.com,APAC,Healthcare, Starter ,yearly,100,USD,"$49,000.00",0,in_review,Credit Card,2022-10-15,2023/06/29,No,3,0
INV-103969,ACC-7431,Gekko Industries,billing@gekko.com,EMEA,Media,PRO,Annual,50,USD,"49,500.00 USD",0,pending,,2021/04/30,09/26/2021,N,4,0
INV-100091,ACC-2392,Tyrell Ltd,,APAC,Manufacturing,starter,monthly,25,USD,1225.00,0,success,ach,2022-11-11,2025-07-26,N,2,0
INV-103202,ACC-8937,Cyberdyne Ltd,billing@cyberdyne.com,NA,Education,Tier 3,monthly,100,USD,"$23,920.00",20,success,wire,2022-06-08,2024-09-06,FALSE,4,0
INV-104783,ACC-7762,Hooli Industries,billing@hooli.com,LATAM,Manufacturing, Starter ,Monthly,25,GBP,"£1,555.75",0,completed,credit_card,2024-09-07,05/18/2025,No,3,0
INV-104872,ACC-6343,Oscorp Holdings,billing@oscorp.com,APAC,Fintech,Enterprise,yearly,25,USD,"$74,750.00",0,PAID,invoice,2022-12-03,2023/12/26,N,5,0
INV-100944,ACC-5998,Initech Holdings,billing@initech.com,APAC,Healthcare, Starter ,yearly,25,USD,"$9,800.00",20,awaiting,invoice,2022-03-03,Mar 8 2023,FALSE,4,3
INV-104960,ACC-3668,Gekko Corp,billing@gekko.com,APAC,Education,PRO,Annual,100,USD,74250,25,success,Credit Card,2023-01-25,01/13/2025,0,3,0
INV-100247,ACC-4700,Massive Dynamic Labs,billing@massive.com,APAC,Manufacturing,Pro,annually,3,USD,2970.00,0,declined,,12/13/2022,03/06/2025,true,4,0
INV-104148,ACC-5569,Dunder Ltd,billing@dunder.com,APAC,Fintech,STARTER,annual,25,USD,10412.50,15,Complete,Wire Transfer,2022-08-28,12/18/2024,false,4,0
INV-104701,ACC-9707,Prestige Group,billing@prestige.com,EMEA,Energy,starter,yearly,10,USD,4900.00,0,PAID,credit_card,2023-03-12,05/24/2023,FALSE,4,0
INV-103076,ACC-4376,Hooli Inc,billing@hooli.com,APAC,Gaming,Start,monthly,10,USD,490.00,0,in_review,ach,06/09/2021,2022-09-20,N,3,0
INV-101380,ACC-2243,Oscorp Group,billing@oscorp.com,NA,Retail, Starter ,annually,1,GBP,-560.07,10,charged_back,Credit Card,2022-05-09,05/13/2024,FALSE,4,3
INV-100969,ACC-3509,Prestige LLC,billing@prestige.com,NA,Media,STARTER,monthly,10,GBP,622.30 GBP,0,PENDING,ACH,Jul 12 2022,2022-09-21,FALSE,3,0
INV-100921,ACC-9347,Aperture Inc,billing@aperture.com,LATAM,Travel, Starter ,yearly,250,EUR,"€132,300.00",0,success,Wire Transfer,Jan 18 2021,2023-06-09,false,,0
INV-104164,ACC-1077,Massive Dynamic Inc,billing@massive.com,LATAM,Manufacturing,PRO,annual,100,USD,"-99,000.00 USD",0,charged_back,ACH,2023-04-19,2025-03-05,1,3,0
INV-103137,ACC-4985,Prestige Ltd,billing@prestige.com,NA,,Starter,annual,100,USD,49000.00,0,Void,credit_card,2022-07-03,2023-03-13,true,4,8
INV-101454,ACC-5009,Gekko LLC,billing@gekko.com,APAC,Energy, Starter ,annually,250,USD,98000.00,20,error,,05/13/2021,2023-12-09,FALSE,5,0
INV-104758,ACC-9155,Cyberdyne Inc,billing@cyberdyne.com,NA,Retail, Starter ,annual,100,GBP,62230.00,0,Complete,ACH,10/31/2022,12/13/2023,0,5,0
INV-104611,ACC-5398,Soylent LLC,billing@soylent.com,LATAM,Gaming,Pro ,monthly,3,USD,297.00,0,Paid,,2023-10-07,06/04/2026,No,2,0
INV-103073,ACC-4206,Massive Dynamic Inc,billing@massive.com,LATAM,Healthcare,Starter,annual,10,USD,4165,15,declined,credit_card,2024-10-14,06/14/2026,true,,1
INV-101816,ACC-8602,Wayne Ltd,billing@wayne.com,EMEA,Logistics,Start,annual,3,USD,"$1,470.00",0,PAID,Credit Card,2024-02-22,2025-10-26,No,5,1
INV-104177,ACC-9003,Nakatomi Labs,billing@nakatomi.com,APAC,Healthcare,enterprise,Monthly,10,USD,"$2,990.00",0,Paid,Credit Card,28-08-2023,2023-12-01,Yes,4,0
INV-104957,ACC-9508,Wonka Inc,billing@wonka.com,EMEA,Fintech,pro,Monthly,10,USD,841.50,15,PAID,Wire Transfer,2023-10-08,03/08/2025,1,4,0
INV-101623,ACC-4300,Soylent Corp,billing@soylent.com,APAC,Travel,Pro,annual,10,USD,9900.00,0,success,invoice,04/16/2022,2023-01-24,FALSE,2,0
INV-102234,ACC-3962,Aperture Holdings,billing@aperture.com,APAC,Education,Starter,annual,50,EUR,26460,0,void,Credit Card,08/30/2024,2025-06-04,No,4,0
INV-104760,ACC-1827,Nakatomi Inc,billing@nakatomi.com,NA,Gaming,enterprise,yearly,25,EUR,80730,0,paid,invoice,04/06/2024,01/03/2026,false,1,3
INV-100807,ACC-5638,Oscorp Holdings,billing@oscorp.com,LATAM,Gaming,Professional,monthly,10,EUR,855,20,PAID,credit_card,2022-08-13,12/10/2022,No,3,0
INV-104015,ACC-5138,Dunder LLC,billing@dunder.com,APAC,Travel,Tier 1,Monthly,100,USD,"$4,165.00",15,paid,credit_card,2023-09-15,2025-09-05,N,5,0
INV-102914,ACC-4803,Cyberdyne Co,billing@cyberdyne.com,LATAM,Gaming,Enterprise,yearly,25,USD,74750.00,0,paid,wire,06/10/2023,2024-08-02,No,2,0
INV-103646,ACC-9559,Globex Industries,billing@globex.com,NA,,Tier 2,annual,3,EUR,2886.84,10,completed,ach,2024/07/07,2025-03-05,FALSE,3,1
INV-100611,ACC-1416,Nakatomi Industries,billing@nakatomi.com,NA,Logistics,Starter,monthly,1,EUR,52.92,0,Paid,credit_card,2022-04-21,07/04/2022,N,3,1
INV-103470,ACC-4234,Cyberdyne Partners,billing@cyberdyne.com,APAC,Fintech,Tier 2,monthly,10,EUR,-962.28 EUR,10,REFUND,Wire Transfer,2022/06/19,09/27/2023,0,5,0
INV-103335,ACC-7956,Aperture Labs,billing@aperture.com,NA,Gaming,pro,yearly,1,USD,990.00,0,paid,,Jan 24 2024,2025-04-17,No,3,0
INV-101299,ACC-4485,Hooli Holdings,billing@hooli.com,NA,,Enterprise,annually,50,USD,"$119,600.00",20,Paid,ach,2022-06-14,2023-02-21,N,5,0
INV-102734,ACC-5807,Massive Dynamic Group,,LATAM,Travel,PRO,Monthly,50,USD,4950.00,0,success,,2021-06-23,2022-05-12,true,,1
INV-100242,ACC-5472,Pied Piper Holdings,billing@pied.com,EMEA,Retail,Pro ,yearly,50,USD,49500.00,0,cancelled,Credit Card,10/29/2021,2023-12-24,FALSE,2,1
INV-100622,ACC-5939,Hooli Co,billing@hooli.com,APAC,Fintech,Pro,Annual,5,USD,4950.00,0,completed,ACH,2024-07-04,2025/12/23,TRUE,4,0
INV-102909,ACC-7187,Aperture Partners,billing@aperture.com,LATAM,Gaming,Starter,annual,5,EUR,2646.00,0,paid,Wire Transfer,2022/05/12,01/12/2025,No,,2
INV-100884,ACC-8253,Wayne Partners,billing@wayne.com,LATAM,Manufacturing,Starter,yearly,5,USD,"$2,450.00",0,success,Wire Transfer,2024-04-09,12/08/2026,FALSE,4,2
INV-100516,ACC-2036,Massive Dynamic Co,billing@massive.com,NA,Media,pro,Monthly,10,USD,$990.00,0,Complete,ach,2023/08/12,2024-10-07,Yes,1,0
INV-102791,ACC-8006,Acme Industries,billing@acme.com,EMEA,Logistics,Pro,monthly,25,EUR,2673.00,0,completed,,07/12/2022,2023-08-27,N,4,1
INV-100642,ACC-2013,Initech Labs,billing@initech.com,LATAM,,Tier 1,Annual,250,USD,"$122,500.00",0,success,wire,2021/07/24,2023-01-02,N,4,0
INV-100148,ACC-2738,Tyrell Ltd,billing@tyrell.com,APAC,Fintech, Starter ,Monthly,10,EUR,449.82 EUR,15,Complete,Wire Transfer,05-03-2021,2022-07-03,Y,3,0
INV-103767,ACC-9768,Vandelay Inc,billing@vandelay.com,LATAM,Media,Pro,annually,10,USD,9900.00,0,paid,wire,12/18/2021,04/23/2022,No,3,2
INV-101598,ACC-7280,Globex Partners,billing@globex.com,LATAM,Retail,Pro,Monthly,5,USD,495.00,0,completed,credit_card,01/04/2021,2022-11-28,FALSE,5,0
INV-101928,ACC-2864,Nakatomi Corp,billing@nakatomi.com,NA,Healthcare,STARTER,annual,10,USD,"$4,900.00",0,PAID,Credit Card,2024-06-19,2025-07-26,No,5,3
INV-104009,ACC-1665,Initech Partners,billing@initech.com,LATAM,Energy,PRO,monthly,3,USD,297.00 USD,0,void,credit_card,2023/03/17,03/08/2025,Y,5,1
INV-102439,ACC-3759,Prestige Group,billing@prestige.com,EMEA,Gaming,pro,monthly,10,USD,$792.00,20,VOID,ach,2021-04-03,2021-05-29,0,4,5
INV-102243,ACC-3060,Globex LLC,billing@globex.com,APAC,Healthcare,Pro ,annual,3,EUR,3207.60,0,Paid,invoice,10/02/2021,11/23/2021,0,,0
INV-104054,ACC-7207,Wayne Co,billing@wayne.com,NA,Retail,Professional,annual,10,USD,"9,900.00 USD",0,paid,,2023-12-30,2025-03-26,N,3,0
INV-103388,ACC-8534,Umbrella Labs,billing@umbrella.com,EMEA,Logistics,STARTER,Annual,100,USD,"$44,100.00",10,PAID,ach,2021-07-12,10/25/2021,0,1,0
INV-104003,ACC-4629,Oscorp Inc,billing@oscorp.com,NA,Manufacturing,Professional,annually,3,USD,"$2,970.00",0,Complete,,2022/11/23,15-06-2025,N,4,2
INV-101349,ACC-3189,Dunder Group,billing@dunder.com,LATAM,Gaming,starter,annual,1,USD,490.00,0,awaiting,credit_card,02/01/2023,2023-03-10,No,5,0
INV-103101,ACC-5555,Stark Corp,billing@stark.com,EMEA,Travel, Starter ,Monthly,50,EUR,"€2,646.00",0,success,ach,2022/07/11,2024/02/21,false,5,3
INV-101774,ACC-8639,Tyrell LLC,billing@tyrell.com,EMEA,,Tier 1,Annual,50,EUR,"26,460.00 EUR",0,PAID,wire,2022-12-26,2023/08/22,true,4,0
INV-102740,ACC-1444,Nakatomi LLC,billing@nakatomi.com,NA,Logistics,PRO,monthly,1,USD,99.00,0,Void,invoice,2022/11/07,03-07-2024,FALSE,,0
INV-100926,ACC-9342,Wonka Partners,billing@wonka.com,LATAM,Gaming,starter,Annual,50,USD,"-24,500.00 USD",0,charged_back,credit_card,2021/03/30,2021/06/06,false,5,0
INV-100952,ACC-9844,Oscorp Partners,billing@oscorp.com,NA,Media,starter,Annual,50,USD,"18,375.00 USD",25,Paid,Credit Card,03/17/2022,12/29/2022,false,5,1
INV-104137,ACC-6961,Cyberdyne Inc,billing@cyberdyne.com,APAC,Manufacturing,enterprise ,monthly,10,USD,2990.00,0,success,,Jul 8 2022,10/02/2022,N,5,3
INV-102518,ACC-2291,Vandelay Ltd,billing@vandelay.com,LATAM,Healthcare,STARTER,monthly,1,USD,49.00,0,PAID,credit_card,05/30/2022,2022-12-03,true,4,0
INV-100761,ACC-7776,Oscorp Ltd,billing@oscorp.com,EMEA,Energy,Tier 1,Annual,50,USD,"$19,600.00",20,paid,Credit Card,22-10-2023,2025-04-12,false,5,1
INV-100626,ACC-5114,Umbrella Corp,billing@umbrella.com,LATAM,Media,Starter,monthly,3,EUR,158.76,0,error,ACH,2022-03-01,2022-03-28,false,4,2
INV-103567,ACC-4713,Stark Holdings,billing@stark.com,APAC,Retail,enterprise,monthly,10,USD,"-2,990.00 USD",0,refunded,ach,27-03-2023,2024-10-05,No,4,3
INV-102933,ACC-7987,Acme Co,billing@acme.com,LATAM,Travel,PRO,monthly,25,EUR,2272.05,15,paid,wire,2021-10-16,01/30/2023,No,4,0
INV-102335,ACC-3374,Tyrell Holdings,billing@tyrell.com,LATAM,Logistics,pro,monthly,10,USD,990.00,0,completed,Credit Card,2022-03-01,2024/06/22,No,5,0
INV-102473,ACC-3734,Wayne Group,billing@wayne.com,LATAM,Media,ENT,monthly,25,EUR,8073.00,0,completed,,2023-07-28,2025-07-09,0,5,3
INV-104033,ACC-5774,Aperture Partners,billing@aperture.com,APAC,Travel,Pro,Monthly,3,USD,297.00 USD,0,success,invoice,2021-09-22,Jan 4 2023,FALSE,3,8
INV-102183,ACC-9109,Massive Dynamic Inc,billing@massive.com,NA,Manufacturing,Starter,annually,10,USD,4165.00,15,void,,2023/02/28,02/24/2025,false,5,5
INV-100585,ACC-7504,Wonka Group,billing@wonka.com,APAC,,PRO,Monthly,1,USD,79.20,20,Failed,credit_card,05/27/2024,Feb 2 2026,No,2,0
INV-103976,ACC-2457,Gekko Ltd,billing@gekko.com,EMEA,,Professional,monthly,1,USD,$99.00,0,VOID,,2023/09/16,2025/04/14,N,4,0
INV-101277,ACC-3847,Initech LLC,billing@initech.com,NA,Gaming,Starter,yearly,100,USD,49000,0,PAID,ACH,17-02-2021,2023-10-20,No,4,5
INV-104925,ACC-4814,Vandelay Inc,billing@vandelay.com,EMEA,Healthcare,Enterprise ,yearly,100,USD,299000.00,0,paid,credit_card,2021-01-12,2023-04-15,No,4,0
INV-103542,ACC-9418,Hooli Partners,,NA,,Enterprise,annual,1,USD,"$2,990.00",0,paid,invoice,22-04-2024,12/07/2024,FALSE,4,0
INV-103991,ACC-9893,Prestige Ltd,billing@prestige.com,APAC,Retail,enterprise,Annual,250,USD,598000.00,20,Complete,Credit Card,12/10/2022,2025-03-18,0,,0
INV-101420,ACC-1524,Wonka Ltd,billing@wonka.com,LATAM,Healthcare,Enterprise ,monthly,10,USD,2541.50,15,in_review,credit_card,31-08-2024,2026-03-27,No,4,0
INV-102256,ACC-7041,Cyberdyne Group,billing@cyberdyne.com,LATAM,Retail,Tier 2,monthly,50,USD,4950.00,0,Paid,Wire Transfer,2021-01-23,2021-05-17,No,,0
INV-101689,ACC-1913,Cyberdyne Ltd,billing@cyberdyne.com,NA,Fintech,pro,annually,3,USD,2970.00,0,success,Wire Transfer,03/01/2024,03/24/2026,true,1,1
INV-103943,ACC-1525,Tyrell Corp,billing@tyrell.com,LATAM,Healthcare,Tier 1,annually,3,EUR,"1,587.60 EUR",0,PENDING,,02/16/2023,03/07/2025,0,,0
INV-103083,ACC-6563,Stark Holdings,billing@stark.com,EMEA,Healthcare, Starter ,yearly,50,USD,"24,500.00 USD",0,PAID,invoice,2021-12-27,2022-07-22,FALSE,4,0
INV-102788,ACC-1184,Prestige Labs,billing@prestige.com,APAC,Travel,Tier 1,Monthly,5,EUR,€264.60,0,success,invoice,Sep 12 2023,05/26/2024,0,,0
INV-102950,ACC-2485,Dunder Corp,billing@dunder.com,LATAM,Logistics,starter,monthly,10,USD,490.00,0,cancelled,invoice,11-07-2022,Jan 5 2023,false,5,3
INV-101992,ACC-8586,Vandelay Corp,billing@vandelay.com,LATAM,Education,Pro,Monthly,25,GBP,"£3,143.25",0,Complete,wire,2022-06-11,Aug 15 2024,false,4,1
INV-101063,ACC-4312,Vandelay Inc,billing@vandelay.com,APAC,Healthcare,PRO,monthly,10,USD,$990.00,0,PAID,invoice,2021-11-19,2023-08-10,0,3,1
INV-101244,ACC-2101,Acme Ltd,billing@acme.com,LATAM,Retail,Pro,monthly,1,USD,$99.00,0,Paid,,2022-12-07,2025-07-15,FALSE,5,0
INV-104620,ACC-7117,Globex LLC,,LATAM,,enterprise ,annually,100,USD,299000.00,0,cancelled,ach,2021-07-06,2022-09-02,N,4,0
INV-103541,ACC-8433,Wonka Partners,billing@wonka.com,NA,Energy,Tier 3,Monthly,1,USD,$299.00,0,Paid,wire,12/26/2022,2023-08-22,FALSE,2,1
INV-101245,ACC-7992,Massive Dynamic Industries,billing@massive.com,EMEA,,Pro ,yearly,50,USD,"49,500.00 USD",0,Paid,Credit Card,02-05-2024,2025-05-07,FALSE,5,1
INV-100215,ACC-5105,Initech LLC,billing@initech.com,LATAM,Energy,Pro,monthly,100,GBP,"12,573.00 GBP",0,PAID,Credit Card,11/07/2022,2025-05-21,0,1,0
INV-101756,ACC-7310,Cyberdyne Group,billing@cyberdyne.com,NA,Logistics,STARTER,Monthly,50,USD,2450.00,0,canceled,,2021/05/06,2021-07-09,false,1,0
INV-102847,ACC-1255,Hooli Partners,billing@hooli.com,EMEA,Energy,enterprise,annual,100,EUR,"322,920.00 EUR",0,FAILED,,2024-02-17,2024/08/25,Yes,3,0
INV-101750,ACC-1410,Vandelay Labs,billing@vandelay.com,EMEA,Media,Enterprise,annual,3,USD,8970.00,0,success,ACH,2023-05-03,May 21 2023,0,,0
INV-103612,ACC-3934,Initech Co,billing@initech.com,APAC,Travel,STARTER,monthly,250,EUR,"€13,230.00",0,Pending,Credit Card,08/14/2021,04/30/2023,N,3,0
INV-104906,ACC-2580,Aperture Partners,billing@aperture.com,LATAM,,STARTER,annual,10,EUR,"€5,292.00",0,Complete,ach,2024-07-21,04/21/2025,No,,0
INV-104803,ACC-8536,Stark Inc,billing@stark.com,LATAM,Travel,Start,Monthly,10,USD,490.00,0,success,credit_card,11/23/2021,2022-11-11,N,2,0
INV-101844,ACC-7612,Pied Piper Industries,billing@pied.com,EMEA,Retail,Tier 2,annual,100,EUR,-106920.00,0,charged_back,credit_card,08/05/2024,2027-01-16,0,5,2
INV-101478,ACC-1976,Aperture Industries,billing@aperture.com,EMEA,Education,Starter,Annual,5,EUR,2646.00,0,Complete,ach,2024-05-24,05-10-2024,TRUE,,0
INV-101513,ACC-1368,Cyberdyne Partners,billing@cyberdyne.com,LATAM,Manufacturing,Starter,Monthly,25,EUR,"1,190.70 EUR",10,void,Credit Card,06/10/2022,08/21/2022,FALSE,4,0
INV-103121,ACC-3761,Dunder Industries,billing@dunder.com,NA,,Professional,monthly,25,USD,2475.00,0,Paid,ACH,2022-04-17,09/19/2022,N,5,2
INV-102422,ACC-6476,Aperture Inc,billing@aperture.com,APAC,Retail,Enterprise,monthly,50,EUR,13724.10,15,Pending,Credit Card,12/03/2023,2026-01-27,No,5,0
INV-101056,ACC-4890,Tyrell Labs,billing@tyrell.com,LATAM,Travel,Starter,yearly,1,GBP,622.30 GBP,0,PAID,wire,2022-10-06,2024-06-18,0,,5
INV-100053,ACC-2680,Pied Piper Industries,billing@pied.com,NA,,Tier 2,annual,3,EUR,3207.60,0,completed,ach,2023-06-15,2023-09-16,FALSE,,5
INV-103047,ACC-9746,Globex Co,billing@globex.com,APAC,,PRO,yearly,10,USD,"$9,900.00",0,Paid,,2021-09-05,01/31/2024,TRUE,,1
INV-100094,ACC-7367,Dunder Industries,billing@dunder.com,EMEA,Media,Tier 2,annually,3,EUR,2886.84,10,success,ACH,09/02/2022,2025-03-30,FALSE,2,0
INV-103377,ACC-9938,Massive Dynamic Holdings,,EMEA,,Professional,annually,1,USD,990.00,0,Paid,ach,2021-04-23,2023-09-04,Y,5,8
INV-101303,ACC-4227,Wayne Holdings,billing@wayne.com,NA,Logistics,Start,Annual,3,USD,1470.00,0,in_review,invoice,2021-06-12,12/27/2023,No,5,1
INV-101965,ACC-2825,Initech Partners,billing@initech.com,LATAM,Energy,pro,annually,250,USD,247500.00,0,Complete,,2024-04-16,11/03/2026,N,2,5
INV-100202,ACC-6826,Massive Dynamic Co,billing@massive.com,EMEA,Travel,starter,Monthly,250,USD,12250.00,0,success,ACH,07/23/2023,06/04/2024,No,5,0
INV-104904,ACC-6102,Tyrell Industries,,LATAM,Manufacturing,enterprise,monthly,1,USD,224.25,25,PAID,ach,05/13/2023,2024/08/05,0,4,2
INV-101417,ACC-4451,Acme Holdings,billing@acme.com,LATAM,Manufacturing,Pro ,yearly,3,USD,2524.50,15,Paid,wire,17-06-2023,2023-07-22,1,4,0
INV-104475,ACC-9011,Gekko Inc,billing@gekko.com,EMEA,Healthcare,pro,monthly,3,GBP,377.19,0,completed,ach,09/21/2022,03/03/2024,No,4,0
INV-101668,ACC-2545,Aperture Corp,billing@aperture.com,LATAM,Retail,Enterprise ,monthly,10,USD,2990,0,PAID,ACH,08/04/2024,2025-02-25,1,5,0
INV-101099,ACC-4805,Cyberdyne Holdings,billing@cyberdyne.com,NA,Energy,Start,Monthly,25,USD,"$1,225.00",0,FAILED,invoice,2024-04-02,Jan 29 2026,0,3,0
INV-104303,ACC-8295,Vandelay Partners,billing@vandelay.com,NA,Media,Start,yearly,10,EUR,5292.00,0,Complete,Credit Card,2021-04-10,2022-01-02,true,4,1
INV-100886,ACC-7452,Gekko Holdings,billing@gekko.com,EMEA,Media,STARTER,Annual,10,USD,4900,0,in_review,invoice,07/22/2024,01/09/2027,No,,0
INV-104040,ACC-2985,Initech Labs,billing@initech.com,EMEA,Education, Starter ,annually,10,USD,"3,675.00 USD",25,paid,credit_card,Sep 17 2022,11/05/2022,0,3,0
INV-104421,ACC-5209,Umbrella Ltd,billing@umbrella.com,EMEA,Travel,STARTER,Annual,10,EUR,"4,498.20 EUR",15,Paid,ACH,2023/05/25,2025-11-05,N,1,0
INV-100277,ACC-3004,Pied Piper Inc,billing@pied.com,LATAM,Energy,Pro,yearly,1,USD,891.00,10,PAID,Wire Transfer,2023-09-01,01/02/2026,N,5,0
INV-104257,ACC-9871,Oscorp Ltd,billing@oscorp.com,LATAM,Education,starter,Monthly,100,GBP,"£6,223.00",0,awaiting,Credit Card,03/05/2023,2024-09-06,N,4,2
INV-100031,ACC-4993,Pied Piper Co,billing@pied.com,LATAM,Fintech,starter,monthly,50,EUR,2646.00,0,Complete,Wire Transfer,11/06/2023,08/05/2024,0,4,3
INV-101520,ACC-6848,Prestige Holdings,,APAC,Manufacturing,STARTER,yearly,100,USD,"$36,750.00",25,FAILED,ACH,01/07/2021,2023/01/02,FALSE,4,1
INV-103440,ACC-6402,Initech Partners,billing@initech.com,EMEA,Fintech,Starter,Annual,10,USD,4410.00,10,paid,Wire Transfer,Jul 13 2024,2027/03/25,N,2,0
INV-103861,ACC-8783,Aperture Inc,billing@aperture.com,LATAM,,pro,Annual,25,USD,"$24,750.00",0,declined,ACH,01/21/2023,2023-05-26,0,4,0
INV-103324,ACC-3076,Globex Labs,billing@globex.com,NA,Fintech,Starter,Annual,5,EUR,"2,646.00 EUR",0,success,wire,2023-10-12,04-02-2026,FALSE,2,8
INV-100481,ACC-9669,Hooli Inc,billing@hooli.com,APAC,Healthcare,STARTER,annual,50,EUR,22491,15,PAID,Wire Transfer,12/20/2021,Jul 1 2022,FALSE,5,2
INV-100877,ACC-8962,Hooli Corp,billing@hooli.com,EMEA,Media,Professional,Monthly,10,USD,990,0,completed,wire,Jan 2 2022,2024-02-01,FALSE,4,3
INV-101440,ACC-8481,Tyrell LLC,billing@tyrell.com,LATAM,Energy,Start,annual,5,USD,2450.00,0,PAID,ACH,2022-04-27,2023/03/28,No,4,0
INV-104330,ACC-8328,Oscorp Partners,billing@oscorp.com,LATAM,Fintech,Tier 1,yearly,5,GBP,"2,644.78 GBP",15,PAID,Wire Transfer,09-10-2021,11/13/2021,1,5,0
INV-100949,ACC-4001,Nakatomi Labs,billing@nakatomi.com,NA,Travel,ENT,Monthly,3,USD,$807.30,10,completed,ach,2022-12-18,2023-12-09,No,2,0
INV-104920,ACC-9087,Acme Group,billing_at_acme.com,LATAM,Media,Starter,monthly,5,USD,$196.00,20,PAID,ach,2021/06/27,2022-12-20,0,2,0
INV-103866,ACC-4570,Vandelay Labs,billing@vandelay.com,LATAM,, Starter ,Annual,3,USD,1470.00,0,completed,ACH,2021-07-01,2024-01-25,1,1,0
INV-102070,ACC-3276,Pied Piper Ltd,billing_at_pied.com,APAC,Gaming,Professional,Annual,25,USD,"$18,562.50",25,Paid,ACH,2021/09/05,2022-01-13,FALSE,2,0
INV-101022,ACC-2353,Hooli Labs,billing@hooli.com,EMEA,Fintech,Tier 3,Monthly,100,EUR,"-24,219.00 EUR",25,charged_back,wire,2022-10-15,2024-01-20,N,,2
INV-101139,ACC-9929,Oscorp Inc,,EMEA,Healthcare,Pro ,yearly,3,USD,2970.00,0,Paid,invoice,18-03-2024,2024/07/06,FALSE,,5
INV-100402,ACC-3626,Oscorp Inc,billing@oscorp.com,NA,Fintech,STARTER,monthly,5,USD,220,10,error,Credit Card,07-11-2023,17-01-2026,FALSE,4,8
INV-103230,ACC-3995,Massive Dynamic Labs,billing@massive.com,LATAM,Media,Professional,monthly,10,USD,742.50 USD,25,Failed,,2022-05-22,23-12-2023,FALSE,,0
INV-103005,ACC-8068,Vandelay LLC,billing@vandelay.com,EMEA,Logistics,Pro,monthly,100,USD,9900.00,0,awaiting,wire,07/05/2024,Nov 15 2026,N,3,0
INV-104973,ACC-9793,Pied Piper Group,,APAC,Travel,PRO,Annual,100,GBP,"-125,730.00 GBP",0,REFUND,Credit Card,2022/12/06,2025/08/30,true,5,0
INV-100547,ACC-8046,Vandelay Labs,billing@vandelay.com,NA,Fintech,ENT,Monthly,10,USD,2541.50,15,Complete,ACH,2021-07-26,2021-10-18,Yes,1,3
INV-103152,ACC-5355,Oscorp LLC,billing@oscorp.com,LATAM,Healthcare,Tier 1,Annual,5,EUR,"€2,646.00",0,PAID,Wire Transfer,2024-09-16,2024-12-26,Yes,5,2
INV-100233,ACC-8249,Gekko Labs,billing@gekko.com,LATAM,, Starter ,Annual,50,EUR,"€26,460.00",0,Paid,wire,2023-08-31,02/04/2026,N,4,0
INV-102513,ACC-1668,Cyberdyne Co,billing@cyberdyne.com,APAC,Manufacturing,Tier 1,Monthly,10,EUR,529.20 EUR,0,Void,ACH,08/06/2022,2023/12/21,0,4,1
INV-100599,ACC-6572,Massive Dynamic Ltd,billing@massive.com,NA,Logistics,Professional,Monthly,100,EUR,"€10,692.00",0,completed,credit_card,08/24/2021,2024/01/09,N,5,0
INV-103276,ACC-9014,Soylent Holdings,billing@soylent.com,NA,Fintech,Tier 3,annual,25,USD,"$63,537.50",15,Failed,credit_card,2023-03-23,2025-10-27,0,4,2
INV-102259,ACC-2215,Wayne Ltd,billing@wayne.com,EMEA,Logistics,Pro,monthly,1,USD,84.15,15,paid,,07/10/2023,2024-10-25,false,,1
INV-104343,ACC-6083,Globex LLC,,NA,Energy,Start,yearly,50,EUR,26460.00,0,Void,invoice,Jul 12 2024,2026-09-09,0,5,0
INV-101442,ACC-3483,Stark Co,billing@stark.com,EMEA,Fintech,Pro ,annual,3,EUR,3207.60,0,Paid,Wire Transfer,2023/05/17,Oct 10 2024,No,3,1
INV-101685,ACC-5380,Nakatomi Labs,billing@nakatomi.com,APAC,Logistics,Tier 3,Monthly,100,USD,29900.00,0,cancelled,,04/03/2021,2021-05-25,Y,4,1
INV-101996,ACC-3225,Wonka Ltd,billing@wonka.com,APAC,Healthcare,Enterprise ,annually,1,USD,2990.00,0,success,ach,2021-08-04,2023-06-18,No,5,0
INV-101224,ACC-4291,Globex Holdings,billing@globex.com,NA,Travel,Starter,yearly,25,USD,12250.00,0,pending,Credit Card,03/31/2024,2025-07-11,N,3,5
INV-103781,ACC-4848,Soylent Corp,billing@soylent.com,APAC,Retail,pro,monthly,10,USD,990.00,0,declined,credit_card,2022/06/03,10/10/2023,0,3,0
INV-100042,ACC-4522,Umbrella LLC,billing@umbrella.com,NA,Healthcare,starter,yearly,50,USD,24500.00,0,PENDING,Wire Transfer,2024/09/24,06/12/2025,N,3,0
INV-101801,ACC-9003,Gekko Partners,billing@gekko.com,NA,Logistics, Starter ,Monthly,1,EUR,52.92,0,paid,Credit Card,08/03/2022,08/26/2022,N,3,0
INV-104820,ACC-6176,Initech LLC,billing@initech.com,APAC,Gaming,Enterprise ,Monthly,10,EUR,3229.20,0,PAID,credit_card,2022-08-09,2023/08/12,FALSE,3,5
INV-104159,ACC-7736,Oscorp Partners,billing@oscorp.com,APAC,,STARTER,Monthly,1,EUR,39.69,25,Complete,Wire Transfer,Nov 6 2021,2022/02/19,Yes,4,0
INV-102794,ACC-9199,Wonka Corp,billing@wonka.com,EMEA,Energy,Start,annually,100,USD,"$49,000.00",0,paid,credit_card,2021-12-04,01/11/2024,N,5,1
INV-100453,ACC-4417,Acme Group,billing@acme.com,NA,Manufacturing,PRO,annual,10,USD,"$9,900.00",0,FAILED,,13-02-2022,May 9 2024,0,5,3
INV-100029,ACC-6260,Nakatomi Industries,billing@nakatomi.com,NA,Gaming,pro,yearly,25,USD,24750.00,0,canceled,Wire Transfer,06/30/2021,05/18/2022,0,2,0
INV-101929,ACC-6532,Aperture Group,billing@aperture.com,EMEA,Fintech,STARTER,monthly,50,USD,2450.00,0,success,Wire Transfer,2022-01-21,2022-04-19,1,4,5
INV-101709,ACC-8594,Gekko Ltd,billing@gekko.com,NA,Retail,Start,annually,50,USD,24500.00,0,Paid,wire,09/11/2024,2026-10-05,1,5,0
INV-103469,ACC-4633,Tyrell Industries,billing@tyrell.com,EMEA,Travel,enterprise,Monthly,100,USD,"$29,900.00",0,awaiting,Wire Transfer,Oct 8 2024,2027-03-22,No,3,0
INV-102149,ACC-9736,Pied Piper Labs,billing@pied.com,NA,Retail,starter,monthly,50,USD,2450.00,0,in_review,ACH,2024-01-24,10/28/2025,TRUE,2,0
INV-102022,ACC-5322,Pied Piper Industries,billing@pied.com,EMEA,Retail, Starter ,Monthly,250,USD,"$12,250.00",0,Complete,,2022-12-11,2025-02-28,N,2,0
INV-100435,ACC-7050,Tyrell Inc,billing@tyrell.com,LATAM,Manufacturing,STARTER,Monthly,10,USD,490.00,0,paid,ACH,2022/09/02,06/14/2024,1,2,0
INV-103428,ACC-4491,Nakatomi Co,billing@nakatomi.com,APAC,Healthcare,STARTER,annual,3,USD,1470.00,0,PAID,ACH,2021/12/31,2022-09-06,N,5,0
INV-101492,ACC-3079,Dunder Corp,billing@dunder.com,APAC,Healthcare,Starter,Annual,50,EUR,21168.00,20,declined,ACH,2022-06-20,Aug 3 2023,1,5,0
INV-103391,ACC-1021,Dunder Ltd,billing@dunder.com,APAC,Energy,Tier 1,Monthly,3,USD,147.00 USD,0,PAID,wire,Jul 8 2024,03/15/2025,false,3,0
INV-102089,ACC-5347,Globex Inc,billing_at_globex.com,NA,Energy,Starter,monthly,3,USD,$147.00,0,completed,credit_card,05/08/2023,2024-07-22,0,5,0
INV-104042,ACC-1086,Gekko Labs,billing@gekko.com,APAC,Logistics,ENT,monthly,50,USD,"$14,950.00",0,Complete,ach,2022-12-19,2025-07-06,N,4,2
INV-100149,ACC-7456,Massive Dynamic Partners,billing@massive.com,NA,Gaming,Pro,Monthly,10,USD,-990.00,0,Refunded,wire,03/29/2022,2023-12-20,FALSE,3,0
INV-100137,ACC-1894,Aperture Corp,billing@aperture.com,LATAM,,starter,yearly,250,EUR,132300.00,0,Complete,,2022-11-09,07/29/2025,No,,0
INV-103889,ACC-6599,Acme Labs,billing@acme.com,LATAM,Retail, Starter ,Monthly,250,EUR,"13,230.00 EUR",0,Complete,ach,2023-08-03,2026-02-05,No,4,0
INV-102263,ACC-6752,Dunder LLC,billing@dunder.com,EMEA,Logistics,Tier 3,monthly,25,USD,7475.00,0,error,Wire Transfer,2023/02/26,2023-03-31,No,5,2
INV-102664,ACC-3788,Pied Piper Holdings,billing@pied.com,EMEA,Healthcare,Pro,annual,250,EUR,267300.00,0,success,,2023/04/22,2023-12-17,No,4,0
INV-103232,ACC-4579,Tyrell Corp,billing@tyrell.com,EMEA,Media,STARTER,Annual,3,USD,1470.00,0,Paid,Credit Card,03/18/2021,2022-11-01,false,5,0
INV-100660,ACC-5364,Stark Industries,billing@stark.com,APAC,Energy,Enterprise,annually,250,USD,"$747,500.00",0,failed,credit_card,Nov 2 2023,2024-03-10,1,5,1
INV-104403,ACC-4486,Pied Piper Labs,billing@pied.com,EMEA,Fintech,Enterprise,Monthly,5,USD,"$1,495.00",0,error,Wire Transfer,07/01/2023,04/18/2024,No,3,3
INV-101850,ACC-2255,Globex LLC,billing@globex.com,NA,Retail,Tier 2,Annual,3,EUR,3207.60,0,pending,wire,2023-02-22,2025/09/16,0,5,0
INV-101864,ACC-7230,Oscorp Ltd,billing@oscorp.com,EMEA,Travel,starter,monthly,50,USD,"$1,960.00",20,Paid,Wire Transfer,2021-01-18,2021-02-20,0,3,0
INV-101284,ACC-4768,Tyrell Partners,,LATAM,Gaming,Tier 3,Monthly,1,EUR,€322.92,0,completed,,2021/02/27,2023-10-03,No,4,0
INV-100412,ACC-7737,Stark Industries,billing@stark.com,EMEA,Gaming,Start,annually,50,GBP,"£31,115.00",0,success,Wire Transfer,2024-07-27,11/12/2026,true,5,0
INV-101832,ACC-1851,Pied Piper Inc,billing@pied.com,APAC,Logistics,enterprise,Monthly,5,GBP,1898.65,0,PAID,ACH,02-01-2021,Jun 29 2022,FALSE,5,0
INV-101320,ACC-6418,Pied Piper Co,billing@pied.com,EMEA,Fintech,STARTER,annual,250,USD,"91,875.00 USD",25,PAID,Wire Transfer,09/01/2024,29-09-2024,0,4,0
INV-104476,ACC-6799,Globex Inc,billing@globex.com,EMEA,Healthcare,starter,Monthly,5,GBP,311.15 GBP,0,awaiting,invoice,02/18/2023,2024-03-11,No,3,0
INV-102556,ACC-5776,Oscorp Corp,billing@oscorp.com,NA,Healthcare,ENT,Annual,100,USD,269100.00,10,Complete,,2024-03-18,2026-09-08,No,1,0
INV-104117,ACC-9362,Globex LLC,billing@globex.com,EMEA,Energy,starter,annually,10,USD,"$4,900.00",0,completed,invoice,01/03/2022,07/27/2022,No,5,1
INV-103531,ACC-3765,Cyberdyne Inc,billing@cyberdyne.com,EMEA,Energy,Enterprise,annual,25,USD,63537.50,15,success,invoice,Sep 18 2022,03/03/2025,No,5,8
INV-101634,ACC-7685,Aperture LLC,billing@aperture.com,NA,Gaming,enterprise ,Annual,3,GBP,11391.90,0,Complete,invoice,Dec 3 2021,29-09-2022,No,4,2
INV-102390,ACC-9040,Wonka Corp,billing@wonka.com,LATAM,Healthcare,pro,Annual,5,USD,3712.50,25,PENDING,wire,07/20/2021,02-11-2021,0,4,0
INV-101160,ACC-1661,Tyrell Inc,billing@tyrell.com,APAC,Fintech,STARTER,monthly,5,USD,245.00,0,cancelled,,2022-04-08,2022-06-06,false,4,0
INV-103229,ACC-8545,Dunder Labs,billing@dunder.com,EMEA,Energy,PRO,monthly,10,USD,$990.00,0,completed,ACH,2023-09-27,11/01/2025,N,1,0
INV-104076,ACC-3144,Vandelay Partners,billing@vandelay.com,APAC,Healthcare,pro,annually,10,GBP,12573.00,0,FAILED,Wire Transfer,06/29/2023,05/17/2024,N,1,2
INV-100415,ACC-8518,Wayne Holdings,billing@wayne.com,LATAM,Education,STARTER,annually,100,USD,"$49,000.00",0,Complete,Credit Card,09/17/2023,07/04/2024,false,5,0
INV-104657,ACC-8696,Oscorp Co,billing@oscorp.com,APAC,Education,starter,Monthly,100,USD,"$4,410.00",10,Void,credit_card,2022/04/24,06/11/2024,FALSE,5,0
INV-104503,ACC-3528,Pied Piper Inc,billing@pied.com,NA,Manufacturing,Start,annually,250,GBP,155575.00,0,Complete,credit_card,2021-12-01,2023-02-09,true,5,8
INV-102328,ACC-3896,Aperture LLC,billing@aperture.com,EMEA,Manufacturing,STARTER,annual,5,GBP,3111.50,0,canceled,credit_card,09/25/2021,2022-08-10,TRUE,3,2
INV-102176,ACC-1196,Pied Piper Partners,billing_at_pied.com,NA,Fintech,Enterprise ,annual,250,GBP,854392,10,Complete,wire,2023-04-29,2024-07-08,false,3,0
INV-103776,ACC-7769,Globex Co,billing@globex.com,LATAM,Energy,Enterprise,monthly,10,USD,2990,0,paid,ach,09/26/2024,03/20/2025,N,5,0
INV-101631,ACC-6453,Hooli Partners,billing@hooli.com,NA,Media,Tier 2,Monthly,250,EUR,26730.00,0,Pending,ACH,2023-04-22,Nov 21 2023,N,5,0
INV-101285,ACC-9066,Stark Co,,EMEA,Education,STARTER,yearly,10,USD,4900.00,0,paid,,2022-08-02,2024-11-05,TRUE,4,0
INV-103755,ACC-8032,Massive Dynamic Holdings,billing@massive.com,APAC,Education,Tier 1,Annual,10,USD,4900.00,0,FAILED,wire,26-03-2022,2022-06-02,0,2,0
INV-104205,ACC-1897,Tyrell Holdings,billing@tyrell.com,NA,Manufacturing,enterprise ,annual,5,EUR,13724.10,15,PAID,credit_card,2023-07-09,2025-09-01,false,2,0
INV-101659,ACC-9733,Pied Piper Partners,billing@pied.com,APAC,Energy,Pro ,Monthly,3,USD,297.00 USD,0,Complete,ach,2024-07-30,01/06/2027,No,4,2
INV-102572,ACC-3628,Cyberdyne Co,billing@cyberdyne.com,LATAM,Travel,Tier 3,Annual,1,USD,"$2,990.00",0,success,Credit Card,01/19/2022,02/13/2024,N,,0
INV-101594,ACC-2040,Tyrell Inc,billing@tyrell.com,LATAM,Manufacturing,starter,annual,5,GBP,2800.35,10,PAID,,08-08-2022,03/24/2025,0,,0
INV-100857,ACC-1278,Prestige Labs,billing@prestige.com,LATAM,Retail,pro,annual,25,EUR,"€26,730.00",0,Paid,Wire Transfer,2021/04/04,09/24/2023,N,4,8
INV-103634,ACC-9435,Tyrell Holdings,billing@tyrell.com,EMEA,Gaming,Starter,Monthly,10,EUR,529.20,0,Complete,invoice,10/16/2022,2024-09-09,TRUE,4,1
INV-103398,ACC-5046,Aperture Industries,billing@aperture.com,APAC,Manufacturing,PRO,monthly,10,GBP,"1,005.84 GBP",20,completed,,2024-02-26,2025-04-19,No,4,0
INV-101276,ACC-9456,Globex Co,billing@globex.com,NA,Retail,Pro ,yearly,50,USD,49500.00,0,completed,credit_card,Apr 18 2024,2026-11-23,N,3,2
INV-103687,ACC-7588,Aperture Labs,billing@aperture.com,LATAM,Media, Starter ,Monthly,3,USD,$132.30,10,completed,Credit Card,2022-11-22,2023/08/10,TRUE,,0
INV-102755,ACC-6043,Cyberdyne Industries,billing@cyberdyne.com,NA,Travel, Starter ,Monthly,25,USD,1225.00,0,PAID,ACH,2022-03-28,2024-03-12,N,,1
INV-100164,ACC-8901,Prestige Inc,billing@prestige.com,NA,Gaming,STARTER,yearly,100,USD,"49,000.00 USD",0,awaiting,ACH,03/31/2022,2024-05-07,N,1,1
INV-102646,ACC-6870,Prestige Partners,billing@prestige.com,NA,Manufacturing,PRO,Monthly,25,USD,"$-2,475.00",0,refunded,ach,2024-04-29,2024/09/24,FALSE,4,3
INV-101884,ACC-5931,Pied Piper Inc,billing@pied.com,LATAM,Healthcare,pro,yearly,250,USD,"$247,500.00",0,completed,Credit Card,2023-10-03,2024-10-22,Y,3,1
INV-101446,ACC-5885,Cyberdyne Industries,billing@cyberdyne.com,LATAM,,Tier 2,annual,1,GBP,1257.30,0,awaiting,ach,2024-05-16,12/24/2026,true,4,0
INV-103281,ACC-1516,Wonka Co,billing@wonka.com,EMEA,Energy,enterprise,yearly,10,USD,"$29,900.00",0,success,ACH,01/08/2021,2022-10-24,Y,5,0
INV-101018,ACC-8181,Globex LLC,billing@globex.com,NA,Logistics,Professional,annual,100,USD,"$99,000.00",0,completed,invoice,2023-12-20,11/04/2024,No,2,2
INV-100188,ACC-4314,Massive Dynamic Ltd,billing@massive.com,NA,Fintech,ENT,Monthly,250,GBP,"94,932.50 GBP",0,Void,credit_card,2024/03/02,Sep 27 2026,1,2,0
INV-101448,ACC-3564,Tyrell Industries,billing@tyrell.com,EMEA,Travel, Starter ,Annual,25,USD,"$12,250.00",0,Complete,Wire Transfer,15-06-2023,12/31/2023,1,3,0
INV-101769,ACC-9519,Umbrella Ltd,billing@umbrella.com,NA,Energy,Start,annually,100,USD,"$49,000.00",0,PAID,,Jul 20 2024,07/15/2025,No,5,0
INV-100503,ACC-4117,Cyberdyne Ltd,billing_at_cyberdyne.com,EMEA,Logistics,starter,yearly,1,USD,490.00 USD,0,Complete,ACH,2023-08-10,2024-11-15,TRUE,4,5
INV-102087,ACC-3708,Oscorp Ltd,billing@oscorp.com,EMEA,Gaming,Start,Monthly,3,GBP,149.35,20,Paid,Credit Card,Jan 21 2024,Jun 8 2025,FALSE,5,3
INV-103903,ACC-3512,Nakatomi Corp,billing@nakatomi.com,LATAM,,Start,annual,5,USD,2450.00,0,PENDING,Credit Card,05/20/2024,2026-06-14,Y,5,8
INV-101265,ACC-8855,Acme Co,billing@acme.com,NA,Manufacturing, Starter ,annually,250,USD,122500.00,0,Complete,Wire Transfer,Dec 11 2022,2024-03-22,N,4,0
INV-100369,ACC-6268,Vandelay Co,billing@vandelay.com,LATAM,Logistics,Tier 3,annually,3,USD,8970.00,0,paid,credit_card,2024/05/29,01/22/2027,No,2,0
INV-100409,ACC-6157,Dunder LLC,billing@dunder.com,EMEA,Manufacturing,Enterprise,Monthly,50,USD,14950.00,0,success,ACH,2024/07/23,2026-04-26,TRUE,3,0
INV-101090,ACC-2832,Acme Partners,,EMEA,Retail,enterprise ,monthly,50,USD,-14950.00,0,charged_back,wire,2024-02-18,2025-06-14,false,4,0
INV-103902,ACC-3898,Vandelay Co,billing@vandelay.com,APAC,Education,enterprise ,yearly,3,USD,8970.00,0,PAID,Credit Card,05-11-2023,2024-08-14,false,5,2
INV-102849,ACC-1810,Gekko Partners,billing@gekko.com,NA,Education,STARTER,yearly,10,USD,4900.00,0,success,ach,2021-08-30,04/09/2022,N,,1
INV-103688,ACC-1538,Initech Group,billing@initech.com,LATAM,Education,Enterprise,Monthly,5,USD,1495.00,0,paid,,14-03-2024,2026/08/16,Yes,4,0
INV-102051,ACC-5420,Massive Dynamic LLC,billing@massive.com,EMEA,Logistics,Tier 1,yearly,5,EUR,"€2,116.80",20,paid,ach,2021-09-28,2022/05/02,false,4,2
INV-103484,ACC-1821,Stark Labs,billing@stark.com,EMEA,Education,Professional,annually,25,USD,22275.00,10,success,credit_card,Feb 2 2022,12/26/2022,1,3,0
INV-103707,ACC-5760,Tyrell Holdings,billing@tyrell.com,EMEA,Energy, Starter ,annual,5,USD,2450.00,0,error,Credit Card,2021-06-23,04/14/2023,FALSE,1,0
INV-100630,ACC-2113,Wonka Ltd,billing@wonka.com,APAC,Travel,Tier 3,Monthly,10,USD,2990,0,void,invoice,2021/12/19,01/31/2022,0,5,1
INV-100656,ACC-5401,Aperture Labs,billing@aperture.com,APAC,Travel,Starter,annually,50,EUR,19845.00,25,Pending,credit_card,2021-01-04,04/11/2023,FALSE,4,0
INV-104113,ACC-6225,Umbrella Inc,billing@umbrella.com,NA,Manufacturing,Starter,annually,10,USD,4900.00,0,completed,,06/01/2024,2024-10-14,N,3,2
INV-104614,ACC-8671,Vandelay Partners,billing@vandelay.com,NA,Fintech,Tier 3,Monthly,250,USD,"$67,275.00",10,pending,Wire Transfer,Apr 13 2021,2023-06-30,No,2,1
INV-102300,ACC-7104,Oscorp Partners,billing@oscorp.com,NA,Media,Starter,annually,100,EUR,"€47,628.00",10,cancelled,ach,Apr 15 2022,2023/05/20,FALSE,5,0
INV-100251,ACC-4571,Wonka Labs,billing@wonka.com,EMEA,Media,starter,yearly,10,USD,-4900,0,refunded,Wire Transfer,02/07/2023,2025-01-23,No,,5
INV-102905,ACC-4420,Globex Industries,billing@globex.com,APAC,Media,Pro,Monthly,10,EUR,908.82,15,failed,invoice,2021-07-12,04/20/2023,N,5,0
INV-101356,ACC-6245,Cyberdyne Co,billing@cyberdyne.com,APAC,Fintech, Starter ,annual,250,EUR,"€112,455.00",15,completed,credit_card,2023-02-08,01/30/2025,FALSE,,2
INV-100855,ACC-9896,Umbrella Inc,billing@umbrella.com,LATAM,Gaming,starter,Monthly,50,USD,2450.00,0,Complete,Wire Transfer,Oct 15 2022,2024-11-03,FALSE,5,0
INV-104405,ACC-3888,Wonka Partners,billing@wonka.com,NA,Energy,Professional,Annual,250,USD,247500.00,0,paid,Credit Card,2023/07/31,Jan 28 2026,N,3,0
INV-102322,ACC-7959,Vandelay LLC,billing@vandelay.com,EMEA,Retail,Pro ,annual,50,USD,"49,500.00 USD",0,Paid,invoice,2024-04-15,May 1 2024,N,,2
INV-104681,ACC-7668,Acme Labs,billing@acme.com,NA,Healthcare,Pro,Annual,5,USD,4950.00,0,Paid,invoice,03/28/2023,2023-07-03,N,5,0
INV-102971,ACC-2299,Massive Dynamic LLC,billing@massive.com,NA,Travel,Professional,yearly,1,USD,990.00,0,completed,Credit Card,2024-09-03,Sep 26 2024,N,2,1
INV-101050,ACC-2350,Pied Piper Co,billing@pied.com,NA,,enterprise,monthly,1,USD,-299,0,REFUND,credit_card,2022-04-29,2023/06/15,0,,2
INV-103212,ACC-1243,Tyrell Co,billing@tyrell.com,NA,Gaming,Tier 2,Monthly,3,EUR,320.76,0,PAID,credit_card,2021/06/08,09/24/2022,0,3,1
INV-101097,ACC-8850,Massive Dynamic Partners,billing@massive.com,APAC,Fintech,Tier 2,annual,5,USD,"$3,960.00",20,cancelled,invoice,03/28/2022,2022-10-30,No,5,5
INV-104330,ACC-8328,Oscorp Partners,billing@oscorp.com,LATAM,Fintech,Tier 1,yearly,5,GBP,"2,644.78 GBP",15,PAID,Wire Transfer,09-10-2021,11/13/2021,1,5,0
INV-104399,ACC-7896,Wonka LLC,billing@wonka.com,EMEA,Healthcare,Starter,Monthly,250,USD,9800,20,success,wire,2023-11-01,2024-11-06,false,4,0
INV-101280,ACC-2527,Vandelay Inc,billing@vandelay.com,NA,,PRO,monthly,10,USD,990.00,0,PAID,ach,Feb 1 2023,05/11/2023,FALSE,2,0
INV-101751,ACC-4300,Vandelay Industries,billing@vandelay.com,NA,Media,Enterprise,monthly,25,EUR,7265.70,10,Complete,wire,2022-09-24,08/17/2024,No,5,8
INV-103253,ACC-4025,Soylent Industries,billing@soylent.com,APAC,Education,Starter,Monthly,25,USD,1225.00,0,Paid,,2021/07/27,04-05-2023,N,,2
INV-103694,ACC-5091,Massive Dynamic Ltd,billing@massive.com,EMEA,Energy,PRO,monthly,50,USD,4950.00,0,Complete,Wire Transfer,Jun 28 2024,2025-11-10,TRUE,4,0
INV-103994,ACC-3118,Acme Co,billing@acme.com,NA,Manufacturing,enterprise ,Monthly,25,USD,6353.75,15,paid,credit_card,2022/10/13,2023-08-02,N,5,0
INV-100385,ACC-4288,Acme Co,billing@acme.com,EMEA,Manufacturing,Starter,monthly,5,USD,208.25,15,paid,,Jun 28 2023,08/01/2024,1,2,0
INV-102780,ACC-4095,Cyberdyne Group,billing@cyberdyne.com,NA,Manufacturing,Start,monthly,10,USD,$490.00,0,completed,Wire Transfer,2021-06-23,2022/06/27,0,5,8
INV-104522,ACC-1231,Cyberdyne Partners,billing@cyberdyne.com,APAC,Manufacturing,ENT,monthly,250,USD,-74750,0,Refunded,ACH,2023-03-03,2025/04/21,No,3,8
INV-101336,ACC-8406,Stark Labs,billing@stark.com,NA,Healthcare,Pro,monthly,1,USD,99.00,0,success,ACH,03/24/2021,03/06/2022,0,3,1
INV-100641,ACC-7485,Wonka Partners,billing@wonka.com,EMEA,Retail,Tier 2,yearly,100,USD,"$99,000.00",0,pending,Wire Transfer,2024-04-19,Jan 11 2025,false,1,0
INV-100327,ACC-8472,Hooli Labs,billing@hooli.com,EMEA,Logistics,STARTER,monthly,50,USD,2205.00,10,Pending,credit_card,29-02-2024,2026-01-02,No,5,0
INV-104949,ACC-7742,Oscorp Industries,billing@oscorp.com,LATAM,Media,starter,monthly,10,USD,490.00,0,Complete,wire,2022-03-15,07-10-2024,No,1,1
INV-103251,ACC-7431,Prestige Co,billing@prestige.com,LATAM,Retail,Pro,monthly,10,EUR,962.28,10,PAID,wire,2024-09-19,08-03-2026,false,3,0
INV-104847,ACC-5737,Tyrell Group,billing@tyrell.com,LATAM,Media,Professional,Monthly,10,EUR,"€1,069.20",0,completed,wire,2023-11-04,2024-04-23,false,,0
INV-103414,ACC-3917,Dunder Group,billing@dunder.com,NA,Logistics,Enterprise,yearly,25,USD,"$74,750.00",0,Complete,,11/25/2023,03/30/2025,FALSE,5,0
INV-103974,ACC-5518,Aperture LLC,billing@aperture.com,LATAM,Healthcare,Pro ,monthly,100,GBP,12573.00,0,completed,Credit Card,2021/10/28,03/21/2024,FALSE,,0
INV-102006,ACC-7173,Dunder Labs,billing@dunder.com,NA,Retail,STARTER,annually,250,EUR,99225.00,25,success,invoice,05/14/2024,2026-11-30,FALSE,5,0
INV-101501,ACC-3434,Initech Corp,billing@initech.com,APAC,Gaming,STARTER,monthly,3,USD,147.00 USD,0,paid,Credit Card,2022-11-04,2023-05-15,FALSE,1,3
INV-101967,ACC-9904,Prestige LLC,billing@prestige.com,LATAM,Retail,Pro ,yearly,250,USD,210375.00,15,PAID,Credit Card,2021-07-27,2022-03-15,false,2,2
INV-104451,ACC-9977,Dunder Group,billing@dunder.com,EMEA,Energy,Start,monthly,1,USD,49.00 USD,0,Complete,ACH,2023-07-18,2024/03/15,TRUE,3,0
INV-103876,ACC-8601,Nakatomi Corp,billing@nakatomi.com,EMEA,Healthcare,pro,annual,3,USD,2524.50,15,VOID,credit_card,2022/05/21,2023-09-27,false,3,0
INV-104710,ACC-8157,Cyberdyne Corp,billing@cyberdyne.com,APAC,Manufacturing,Pro,monthly,10,USD,-990.00,0,REFUND,credit_card,2022-07-09,2023-04-20,0,3,1
INV-101321,ACC-5860,Initech Industries,billing@initech.com,LATAM,Education,Pro ,annual,10,USD,7425.00,25,PAID,Wire Transfer,May 20 2021,2023-09-04,0,,2
INV-104108,ACC-2955,Gekko Holdings,billing@gekko.com,LATAM,Travel,Starter,monthly,3,USD,132.30,10,success,Wire Transfer,2021-10-17,Feb 8 2023,false,4,0
INV-103785,ACC-4371,Vandelay LLC,billing@vandelay.com,EMEA,,Tier 2,monthly,3,USD,297,0,paid,ACH,05/09/2021,04/10/2022,FALSE,5,0
INV-104176,ACC-8353,Cyberdyne Partners,billing@cyberdyne.com,EMEA,Retail,Tier 2,Monthly,5,EUR,534.60 EUR,0,PAID,credit_card,Dec 31 2022,2024-12-24,No,2,5
INV-103742,ACC-2600,Hooli Holdings,billing@hooli.com,NA,Manufacturing,PRO,monthly,10,USD,990.00,0,FAILED,invoice,2022-03-30,12/08/2024,false,4,0
INV-103287,ACC-7990,Pied Piper Corp,billing@pied.com,LATAM,Travel,Pro ,Monthly,100,GBP,12573.00,0,in_review,,01/24/2024,06/03/2025,N,3,1
INV-101234,ACC-1342,Tyrell Partners,billing@tyrell.com,NA,Energy,starter,monthly,100,USD,"3,675.00 USD",25,paid,Wire Transfer,2022-08-17,2023-03-25,false,,2
INV-104958,ACC-5406,Gekko Partners,billing@gekko.com,LATAM,Media,Tier 1,yearly,3,GBP,"£1,866.90",0,paid,Credit Card,Apr 21 2024,2024-07-04,FALSE,5,0
INV-100483,ACC-7623,Pied Piper Group,billing@pied.com,EMEA,Energy,Starter,monthly,100,USD,4900.00,0,completed,invoice,2023-12-26,2025-06-12,0,,0
INV-102853,ACC-7454,Globex LLC,billing@globex.com,EMEA,Retail,STARTER,annually,5,USD,"$2,450.00",0,Complete,ACH,2023/09/07,2026-05-07,false,4,5
INV-103489,ACC-2674,Tyrell Holdings,billing@tyrell.com,LATAM,Fintech,starter,annually,10,USD,3920.00,20,PENDING,ACH,Jan 21 2022,01/25/2023,false,5,0
INV-102567,ACC-8546,Dunder LLC,billing@dunder.com,NA,Manufacturing,Pro ,yearly,10,USD,8415.00,15,PAID,ach,2022-08-15,Feb 16 2025,Y,5,0
INV-101615,ACC-6527,Prestige Labs,,LATAM,Energy,Enterprise,monthly,250,EUR,68620.50,15,Paid,ach,2021/03/29,2023-08-16,N,3,0
INV-104017,ACC-9409,Nakatomi Ltd,billing@nakatomi.com,NA,Healthcare,Starter,annual,5,USD,2450,0,Complete,Credit Card,04-04-2021,Jun 29 2022,0,4,0
INV-102682,ACC-3795,Initech Industries,billing@initech.com,LATAM,Fintech,Pro,Monthly,3,USD,297.00 USD,0,cancelled,credit_card,2021-02-12,06/29/2023,0,5,0
INV-100000,ACC-5506,Umbrella Inc,billing@umbrella.com,APAC,Retail,starter,Monthly,3,USD,147.00,0,Paid,invoice,2021-02-24,2022-09-21,No,,0
INV-100313,ACC-9735,Wayne Ltd,billing_at_wayne.com,EMEA,,Professional,annual,10,USD,8415.00,15,PAID,invoice,07/05/2022,08/09/2024,0,4,0
INV-101791,ACC-4772,Initech Labs,billing@initech.com,APAC,Healthcare,enterprise,yearly,25,USD,63537.50,15,PENDING,ACH,03/09/2022,2022-11-12,0,5,0
INV-101211,ACC-6962,Gekko Holdings,billing_at_gekko.com,NA,Retail,Tier 2,annual,250,USD,"$247,500.00",0,Void,Wire Transfer,2023-10-23,2025-01-21,1,5,0
INV-103558,ACC-9514,Stark Partners,billing@stark.com,LATAM,Energy,Start,yearly,100,USD,44100.00,10,Complete,credit_card,2024-03-15,07/19/2025,N,,2
INV-100800,ACC-1162,Cyberdyne Industries,billing@cyberdyne.com,EMEA,Media,STARTER,monthly,10,USD,490,0,Paid,Wire Transfer,04/12/2021,2022-09-23,FALSE,5,0
INV-103056,ACC-6586,Globex Partners,billing@globex.com,NA,Healthcare,Enterprise,Monthly,10,USD,"2,541.50 USD",15,success,ach,2023-04-09,2023-12-05,No,1,3
INV-102399,ACC-3322,Initech Inc,billing@initech.com,APAC,,Professional,monthly,10,USD,990.00,0,Void,ACH,2024-08-21,2025-10-28,Yes,3,3
INV-104319,ACC-3763,Massive Dynamic Corp,billing@massive.com,APAC,Manufacturing,Start,Monthly,25,USD,"1,225.00 USD",0,success,ACH,2023-12-02,2024-01-16,No,,0
INV-103297,ACC-8625,Oscorp LLC,billing@oscorp.com,LATAM,Manufacturing,Start,Annual,10,GBP,"£4,667.25",25,PAID,wire,2024-07-09,2026-07-31,0,3,0
INV-100197,ACC-4478,Cyberdyne Industries,billing@cyberdyne.com,NA,Fintech,starter,annual,10,USD,"4,410.00 USD",10,PAID,,Aug 22 2021,2023/07/25,FALSE,4,1
INV-102036,ACC-3710,Oscorp LLC,billing@oscorp.com,NA,Retail,Professional,Monthly,50,EUR,"€4,009.50",25,Complete,ACH,2022/06/29,2023-05-13,1,4,0
INV-102030,ACC-9551,Umbrella LLC,billing@umbrella.com,LATAM,Media,Tier 2,annual,25,USD,24750.00,0,in_review,Credit Card,2024-04-04,03/13/2025,Yes,,2
INV-102479,ACC-2982,Oscorp Group,billing@oscorp.com,LATAM,Healthcare,Starter,monthly,25,USD,1225.00,0,completed,credit_card,2024-07-03,2026-12-02,N,,0
INV-102244,ACC-4197,Wonka Co,billing@wonka.com,APAC,Energy,Professional,Monthly,25,USD,2475.00,0,VOID,credit_card,2022-06-23,09/04/2023,N,,5
INV-101011,ACC-6970,Soylent Ltd,billing@soylent.com,NA,Fintech,pro,annually,3,EUR,3207.60,0,Failed,ach,Feb 10 2021,2022-12-31,0,4,0
INV-103023,ACC-4902,Umbrella LLC,billing@umbrella.com,NA,Gaming,Tier 1,yearly,50,EUR,26460,0,Complete,Wire Transfer,08/12/2023,06/17/2025,true,,8
INV-103945,ACC-8778,Massive Dynamic Partners,billing@massive.com,EMEA,Media, Starter ,yearly,50,USD,"$24,500.00",0,completed,credit_card,2024-04-29,2024-08-11,0,1,2
INV-100858,ACC-4483,Stark LLC,billing@stark.com,APAC,Healthcare,Tier 1,annual,1,EUR,449.82,15,Complete,wire,03/25/2024,2026-09-09,false,4,0
INV-100181,ACC-6827,Globex Co,billing@globex.com,NA,Travel,STARTER,monthly,25,USD,1225.00,0,completed,invoice,2022-03-22,2024-04-11,Yes,4,2
INV-101504,ACC-2002,Vandelay Co,billing@vandelay.com,APAC,Logistics,Tier 2,Annual,10,USD,9900.00,0,PAID,ACH,Sep 27 2023,Mar 18 2026,N,1,1
INV-102528,ACC-5474,Pied Piper Group,billing@pied.com,LATAM,Fintech,STARTER,yearly,10,GBP,4978.40,20,Complete,invoice,2024-10-16,2025-04-26,N,3,0
INV-103115,ACC-2717,Globex Labs,billing@globex.com,EMEA,Logistics,PRO,yearly,25,EUR,26730.00,0,PENDING,credit_card,08/19/2021,2021-08-22,No,5,0
INV-104131,ACC-2167,Tyrell Co,billing@tyrell.com,NA,Energy,Start,Annual,100,USD,49000.00,0,Paid,wire,2024-05-12,2024-07-06,TRUE,4,1
INV-103609,ACC-6306,Hooli Group,billing@hooli.com,LATAM,Energy, Starter ,monthly,250,USD,-11025.00,10,REFUND,ach,2023-12-31,2024-04-30,0,4,0
INV-101585,ACC-4549,Stark Corp,billing@stark.com,EMEA,Education,PRO,Monthly,50,GBP,"6,286.50 GBP",0,Paid,credit_card,2024-08-31,2026-12-28,false,4,1
INV-104379,ACC-3317,Globex Industries,billing@globex.com,APAC,Healthcare,pro,Monthly,50,USD,3712.50,25,FAILED,wire,01/29/2022,2024-04-30,FALSE,2,2
INV-104491,ACC-5225,Oscorp Partners,billing@oscorp.com,NA,Gaming,Pro ,Monthly,50,GBP,6286.50,0,Paid,credit_card,2022/05/09,2023-07-29,false,3,1
INV-101317,ACC-8314,Hooli Holdings,billing@hooli.com,LATAM,Healthcare,starter,monthly,3,USD,-147.00 USD,0,refunded,Credit Card,2023/06/24,2024-06-12,FALSE,5,0
INV-101373,ACC-3870,Wayne Co,billing@wayne.com,APAC,Retail,Pro ,Monthly,10,GBP,1257.30,0,completed,ach,2021-01-21,08/06/2021,false,5,0
INV-101852,ACC-9491,Hooli LLC,billing@hooli.com,EMEA,Education,pro,annual,25,USD,24750,0,PAID,ACH,2022-11-05,11/07/2022,No,3,0
INV-100174,ACC-1691,Cyberdyne Corp,billing@cyberdyne.com,EMEA,Media,Tier 2,Monthly,250,USD,19800.00,20,PAID,ach,2024-09-27,2025-05-08,0,3,0
INV-100604,ACC-4213,Dunder Partners,billing@dunder.com,LATAM,Education, Starter ,annual,1,USD,441.00,10,success,,01/26/2023,2023-03-20,false,1,3
INV-103493,ACC-4292,Wonka Industries,billing@wonka.com,APAC,Retail,Tier 3,monthly,25,USD,"$7,475.00",0,PAID,invoice,01/09/2024,2025-03-26,N,5,8
INV-103337,ACC-3924,Vandelay Holdings,billing@vandelay.com,EMEA,Fintech,Tier 1,monthly,50,EUR,2116.80,20,completed,credit_card,2021/12/22,2023/07/06,N,2,0
INV-101435,ACC-9014,Aperture Ltd,billing@aperture.com,APAC,Energy,Tier 2,monthly,10,EUR,1069.20,0,FAILED,invoice,07/05/2024,13-06-2026,FALSE,5,0
INV-103885,ACC-9695,Wayne Ltd,billing@wayne.com,NA,Healthcare,Tier 1,annual,250,USD,"$98,000.00",20,Complete,Wire Transfer,27-11-2021,2022-02-14,0,5,0
INV-102470,ACC-5505,Prestige Inc,billing@prestige.com,NA,Healthcare,Start,annual,10,EUR,4234,20,Complete,credit_card,11-07-2023,2026-03-14,N,5,0
INV-100881,ACC-3936,Tyrell Holdings,billing_at_tyrell.com,APAC,Fintech,pro,annual,1,USD,$742.50,25,Paid,Credit Card,2023-06-04,2025-11-15,0,4,0
INV-101805,ACC-2819,Globex Co,billing@globex.com,NA,Healthcare,pro,monthly,3,EUR,320.76 EUR,0,Complete,credit_card,2024-03-11,Aug 26 2024,N,2,3
INV-101325,ACC-3553,Gekko Ltd,billing@gekko.com,EMEA,Logistics,Start,yearly,50,USD,24500.00,0,Pending,Wire Transfer,2021-01-10,2022-12-07,0,4,0
INV-102585,ACC-9780,Pied Piper Partners,billing@pied.com,APAC,Logistics,pro,monthly,100,USD,"$9,900.00",0,Failed,,Jan 17 2023,2023-03-31,Yes,5,1
INV-103381,ACC-1658,Dunder Inc,billing@dunder.com,APAC,Healthcare,STARTER,Monthly,50,USD,1837.50,25,PAID,invoice,2021/01/16,03-10-2021,FALSE,5,0
INV-101922,ACC-7223,Nakatomi Inc,billing@nakatomi.com,NA,Manufacturing,enterprise ,Annual,1,USD,-2990.00,0,REFUND,credit_card,02-09-2024,18-08-2026,FALSE,4,5
INV-100909,ACC-4625,Acme Labs,,EMEA,Retail,ENT,monthly,1,EUR,€322.92,0,completed,credit_card,2023-12-25,2026-03-02,FALSE,4,1
INV-103724,ACC-3025,Dunder Inc,billing@dunder.com,EMEA,Retail,Tier 1,Monthly,5,USD,$-245.00,0,REFUND,ACH,12/12/2021,01/21/2022,No,4,0
INV-103105,ACC-5118,Tyrell Industries,billing@tyrell.com,APAC,,Start,monthly,5,EUR,264.60,0,paid,credit_card,Oct 15 2024,10/28/2024,1,5,0
INV-103711,ACC-1052,Cyberdyne Holdings,billing@cyberdyne.com,LATAM,Fintech,pro,annual,10,USD,7425.00,25,completed,Wire Transfer,01/13/2024,2025-10-28,0,5,0
INV-103001,ACC-7955,Wonka Labs,billing@wonka.com,LATAM,Logistics,Professional,Monthly,3,USD,297.00 USD,0,PAID,Wire Transfer,2022-08-26,2023-12-13,Yes,4,2
INV-103614,ACC-1592,Cyberdyne Group,billing@cyberdyne.com,EMEA,Retail,enterprise ,Monthly,250,USD,74750,0,success,Credit Card,Nov 3 2021,06/06/2022,TRUE,,0
INV-102984,ACC-8515,Acme Industries,billing@acme.com,APAC,,enterprise,annual,50,GBP,"£189,865.00",0,Paid,credit_card,2024-05-22,05/13/2025,FALSE,3,0
INV-102141,ACC-7315,Aperture Group,billing@aperture.com,NA,Manufacturing,pro,monthly,50,USD,"$4,207.50",15,success,ACH,Dec 27 2021,2022-07-30,N,4,5
INV-104745,ACC-6331,Pied Piper Corp,billing@pied.com,NA,Manufacturing,pro,Monthly,250,USD,"$24,750.00",0,Complete,ach,04/13/2023,10/27/2025,0,3,1
INV-103598,ACC-4290,Umbrella Group,billing@umbrella.com,NA,Media,Pro,yearly,10,EUR,"€9,088.20",15,PAID,ach,08/06/2021,2023-09-24,false,5,0
INV-102768,ACC-8505,Cyberdyne Holdings,billing@cyberdyne.com,NA,Energy,Starter,Monthly,50,EUR,-2646.00,0,charged_back,invoice,2021-02-04,Aug 29 2023,0,2,1
INV-102314,ACC-4773,Stark Industries,,APAC,Logistics,Pro ,yearly,5,USD,"$4,950.00",0,success,ACH,2024-10-25,Jan 7 2027,N,2,0
INV-103186,ACC-1619,Prestige Labs,billing@prestige.com,LATAM,Energy,PRO,Monthly,250,USD,22275.00,10,completed,wire,2023-12-28,2026-07-25,FALSE,2,0
INV-101395,ACC-4445,Aperture Holdings,billing@aperture.com,EMEA,Education,Start,monthly,1,USD,49.00,0,PAID,ach,2021-12-29,06/15/2023,0,,0
INV-100333,ACC-6808,Hooli Labs,billing@hooli.com,APAC,Logistics,Start,monthly,100,USD,-4900.00,0,charged_back,wire,2023-09-26,2023-10-03,1,4,0
INV-100875,ACC-3097,Globex Corp,billing@globex.com,NA,Energy, Starter ,annual,10,USD,"$3,675.00",25,cancelled,Wire Transfer,2024-02-09,2024-09-22,0,5,0
INV-100559,ACC-1532,Cyberdyne LLC,billing@cyberdyne.com,EMEA,Media,Pro ,Monthly,25,USD,2103.75,15,paid,Credit Card,23-04-2021,2023-12-10,0,3,0
INV-102085,ACC-9847,Stark LLC,billing@stark.com,APAC,Media, Starter ,monthly,1,USD,49.00,0,completed,Wire Transfer,2022/02/12,2022-10-06,No,3,5
INV-104180,ACC-1758,Nakatomi Group,billing@nakatomi.com,APAC,Logistics,enterprise,Annual,100,USD,299000,0,success,ACH,2021/05/24,2023-06-29,FALSE,4,5
INV-102210,ACC-7273,Nakatomi Inc,billing@nakatomi.com,APAC,Energy,Starter,yearly,25,EUR,9922.50,25,success,credit_card,2023-08-23,04/03/2026,FALSE,5,3
INV-100541,ACC-7493,Soylent Holdings,billing@soylent.com,NA,Media,Starter,annually,10,USD,4900.00,0,Complete,invoice,Feb 24 2022,Jun 13 2023,true,1,0
INV-102014,ACC-9311,Pied Piper Co,billing@pied.com,APAC,Retail,pro,Monthly,10,EUR,"€1,069.20",0,PAID,ach,07-06-2023,2024/03/14,false,2,0
INV-104652,ACC-6592,Dunder Ltd,billing@dunder.com,LATAM,,Enterprise ,Annual,10,USD,"$29,900.00",0,PAID,credit_card,2023-07-01,03/06/2026,TRUE,3,5
INV-103216,ACC-2786,Acme Ltd,,APAC,,Enterprise ,annual,10,USD,"$29,900.00",0,Complete,,2024-01-30,2025/04/06,false,4,8
INV-100993,ACC-4078,Initech Ltd,billing@initech.com,APAC,Fintech,STARTER,Annual,250,USD,110250.00,10,cancelled,Wire Transfer,2023-12-31,04/13/2026,Y,,0
INV-102292,ACC-7053,Vandelay Group,billing@vandelay.com,APAC,Logistics, Starter ,annually,10,USD,"$4,900.00",0,paid,invoice,10/11/2024,14-10-2024,0,,0
INV-104107,ACC-3114,Soylent Group,billing@soylent.com,EMEA,Travel,starter,monthly,50,USD,"1,837.50 USD",25,void,wire,2023-12-16,2024-02-02,No,4,1
INV-100764,ACC-1043,Umbrella Labs,billing@umbrella.com,NA,,Starter,monthly,50,USD,"$2,205.00",10,Complete,Wire Transfer,2024-04-06,24-02-2026,false,5,3
INV-104740,ACC-9482,Soylent Ltd,billing@soylent.com,EMEA,,Pro ,Monthly,3,USD,267,10,cancelled,Wire Transfer,Nov 16 2022,04/10/2025,false,2,0
INV-104589,ACC-2971,Cyberdyne Inc,billing@cyberdyne.com,EMEA,Manufacturing,enterprise ,monthly,3,EUR,968.76,0,completed,wire,2022-01-06,Jan 7 2023,Y,4,0
INV-102764,ACC-4638,Stark Industries,billing@stark.com,NA,Travel, Starter ,Monthly,100,USD,4410.00,10,PAID,credit_card,2021-11-12,12/10/2023,true,3,0
INV-104956,ACC-4895,Massive Dynamic Corp,billing@massive.com,NA,,Enterprise,monthly,5,USD,"1,495.00 USD",0,PAID,Wire Transfer,2023-02-10,03/22/2024,FALSE,5,0
INV-101292,ACC-7269,Aperture Partners,billing@aperture.com,LATAM,,ENT,annual,10,USD,"29,900.00 USD",0,Paid,Wire Transfer,2021-02-23,02/22/2022,FALSE,5,2
INV-100193,ACC-3369,Soylent Corp,,APAC,Retail, Starter ,annually,1,USD,490.00 USD,0,in_review,credit_card,01/06/2022,05/06/2022,FALSE,3,0
INV-101596,ACC-1197,Hooli Corp,billing@hooli.com,LATAM,Retail,Pro ,yearly,10,EUR,10692.00,0,Paid,ach,03/03/2023,2023-07-05,false,,0
INV-102024,ACC-3898,Soylent Industries,billing@soylent.com,NA,Fintech,Pro,monthly,10,USD,990.00,0,Complete,ACH,2022-03-10,04/29/2022,FALSE,5,2
INV-101908,ACC-3043,Acme Partners,billing@acme.com,NA,Fintech,Start,yearly,50,USD,24500.00,0,PENDING,ACH,2024-10-15,08/13/2026,N,,0
INV-104045,ACC-1786,Acme Group,billing@acme.com,EMEA,Retail,Starter,annually,25,GBP,-15557.50,0,REFUND,credit_card,2023/04/30,2024/08/23,0,5,0
INV-101721,ACC-1693,Massive Dynamic Partners,billing@massive.com,LATAM,Media,Starter,Monthly,3,USD,147,0,Complete,Credit Card,24-06-2022,2024/03/09,1,3,0
INV-103570,ACC-4272,Aperture Corp,billing@aperture.com,NA,Education,pro,yearly,50,USD,49500.00,0,success,,2024-08-23,2025-05-24,N,5,0
INV-104581,ACC-1638,Wonka Holdings,billing@wonka.com,EMEA,Energy,STARTER,Monthly,25,USD,1225.00,0,PAID,Wire Transfer,04/16/2021,07/28/2023,false,5,0
INV-100206,ACC-6885,Globex Inc,billing@globex.com,EMEA,Gaming,STARTER,Monthly,1,EUR,48,10,PAID,invoice,2023-04-12,06-05-2024,FALSE,3,0
INV-103566,ACC-8736,Massive Dynamic Partners,billing_at_massive.com,APAC,Gaming,PRO,annually,25,USD,22275,10,paid,credit_card,2024/01/27,03/16/2026,N,5,0
INV-103858,ACC-4856,Aperture Labs,billing@aperture.com,NA,Education,Pro,annual,100,USD,99000.00,0,Paid,invoice,07/11/2021,31-03-2022,FALSE,2,1
INV-100850,ACC-8012,Dunder Corp,billing@dunder.com,LATAM,Media,starter,Monthly,25,EUR,"€1,323.00",0,paid,wire,04/10/2023,2023-10-22,N,4,0
INV-102953,ACC-9061,Gekko Ltd,billing@gekko.com,EMEA,Education,Tier 2,Monthly,100,USD,9900.00,0,success,invoice,12/17/2021,07/29/2024,FALSE,4,2
INV-104333,ACC-5882,Soylent Corp,billing@soylent.com,NA,Manufacturing,enterprise,annually,1,USD,2990,0,paid,Credit Card,07/14/2021,07/25/2022,TRUE,4,0
INV-102694,ACC-4095,Dunder Inc,billing@dunder.com,LATAM,Travel, Starter ,annually,10,USD,4900,0,PAID,ACH,2022-12-27,2023/10/24,false,4,0
INV-104316,ACC-9908,Massive Dynamic Inc,billing@massive.com,APAC,Energy,Pro ,annual,50,EUR,53460.00,0,PAID,Wire Transfer,Jun 14 2023,Jun 24 2023,N,4,0
INV-103538,ACC-8878,Gekko Labs,billing@gekko.com,APAC,Media,Starter,Monthly,50,USD,"1,837.50 USD",25,PAID,Credit Card,09/04/2022,2023-03-05,N,1,8
INV-100072,ACC-2758,Massive Dynamic Partners,billing@massive.com,EMEA,Retail,ENT,yearly,10,EUR,"€32,292.00",0,completed,ach,2022-01-30,May 7 2024,1,3,0
INV-100423,ACC-8243,Acme Group,billing@acme.com,APAC,Media,starter,annually,1,USD,490,0,PAID,credit_card,Jan 27 2021,Oct 10 2022,N,4,0
INV-100880,ACC-2702,Nakatomi Corp,billing@nakatomi.com,LATAM,Gaming,Enterprise,Monthly,100,USD,29900.00,0,Complete,invoice,2022/10/18,12/25/2023,FALSE,4,1
INV-103301,ACC-6533,Wayne LLC,billing@wayne.com,EMEA,Manufacturing,ENT,Monthly,3,EUR,968.76 EUR,0,Complete,,2022-11-04,2024-02-28,N,,0
INV-102125,ACC-5174,Wonka Ltd,billing@wonka.com,EMEA,,Starter,annual,10,USD,-4410.00,10,charged_back,ACH,2021-10-15,30-03-2022,FALSE,2,8
INV-104032,ACC-2614,Prestige Ltd,billing@prestige.com,LATAM,Travel,Tier 1,Annual,25,USD,"$12,250.00",0,in_review,Credit Card,2023-06-02,2025-10-07,0,1,0
INV-103934,ACC-4565,Acme Group,,NA,Media,starter,Annual,10,GBP,"£-6,223.00",0,refunded,invoice,May 27 2022,2023-02-09,FALSE,5,2
INV-102404,ACC-5619,Pied Piper Partners,billing@pied.com,LATAM,Healthcare,STARTER,Annual,10,USD,4165.00,15,Complete,Wire Transfer,Mar 24 2024,2026-09-04,FALSE,5,0
INV-100019,ACC-1096,Aperture Co,billing@aperture.com,EMEA,Travel,ENT,Annual,50,USD,149500,0,Complete,credit_card,2022-11-20,2024-10-04,0,4,0
INV-100805,ACC-2226,Wonka Partners,billing@wonka.com,NA,Retail,Starter,Monthly,10,EUR,529.20,0,Paid,ACH,09/03/2022,01/06/2025,No,2,0
INV-103666,ACC-6355,Massive Dynamic LLC,billing@massive.com,APAC,Gaming,Pro,Monthly,100,USD,9900,0,PAID,wire,2022-07-07,2022/12/05,No,4,0
INV-104744,ACC-5790,Initech Industries,billing@initech.com,EMEA,Travel,Pro,yearly,100,USD,99000.00,0,success,ach,Jun 7 2023,2024-02-29,1,4,0
INV-101628,ACC-6402,Wayne Ltd,billing@wayne.com,APAC,Healthcare,starter,annual,100,USD,44100.00,10,Paid,credit_card,2023-07-30,2026/04/17,No,,0
INV-102469,ACC-6682,Nakatomi Partners,billing@nakatomi.com,APAC,Energy,STARTER,Annual,3,USD,"$1,470.00",0,Paid,Wire Transfer,Aug 12 2021,2023-10-26,N,,0
INV-100758,ACC-9120,Initech Labs,billing@initech.com,NA,Energy,Starter,annually,1,EUR,476.28,10,PENDING,wire,2021-08-18,2023-01-07,TRUE,3,2
INV-100745,ACC-1186,Cyberdyne Partners,billing@cyberdyne.com,NA,Logistics,Enterprise,Monthly,5,USD,1495.00,0,PAID,credit_card,2023/05/21,12/22/2025,false,3,1
INV-103063,ACC-3316,Vandelay Ltd,billing@vandelay.com,EMEA,Manufacturing, Starter ,monthly,1,GBP,-62,0,REFUND,,2021-06-17,01-03-2024,0,4,1
INV-101702,ACC-9232,Wayne Group,billing@wayne.com,APAC,Fintech,STARTER,monthly,50,USD,2082.50,15,canceled,credit_card,2022-02-08,07/27/2023,false,2,3
INV-104162,ACC-7693,Acme Industries,billing@acme.com,NA,Gaming,Starter,yearly,250,USD,110250,10,paid,ACH,2023-06-19,03/23/2025,1,5,1
INV-103844,ACC-7931,Oscorp Holdings,billing@oscorp.com,NA,Healthcare,STARTER,monthly,10,USD,-490.00,0,REFUND,wire,Feb 22 2024,03/04/2026,FALSE,2,0
INV-100293,ACC-2071,Oscorp Labs,billing@oscorp.com,APAC,Fintech,starter,Monthly,10,USD,367.50,25,Complete,wire,May 16 2022,Dec 14 2024,Y,5,0
INV-104044,ACC-2414,Pied Piper Industries,billing@pied.com,LATAM,Logistics, Starter ,annually,5,USD,"$2,450.00",0,Paid,Wire Transfer,2022-10-27,2023-07-22,FALSE,,0
INV-103295,ACC-6110,Hooli Co,billing@hooli.com,LATAM,Fintech,pro,monthly,3,EUR,256.61,20,pending,wire,2021-09-25,03/03/2023,N,1,0
INV-101448,ACC-3564,Tyrell Industries,billing@tyrell.com,EMEA,Travel, Starter ,Annual,25,USD,"$12,250.00",0,paid,Wire Transfer,15-06-2023,12/31/2023,1,3,0
INV-102554,ACC-5992,Vandelay Group,billing@vandelay.com,APAC,Gaming, Starter ,monthly,25,USD,"$1,225.00",0,Complete,Wire Transfer,09/24/2023,04/20/2024,No,3,0
INV-103722,ACC-8642,Pied Piper Partners,billing@pied.com,NA,Gaming,Enterprise ,yearly,3,USD,8970.00,0,Complete,Credit Card,09/20/2021,2022-09-21,Y,5,0
INV-101001,ACC-1209,Hooli Holdings,billing@hooli.com,APAC,Education,STARTER,annually,10,USD,"$3,675.00",25,error,ach,2021-03-27,Apr 1 2023,No,4,0
INV-100192,ACC-3930,Gekko Inc,billing@gekko.com,LATAM,Gaming, Starter ,annual,10,USD,4410.00,10,Pending,invoice,2021-09-11,2021-12-13,Yes,5,1
INV-100169,ACC-8752,Umbrella LLC,billing@umbrella.com,EMEA,,Pro,monthly,50,USD,3960.00,20,success,Wire Transfer,Mar 10 2023,01/20/2024,N,4,0
INV-102505,ACC-9438,Acme Corp,billing@acme.com,APAC,Fintech,PRO,monthly,3,EUR,321,0,paid,,03/11/2021,2021-08-16,No,,0
INV-104942,ACC-6230,Massive Dynamic Ltd,billing@massive.com,LATAM,Education,starter,annual,10,USD,"$4,410.00",10,cancelled,wire,2022-03-15,06/26/2022,FALSE,5,0
INV-104515,ACC-2204,Oscorp Holdings,billing@oscorp.com,LATAM,Education,starter,yearly,3,EUR,"1,587.60 EUR",0,PAID,credit_card,08/28/2022,2023-02-06,false,4,0
INV-101453,ACC-8975,Tyrell Partners,billing@tyrell.com,LATAM,Gaming,Start,Monthly,50,USD,2450.00,0,paid,wire,09/03/2022,01/12/2024,No,3,3
INV-104514,ACC-5693,Dunder Co,billing@dunder.com,NA,Education,STARTER,annual,250,GBP,-155575.00,0,REFUND,wire,08/28/2023,01/28/2025,No,4,0
INV-104326,ACC-3055,Dunder Corp,billing@dunder.com,APAC,,PRO,monthly,100,USD,"$9,900.00",0,declined,wire,2021-12-30,04/27/2022,false,2,0
INV-102946,ACC-4889,Gekko Corp,billing@gekko.com,APAC,Manufacturing,Pro,Monthly,10,USD,990.00,0,PAID,Wire Transfer,12/13/2021,04/23/2023,false,2,0
INV-100271,ACC-7101,Initech Holdings,billing@initech.com,APAC,Retail,Professional,monthly,25,EUR,"€2,673.00",0,Paid,Credit Card,2023-05-29,2024-07-25,FALSE,5,0
INV-100368,ACC-2052,Tyrell Industries,billing@tyrell.com,EMEA,Healthcare,Starter,yearly,250,USD,122500.00,0,error,ACH,2021/03/03,2021-06-28,Yes,4,1
INV-101589,ACC-5431,Umbrella Partners,billing@umbrella.com,EMEA,Fintech,PRO,monthly,250,GBP,"£31,432.50",0,completed,,2021-01-21,2021-06-09,No,4,0
INV-100161,ACC-9482,Massive Dynamic Group,billing@massive.com,NA,Media, Starter ,Monthly,3,EUR,158.76,0,completed,Credit Card,07/21/2022,2023-03-09,false,3,5
INV-103871,ACC-8623,Wonka Partners,billing@wonka.com,EMEA,Fintech,Enterprise,yearly,3,EUR,9687.60,0,success,ach,08/21/2022,Aug 6 2023,0,3,1
INV-102137,ACC-8599,Aperture Corp,billing@aperture.com,NA,Logistics,STARTER,annually,5,EUR,"2,646.00 EUR",0,declined,invoice,2022-05-19,10/01/2024,No,5,0
INV-101510,ACC-5597,Nakatomi Co,billing@nakatomi.com,NA,Media,starter,Monthly,1,USD,44.10,10,error,credit_card,2024-10-23,06/28/2025,Y,,0
INV-101212,ACC-4358,Gekko Ltd,billing@gekko.com,APAC,Media,Pro ,annually,10,USD,9900.00,0,paid,wire,Nov 26 2023,04/05/2026,0,5,0
INV-103177,ACC-9708,Globex Inc,,NA,Manufacturing,Professional,monthly,10,GBP,1257.30,0,PAID,Credit Card,07/16/2023,2024-02-24,0,4,0
INV-101610,ACC-6952,Initech Holdings,billing@initech.com,APAC,Fintech,PRO,monthly,1,USD,$74.25,25,paid,wire,2024-04-08,04/01/2025,false,3,1
INV-100395,ACC-3958,Soylent Co,billing@soylent.com,APAC,Manufacturing,STARTER,Monthly,25,USD,1225.00,0,success,Wire Transfer,2021/06/07,2021-08-24,FALSE,5,0
INV-103433,ACC-7638,Gekko Corp,billing@gekko.com,LATAM,Retail, Starter ,monthly,10,EUR,529.20,0,paid,,2021/12/04,2022-03-09,1,4,1
INV-100262,ACC-3151,Nakatomi Holdings,billing@nakatomi.com,LATAM,,Starter,Monthly,25,USD,1225.00,0,PAID,,05/17/2023,08/17/2023,FALSE,4,0
INV-104073,ACC-3279,Gekko Corp,billing_at_gekko.com,EMEA,Gaming,Tier 1,Annual,100,EUR,52920.00,0,Complete,wire,2021/06/15,Dec 23 2023,0,2,0
INV-100428,ACC-5406,Dunder Ltd,billing@dunder.com,NA,Logistics,starter,Monthly,10,USD,$490.00,0,canceled,credit_card,2022-01-17,05/18/2023,Yes,5,0
INV-102373,ACC-7509,Aperture Inc,billing@aperture.com,LATAM,Manufacturing,Pro ,annually,5,USD,"$4,950.00",0,paid,credit_card,Feb 2 2022,2022-02-15,No,5,0
INV-101984,ACC-8662,Hooli Labs,billing@hooli.com,APAC,Media,Tier 3,annually,10,GBP,"£32,277.05",15,paid,,2022-03-04,2022/07/25,N,3,0
INV-102280,ACC-3142,Globex Partners,billing@globex.com,LATAM,Fintech,starter,annually,5,USD,"$2,082.50",15,Complete,,Mar 11 2023,2023-12-28,1,5,0
INV-102395,ACC-3585,Globex Labs,billing@globex.com,EMEA,Retail,Enterprise ,monthly,25,USD,7475,0,Failed,wire,2021-11-11,2022-07-27,0,5,0
INV-100120,ACC-7249,Hooli Industries,billing@hooli.com,LATAM,Travel,Start,yearly,1,USD,490.00,0,PAID,invoice,2021/11/06,2023-12-16,N,2,5
INV-101772,ACC-5564,Globex LLC,billing@globex.com,EMEA,,Professional,yearly,1,GBP,"£1,257.30",0,PAID,invoice,2024/03/20,2024-11-19,N,2,1
INV-104410,ACC-3322,Wayne Partners,billing@wayne.com,APAC,,Starter,monthly,10,USD,490.00 USD,0,PAID,ach,2024-01-20,2026/08/06,No,4,0
INV-103397,ACC-3807,Pied Piper Industries,billing@pied.com,NA,Retail,Enterprise ,Monthly,25,GBP,"£9,493.25",0,Paid,credit_card,2024-05-24,02/01/2027,FALSE,,3
INV-100529,ACC-8991,Pied Piper Ltd,billing@pied.com,EMEA,Logistics, Starter ,Monthly,250,USD,12250.00,0,PENDING,ach,06/16/2024,2026-03-24,Yes,4,0
INV-103964,ACC-2445,Gekko Holdings,billing@gekko.com,EMEA,Retail,Pro,monthly,100,USD,"-7,920.00 USD",20,REFUND,wire,06-12-2021,2023-06-16,false,5,3
INV-101896,ACC-8899,Wonka Partners,billing@wonka.com,LATAM,Fintech,Starter,yearly,1,USD,392.00,20,completed,Credit Card,2022-04-12,2022-11-20,TRUE,3,0
INV-104756,ACC-9278,Gekko Inc,billing@gekko.com,LATAM,Logistics,Pro ,yearly,5,USD,4950.00,0,Paid,invoice,2023-02-17,08/10/2023,No,,0
INV-103426,ACC-8858,Stark Labs,billing@stark.com,NA,Education,pro,Annual,250,EUR,267300.00,0,Complete,credit_card,2022-07-18,2024-08-25,0,5,0
INV-101157,ACC-7702,Massive Dynamic Inc,billing@massive.com,LATAM,Gaming,Professional,Monthly,1,USD,99.00,0,Pending,credit_card,2022/03/17,2024-07-12,0,,2
INV-104850,ACC-1247,Gekko Labs,billing@gekko.com,NA,Healthcare,Pro,Monthly,5,USD,495.00,0,paid,ACH,07/17/2021,2021/11/09,FALSE,3,0
INV-102408,ACC-9592,Stark Inc,billing@stark.com,EMEA,Travel,Tier 1,Annual,100,USD,49000.00,0,pending,ach,2022-08-18,2023/07/14,0,2,0
INV-104669,ACC-6718,Nakatomi Holdings,billing@nakatomi.com,LATAM,Education,Tier 1,monthly,3,USD,$147.00,0,completed,wire,2022/05/07,2024-12-10,N,3,8
INV-101788,ACC-7211,Initech Partners,billing@initech.com,EMEA,Energy,Enterprise ,annual,100,EUR,"€322,920.00",0,Complete,ach,Sep 20 2022,2024-04-27,FALSE,4,0
INV-101597,ACC-9498,Dunder Group,billing@dunder.com,NA,Retail,Tier 2,Monthly,5,USD,$495.00,0,success,credit_card,2022-09-19,08/29/2024,0,5,0
INV-103910,ACC-9834,Wayne LLC,billing@wayne.com,APAC,Retail,starter,Monthly,50,EUR,"2,646.00 EUR",0,paid,ach,2021/09/25,12/18/2022,false,3,2
INV-104848,ACC-5071,Dunder Labs,billing@dunder.com,EMEA,,Starter,Monthly,50,USD,"$2,450.00",0,Paid,invoice,11/05/2021,09-11-2023,FALSE,,0
INV-103758,ACC-1699,Prestige Ltd,billing@prestige.com,APAC,Education,pro,monthly,250,USD,24750.00,0,paid,ACH,2023-03-20,2024-12-07,Y,5,0
INV-101368,ACC-7620,Tyrell Labs,billing@tyrell.com,LATAM,Travel,starter,Monthly,3,GBP,149.35,20,success,invoice,2024/02/17,2026-06-25,0,4,0
INV-104818,ACC-9407,Dunder Partners,billing@dunder.com,EMEA,Logistics,pro,Monthly,10,GBP,1257.30,0,completed,Wire Transfer,2022/10/08,2022/11/04,false,5,0
INV-101322,ACC-8335,Wonka Group,billing@wonka.com,APAC,Logistics,pro,annually,5,USD,"$4,950.00",0,paid,Wire Transfer,2021/11/24,2022-05-31,FALSE,3,0
INV-100647,ACC-4735,Pied Piper Industries,billing@pied.com,EMEA,Gaming, Starter ,Monthly,50,USD,2450.00,0,Void,wire,2022-06-27,02/21/2025,0,4,1
INV-104982,ACC-3603,Prestige Group,billing@prestige.com,EMEA,Fintech,Professional,yearly,25,USD,"24,750.00 USD",0,completed,wire,2021-09-30,2022/04/11,0,4,0
INV-103423,ACC-6719,Stark Co,billing@stark.com,EMEA,Media,Professional,monthly,25,USD,"2,475.00 USD",0,Paid,Credit Card,2021/09/20,12/21/2021,Yes,1,5
INV-104742,ACC-7109,Gekko Labs,billing@gekko.com,NA,Manufacturing,STARTER,yearly,100,GBP,"62,230.00 GBP",0,completed,ach,2023-09-04,2024-05-05,No,3,2
INV-104126,ACC-2117,Massive Dynamic Partners,billing@massive.com,NA,Media,STARTER,Monthly,1,USD,$49.00,0,PAID,wire,09/30/2024,Apr 26 2026,Yes,4,0
INV-101326,ACC-7231,Hooli Labs,billing@hooli.com,EMEA,Energy,pro,Monthly,10,USD,$990.00,0,declined,wire,09/15/2022,2024-09-19,FALSE,4,0
INV-102742,ACC-4403,Stark Industries,billing@stark.com,APAC,Logistics,enterprise ,annual,25,EUR,80730.00,0,success,ACH,2021-07-24,15-12-2023,Y,4,0
INV-103665,ACC-6605,Soylent Ltd,billing@soylent.com,APAC,Gaming,enterprise,yearly,10,USD,-29900.00,0,REFUND,invoice,2022-06-12,Jul 11 2022,FALSE,4,0
INV-100075,ACC-3695,Prestige Corp,billing@prestige.com,LATAM,Media,Tier 1,monthly,100,EUR,5292.00,0,completed,credit_card,2021/04/24,08/01/2022,true,4,1
INV-100138,ACC-7609,Acme LLC,billing@acme.com,NA,Manufacturing,Tier 1,monthly,250,EUR,10584.00,20,VOID,,2024/02/26,2024-09-24,0,,2
INV-102820,ACC-1380,Dunder Ltd,billing@dunder.com,LATAM,Manufacturing,Pro ,annual,5,USD,"$4,455.00",10,success,ACH,2022-08-16,10/17/2024,N,4,3
INV-103061,ACC-6782,Massive Dynamic Labs,billing@massive.com,LATAM,Retail,pro,Annual,1,USD,990.00,0,PAID,ACH,08/11/2024,2025/06/17,N,4,0
INV-102124,ACC-4904,Wonka Co,billing@wonka.com,EMEA,, Starter ,Annual,10,GBP,6223,0,cancelled,ACH,2023-11-10,2026-03-18,0,3,0
INV-103208,ACC-8240,Umbrella Co,billing@umbrella.com,LATAM,Travel,STARTER,Annual,50,EUR,"€22,491.00",15,pending,Wire Transfer,2022-11-20,2024-01-14,0,1,3
INV-103235,ACC-4757,Acme Co,billing@acme.com,APAC,Retail,Pro ,Annual,25,EUR,26730,0,paid,ach,2021/06/24,2021-12-05,false,5,2
INV-104862,ACC-8909,Tyrell Co,billing@tyrell.com,NA,Healthcare,pro,yearly,1,EUR,1069.20,0,Paid,Credit Card,10/23/2022,2024/07/15,N,5,1
INV-102112,ACC-1323,Massive Dynamic Labs,billing@massive.com,APAC,Energy,Tier 1,annually,100,USD,"$49,000.00",0,PAID,wire,2022-09-13,2023-02-19,TRUE,3,0
INV-100521,ACC-6857,Umbrella Labs,billing@umbrella.com,LATAM,Logistics,Pro,yearly,10,USD,9900.00,0,completed,,Sep 7 2023,2025-06-18,N,1,0
INV-100837,ACC-2309,Soylent Group,billing@soylent.com,EMEA,Education,Starter,annual,10,EUR,5292.00,0,success,invoice,Jul 12 2022,2023-09-16,false,5,0
INV-103796,ACC-5463,Nakatomi Ltd,billing_at_nakatomi.com,EMEA,Education,Starter,Monthly,10,EUR,449.82,15,Complete,credit_card,2024-06-29,03/07/2025,Yes,,3
INV-103065,ACC-3201,Oscorp Group,billing@oscorp.com,APAC,Gaming,Start,annually,10,USD,"3,920.00 USD",20,paid,credit_card,16-11-2023,2025-08-08,No,3,0
INV-101869,ACC-3781,Nakatomi Group,billing@nakatomi.com,EMEA,Travel,STARTER,Annual,3,USD,1249.50,15,Complete,wire,03/29/2023,07/02/2023,No,1,3
INV-102249,ACC-1037,Wayne Group,billing@wayne.com,NA,Travel,Tier 3,annual,10,USD,23920.00,20,paid,ach,2022-09-04,07/08/2023,0,4,0
INV-101642,ACC-4530,Massive Dynamic Partners,billing@massive.com,LATAM,,Tier 3,yearly,5,GBP,15189.20,20,completed,invoice,2023-09-07,2025-08-15,N,4,0
INV-104111,ACC-2220,Hooli Co,billing@hooli.com,NA,Logistics,Tier 1,annual,5,EUR,2646.00,0,PAID,Wire Transfer,08/16/2021,2022-12-05,0,1,0
INV-100294,ACC-2062,Initech Co,billing@initech.com,NA,Manufacturing,Start,yearly,250,USD,122500.00,0,success,ach,2023-09-17,2025-09-18,0,5,5
INV-103980,ACC-6009,Vandelay Holdings,billing@vandelay.com,EMEA,Media,STARTER,yearly,250,USD,"$98,000.00",20,canceled,wire,2021/12/18,07/27/2023,No,4,3
INV-104125,ACC-1660,Wayne Corp,billing_at_wayne.com,LATAM,,Enterprise ,Monthly,5,GBP,1898.65,0,PAID,wire,20-09-2021,2022-09-09,false,4,0
INV-103631,ACC-6474,Aperture Partners,billing@aperture.com,LATAM,,PRO,Monthly,100,USD,"8,415.00 USD",15,PAID,ACH,2022/01/09,02/19/2022,No,5,2
INV-104083,ACC-5779,Wayne Partners,billing@wayne.com,APAC,Fintech,pro,monthly,5,GBP,628.65,0,PAID,Credit Card,2021/07/28,2023-11-12,1,,0
INV-102213,ACC-7597,Hooli Co,billing@hooli.com,APAC,Energy,Starter,yearly,50,USD,"$24,500.00",0,awaiting,Credit Card,12/08/2023,03/26/2025,FALSE,4,0
INV-102122,ACC-9715,Acme Co,billing@acme.com,LATAM,Education,enterprise ,annually,25,USD,74750.00,0,Paid,ACH,2023-09-18,2024-10-09,No,3,0
INV-104703,ACC-7165,Tyrell Corp,billing@tyrell.com,APAC,Education,Start,Monthly,3,USD,147.00,0,completed,,06/23/2022,2022/10/25,false,3,0
INV-104753,ACC-2876,Prestige Inc,billing@prestige.com,APAC,Retail,enterprise ,monthly,25,USD,"$5,606.25",25,success,credit_card,01/12/2021,09/28/2022,Yes,2,2
INV-103596,ACC-5010,Gekko Co,billing@gekko.com,NA,Retail,Tier 1,annual,100,USD,41650.00,15,Failed,Credit Card,2024/02/07,2026-06-17,FALSE,4,0
INV-101092,ACC-2617,Massive Dynamic Labs,billing@massive.com,EMEA,Energy,pro,Annual,3,EUR,"€3,207.60",0,success,ach,2021-11-30,2022-04-15,false,5,3
INV-103498,ACC-3805,Tyrell Industries,billing@tyrell.com,LATAM,Media,Tier 1,yearly,10,USD,4900.00,0,success,,2024-08-14,2024-08-19,Y,1,3
INV-101485,ACC-5527,Initech Labs,billing@initech.com,NA,Travel,Start,monthly,50,USD,1960.00,20,paid,,Nov 16 2021,2022-05-29,Yes,2,1
INV-100789,ACC-5172,Cyberdyne Industries,,EMEA,Fintech,Starter,Monthly,1,USD,41.65,15,Paid,Credit Card,2021-09-24,2023-01-03,0,3,1
INV-103789,ACC-2282,Gekko Co,billing@gekko.com,EMEA,Energy,starter,Monthly,3,USD,132.30,10,error,,10/13/2021,04/10/2024,No,4,0
INV-104422,ACC-5096,Pied Piper Inc,billing@pied.com,EMEA,Retail,Pro ,annually,25,EUR,-26730.00,0,REFUND,Wire Transfer,2021/07/28,2022-09-12,N,5,0
INV-101826,ACC-4657,Initech Co,billing@initech.com,LATAM,Travel,STARTER,monthly,250,USD,12250.00,0,Paid,wire,2024-07-10,2026-12-26,0,3,0
INV-103583,ACC-4080,Dunder Labs,billing@dunder.com,APAC,,Pro ,yearly,25,EUR,"€24,057.00",10,cancelled,Wire Transfer,2022/06/17,2022-12-26,false,5,0
INV-102701,ACC-6196,Stark Labs,billing@stark.com,NA,Retail,starter,Monthly,50,USD,"2,450.00 USD",0,PAID,invoice,2023-03-28,2025-07-27,false,,0
INV-102608,ACC-6686,Wayne Holdings,billing@wayne.com,LATAM,Media,starter,Monthly,250,EUR,"€11,907.00",10,PAID,ACH,01/02/2024,09/28/2025,FALSE,2,0
INV-101049,ACC-5237,Wayne LLC,billing@wayne.com,LATAM,Media,STARTER,monthly,50,USD,"$1,960.00",20,Paid,ach,2022/04/02,10-11-2022,No,5,1
INV-102922,ACC-4295,Pied Piper Ltd,billing@pied.com,EMEA,Retail,enterprise,Monthly,10,USD,2392.00,20,canceled,ACH,Jul 12 2023,2025-09-08,0,,0
INV-103803,ACC-9274,Acme Partners,billing@acme.com,EMEA,Energy,Professional,monthly,250,USD,24750.00,0,void,,04/09/2022,Jul 4 2023,FALSE,1,0
INV-104130,ACC-1739,Acme Partners,billing@acme.com,NA,Manufacturing,Enterprise,annually,1,USD,2990.00,0,paid,credit_card,2024/09/27,2025-04-21,1,3,1
INV-101793,ACC-9475,Vandelay Group,billing@vandelay.com,NA,Energy,Enterprise,yearly,10,USD,"$29,900.00",0,failed,ach,2023-05-30,2025-09-21,1,4,0
INV-102411,ACC-7607,Hooli Partners,billing@hooli.com,EMEA,Education,Tier 1,Monthly,1,USD,$44.10,10,success,Credit Card,2024/02/20,2024-04-15,FALSE,4,1
INV-103340,ACC-6930,Globex Industries,billing@globex.com,APAC,Healthcare,PRO,annually,250,USD,"$247,500.00",0,PAID,ACH,19-02-2021,06/20/2022,Yes,3,0
INV-104732,ACC-4750,Cyberdyne Co,billing@cyberdyne.com,EMEA,Travel,Tier 2,Annual,50,USD,"$37,125.00",25,completed,ach,2023-10-28,30-04-2026,No,4,0
INV-101204,ACC-9073,Pied Piper Labs,billing@pied.com,APAC,Logistics,PRO,annually,50,USD,"49,500.00 USD",0,Complete,ach,2022-06-16,2024-10-01,No,4,1
INV-100118,ACC-1328,Globex Holdings,billing@globex.com,LATAM,Fintech,Starter,Annual,3,EUR,1587.60,0,paid,credit_card,2021-07-10,2022-06-21,FALSE,5,0
INV-104470,ACC-4751,Tyrell Ltd,,LATAM,Manufacturing,STARTER,annually,5,GBP,3111.50,0,success,ach,2023-02-05,05/12/2025,0,3,0
INV-102113,ACC-4443,Initech Partners,billing@initech.com,EMEA,Manufacturing,STARTER,yearly,5,USD,2205.00,10,Paid,wire,12/21/2021,03/23/2022,No,1,0
INV-101944,ACC-8102,Pied Piper Partners,billing@pied.com,EMEA,Healthcare,STARTER,Annual,50,USD,24500.00,0,success,invoice,07/02/2021,06/09/2023,N,3,0
INV-102988,ACC-9069,Globex Co,billing@globex.com,EMEA,Manufacturing,Tier 1,monthly,250,GBP,"15,557.50 GBP",0,completed,wire,Jul 24 2024,03/30/2027,false,3,0
INV-103455,ACC-6197,Massive Dynamic Labs,billing@massive.com,LATAM,,Pro ,monthly,250,USD,22275,10,Complete,ach,2023-04-24,06/17/2024,false,4,0
INV-102090,ACC-5224,Nakatomi Ltd,billing@nakatomi.com,LATAM,Logistics,PRO,yearly,3,USD,2970.00,0,failed,Credit Card,Oct 31 2022,2023-01-08,No,1,0
INV-103238,ACC-8949,Massive Dynamic Corp,,LATAM,Gaming,Start,monthly,50,USD,2450.00,0,awaiting,invoice,2022-12-27,11/29/2023,FALSE,4,0
INV-101943,ACC-5412,Acme Group,billing@acme.com,EMEA,Education,PRO,Monthly,3,USD,297.00,0,cancelled,Wire Transfer,Apr 27 2023,2025-12-08,0,5,1
INV-104305,ACC-1549,Prestige Co,billing@prestige.com,APAC,Manufacturing,Tier 1,Monthly,25,USD,1225.00,0,PAID,Wire Transfer,09/15/2024,2025-12-05,false,3,0
INV-102534,ACC-7374,Aperture Ltd,billing@aperture.com,LATAM,Logistics,Tier 2,yearly,50,EUR,53460.00,0,success,ACH,2021-07-22,01/13/2022,0,5,0
INV-104846,ACC-1080,Acme Labs,,NA,Gaming,Starter,Annual,3,USD,1470.00,0,pending,Wire Transfer,Oct 6 2023,2026-05-16,0,4,0
INV-104520,ACC-7994,Wayne Group,billing@wayne.com,APAC,Gaming,Professional,annually,25,USD,24750.00,0,Complete,Wire Transfer,2021-02-20,2021-05-01,N,,1
INV-102167,ACC-3957,Acme Ltd,billing@acme.com,EMEA,Energy,Professional,yearly,10,USD,"$9,900.00",0,completed,invoice,2024-05-22,2024/10/22,No,1,0
INV-103743,ACC-3707,Acme Partners,billing@acme.com,NA,Education,Start,annual,250,USD,"110,250.00 USD",10,awaiting,invoice,11/24/2021,2023-08-03,FALSE,4,0
INV-103574,ACC-9276,Gekko Inc,billing@gekko.com,NA,Media,starter,yearly,25,USD,"12,250.00 USD",0,Paid,,2024-04-11,Aug 27 2025,N,3,0
INV-104651,ACC-1751,Wayne Holdings,billing@wayne.com,APAC,Retail,PRO,yearly,250,USD,222750.00,10,Paid,Wire Transfer,2022-01-20,2022-12-16,No,2,0
INV-102741,ACC-9057,Soylent Industries,billing@soylent.com,NA,Manufacturing,Tier 3,annual,50,USD,-149500.00,0,refunded,ACH,2021-02-15,2023/10/02,TRUE,2,0
INV-103580,ACC-8167,Oscorp Ltd,billing@oscorp.com,APAC,Fintech,enterprise ,Annual,1,USD,2990.00,0,paid,credit_card,2021-06-19,05/12/2022,TRUE,4,1
INV-102887,ACC-8092,Umbrella Group,billing@umbrella.com,NA,Manufacturing,Tier 2,annual,5,GBP,"£6,286.50",0,Paid,Wire Transfer,2024-03-30,2026-06-08,N,5,0
INV-104346,ACC-1548,Dunder Labs,billing@dunder.com,NA,,Start,Monthly,10,USD,490.00,0,canceled,ach,2023-07-15,03-11-2023,No,,1
INV-101088,ACC-9029,Nakatomi Corp,,APAC,,Professional,annually,10,USD,9900.00,0,success,wire,11/11/2022,2023/02/12,FALSE,1,3
INV-102976,ACC-9118,Stark Partners,billing_at_stark.com,LATAM,Manufacturing,STARTER,yearly,3,USD,"$1,176.00",20,paid,Wire Transfer,2023-12-28,2025-02-15,0,2,0
INV-102369,ACC-7166,Prestige Co,billing@prestige.com,LATAM,Education,Tier 1,yearly,25,USD,12250.00,0,failed,ACH,2023-02-09,2025-07-25,0,3,0
INV-102987,ACC-2281,Acme Holdings,billing@acme.com,LATAM,Media,ENT,yearly,3,USD,8970,0,completed,credit_card,06/25/2021,12/25/2022,Y,2,0
INV-104408,ACC-2365,Massive Dynamic Co,billing@massive.com,APAC,Logistics,Enterprise,annually,250,USD,"$747,500.00",0,Complete,Wire Transfer,2024-05-03,2026-03-06,FALSE,,1
INV-100531,ACC-8521,Stark Partners,billing@stark.com,APAC,Gaming,pro,Monthly,10,USD,742.50,25,completed,credit_card,07-01-2021,03/16/2021,0,4,0
INV-100936,ACC-5300,Wonka Inc,billing@wonka.com,LATAM,,Pro ,yearly,100,USD,"99,000.00 USD",0,in_review,wire,2024/08/09,Sep 3 2024,No,2,2
INV-101278,ACC-5239,Pied Piper Inc,billing@pied.com,APAC,Media,Professional,monthly,100,EUR,"€10,692.00",0,canceled,,2021-01-29,2021-09-22,0,4,2
INV-102900,ACC-7075,Oscorp Holdings,,APAC,Fintech,STARTER,Annual,10,USD,4900.00,0,completed,,09/15/2021,2023-05-04,No,,2
INV-104566,ACC-6677,Oscorp Corp,billing@oscorp.com,NA,Media, Starter ,annually,50,USD,"$24,500.00",0,in_review,invoice,05-12-2022,2023-08-24,FALSE,,1
INV-101112,ACC-7576,Vandelay LLC,billing@vandelay.com,APAC,Healthcare,Start,monthly,25,USD,$980.00,20,paid,Credit Card,06/22/2022,2022-11-05,N,4,0
INV-103051,ACC-9294,Tyrell Labs,billing@tyrell.com,LATAM,Travel,Tier 2,Monthly,50,EUR,5346.00,0,VOID,invoice,2023-06-28,2023-11-17,No,,0
INV-100525,ACC-5569,Pied Piper Inc,billing@pied.com,EMEA,Manufacturing, Starter ,monthly,50,USD,-2450,0,REFUND,Wire Transfer,11/05/2023,06/03/2026,FALSE,3,0
INV-102876,ACC-7838,Initech Ltd,billing@initech.com,NA,Retail,pro,annual,250,EUR,267300.00,0,awaiting,credit_card,Mar 16 2023,2024-04-04,FALSE,4,0
INV-103363,ACC-2668,Cyberdyne Holdings,billing@cyberdyne.com,NA,Media,Tier 1,Annual,1,USD,490.00,0,PAID,,06-05-2021,2023/03/02,TRUE,4,1
INV-104327,ACC-2766,Nakatomi Corp,billing@nakatomi.com,LATAM,Education,Pro,Annual,10,USD,9900.00,0,PAID,credit_card,Apr 8 2022,2022-11-09,No,4,0
INV-104941,ACC-4169,Initech Corp,billing@initech.com,NA,Education,Tier 3,yearly,25,GBP,"£94,932.50",0,Complete,,2022/03/27,2024/01/05,N,5,0
INV-102376,ACC-6281,Massive Dynamic Partners,billing@massive.com,EMEA,Gaming,Starter,yearly,10,USD,4900.00,0,PAID,,08/03/2024,2025-09-18,false,4,0
INV-100964,ACC-3967,Initech Industries,billing@initech.com,EMEA,Travel,pro,Monthly,3,GBP,377.19,0,completed,ACH,2021-05-12,2021-06-25,0,1,0
INV-103211,ACC-5520,Tyrell Co,billing@tyrell.com,LATAM,Logistics,Enterprise ,annual,1,USD,2541.50,15,Complete,ACH,2023-01-07,2024-07-31,0,4,0
INV-100997,ACC-8481,Cyberdyne Industries,billing@cyberdyne.com,APAC,Logistics, Starter ,Monthly,50,USD,-2205.00,10,refunded,Credit Card,Jan 12 2022,Sep 15 2023,false,,8
INV-103786,ACC-4598,Umbrella Inc,billing@umbrella.com,APAC,Education,Enterprise ,Monthly,10,EUR,3229.20,0,Paid,credit_card,2024-05-04,02/05/2026,N,4,0
INV-100470,ACC-6593,Soylent LLC,billing@soylent.com,APAC,Manufacturing,Enterprise,annual,50,USD,"$127,075.00",15,Paid,invoice,2023-09-25,11/09/2025,No,5,1
INV-100111,ACC-8408,Acme Labs,billing@acme.com,NA,Travel,Tier 2,Monthly,10,USD,990,0,failed,Credit Card,2022-04-01,2022-08-12,0,4,0
INV-102248,ACC-2125,Vandelay Labs,billing@vandelay.com,APAC,Healthcare,Professional,annually,10,USD,-7920.00,20,REFUND,wire,2021-11-30,Oct 24 2022,No,3,0
INV-103070,ACC-8346,Acme Corp,billing@acme.com,APAC,Fintech,Starter,Annual,10,EUR,3969,25,pending,credit_card,2022-10-26,09/11/2023,false,5,5
INV-103735,ACC-8898,Vandelay Group,billing@vandelay.com,APAC,Education,Professional,monthly,1,USD,99.00,0,success,ACH,04/17/2021,08/09/2021,FALSE,2,8
INV-104278,ACC-8721,Aperture Partners,billing@aperture.com,EMEA,Retail,Enterprise,Annual,10,USD,"$29,900.00",0,success,credit_card,05/21/2021,2022-06-02,TRUE,4,0
INV-104869,ACC-4359,Hooli Co,billing@hooli.com,NA,Travel,Tier 2,monthly,100,USD,8415,15,completed,wire,2024-05-28,2025-01-07,false,4,0
INV-101718,ACC-2349,Hooli Inc,billing@hooli.com,NA,Healthcare,starter,monthly,25,USD,1225.00,0,declined,wire,2024-10-28,2026-05-26,false,4,0
INV-100410,ACC-1052,Dunder Group,billing@dunder.com,APAC,Manufacturing,Start,monthly,250,USD,"$12,250.00",0,awaiting,,2024/04/10,2024-12-06,No,5,0
INV-102875,ACC-8669,Initech Partners,billing@initech.com,LATAM,Manufacturing,Starter,Monthly,50,USD,2082.50,15,paid,credit_card,2024/07/02,2025-09-30,N,1,0
INV-100589,ACC-5681,Initech Holdings,billing@initech.com,APAC,Gaming,Pro,Annual,100,USD,"$99,000.00",0,completed,,2024-07-05,09/08/2025,FALSE,5,0
INV-101536,ACC-7625,Stark Corp,billing@stark.com,LATAM,Retail, Starter ,Monthly,1,EUR,52.92,0,paid,invoice,2024/10/02,03/10/2026,false,3,3
INV-101313,ACC-6514,Umbrella Labs,billing@umbrella.com,EMEA,Retail,starter,Monthly,10,USD,441.00,10,Paid,wire,2023-02-24,2023-07-05,FALSE,,3
INV-103804,ACC-5868,Vandelay Inc,billing@vandelay.com,NA,Education,Pro,monthly,1,USD,$99.00,0,FAILED,ACH,2021-11-18,2024-07-13,N,1,0
INV-101635,ACC-7442,Tyrell Holdings,billing@tyrell.com,LATAM,Travel,Professional,Monthly,250,EUR,"€26,730.00",0,paid,Credit Card,04/28/2022,2024/10/05,N,3,0
INV-103452,ACC-5190,Gekko Holdings,billing@gekko.com,LATAM,Logistics, Starter ,monthly,5,GBP,311,0,void,ach,2024-08-27,2027/03/14,0,,5
INV-102525,ACC-7726,Aperture Labs,billing@aperture.com,LATAM,Travel, Starter ,Annual,3,USD,"$1,470.00",0,cancelled,wire,2022-05-10,2024-07-07,N,5,0
INV-101842,ACC-4842,Aperture Industries,,APAC,Manufacturing,Tier 3,monthly,25,USD,7475.00,0,PENDING,credit_card,2022/01/11,2022-09-29,Y,,2
INV-100613,ACC-2734,Hooli Ltd,billing@hooli.com,LATAM,Media,pro,monthly,3,USD,-297.00,0,refunded,,2024-07-02,10/04/2024,1,1,1
INV-101843,ACC-9639,Wonka Industries,billing@wonka.com,APAC,Fintech,PRO,Monthly,25,USD,"$2,475.00",0,completed,credit_card,2024/06/09,2025/09/11,FALSE,5,0
INV-103465,ACC-3592,Vandelay Labs,billing@vandelay.com,EMEA,Manufacturing,Pro ,Monthly,10,USD,$990.00,0,Complete,credit_card,07-04-2022,02/23/2023,FALSE,3,0
INV-100748,ACC-6271,Cyberdyne Ltd,billing@cyberdyne.com,APAC,Healthcare,Enterprise ,annually,3,USD,8970.00,0,success,invoice,02-03-2023,06/19/2025,FALSE,5,3
INV-103365,ACC-5237,Wonka LLC,billing@wonka.com,LATAM,Logistics,Tier 2,annually,100,GBP,"£125,730.00",0,Complete,credit_card,Aug 30 2021,2022/03/11,No,3,1
INV-104830,ACC-6676,Tyrell Co,billing@tyrell.com,NA,Fintech,Start,Monthly,5,USD,245.00 USD,0,completed,ach,15-04-2024,2024/05/09,0,1,0
INV-100214,ACC-5216,Nakatomi Industries,billing@nakatomi.com,LATAM,Fintech,Starter,Monthly,10,USD,367.50,25,VOID,invoice,2022-06-27,12/26/2022,0,5,0
INV-103672,ACC-8364,Acme Holdings,,NA,Manufacturing, Starter ,monthly,100,USD,"$4,900.00",0,completed,ACH,2022-07-28,25-09-2022,No,5,1
INV-102625,ACC-3582,Dunder Industries,billing@dunder.com,APAC,, Starter ,Monthly,100,USD,4900.00,0,Paid,ACH,10/18/2024,2025-08-03,0,4,1
INV-103377,ACC-9938,Massive Dynamic Holdings,,EMEA,,Professional,annually,1,USD,990.00,0,PAID,ach,2021-04-23,2023-09-04,Y,5,8
INV-103552,ACC-9211,Tyrell Partners,billing_at_tyrell.com,NA,Retail,Pro,Monthly,100,USD,8910,10,Complete,ACH,05/24/2023,2025-01-24,No,5,1
INV-100379,ACC-2847,Oscorp Co,billing@oscorp.com,EMEA,Education,Tier 1,Monthly,1,EUR,53,0,Paid,,05-03-2021,Nov 10 2021,FALSE,4,1
INV-100411,ACC-5706,Wonka LLC,billing@wonka.com,LATAM,Travel,Start,Monthly,25,USD,1225.00,0,PAID,wire,2022-12-13,2024-11-25,0,,2
INV-102455,ACC-2247,Nakatomi Holdings,billing@nakatomi.com,APAC,Healthcare,STARTER,monthly,10,EUR,476.28,10,Complete,ACH,2023-06-16,09/20/2024,FALSE,4,0
INV-104190,ACC-5615,Initech Corp,billing@initech.com,APAC,,STARTER,Monthly,3,USD,$147.00,0,Complete,ach,07/19/2022,01/16/2023,0,4,0
INV-100608,ACC-4866,Cyberdyne Partners,billing@cyberdyne.com,EMEA,Education,Starter,Annual,3,USD,"1,470.00 USD",0,PAID,Credit Card,2022-11-01,2025-02-25,No,,5
INV-101665,ACC-1493,Wonka Co,billing@wonka.com,EMEA,Fintech, Starter ,annual,1,USD,$490.00,0,failed,,Jul 19 2021,2023-04-15,N,4,1
INV-103983,ACC-3770,Soylent Inc,billing@soylent.com,LATAM,,enterprise ,Monthly,100,USD,29900,0,Paid,ach,2024-09-15,2026-10-06,No,5,0
INV-102004,ACC-2236,Cyberdyne Labs,billing@cyberdyne.com,LATAM,Retail,Pro ,annual,10,USD,"$8,910.00",10,awaiting,Credit Card,2022-02-06,09/05/2022,false,4,1
INV-101043,ACC-5253,Globex LLC,billing_at_globex.com,APAC,Retail,Tier 1,monthly,5,USD,$245.00,0,success,,12/02/2022,2024/04/27,0,5,0
INV-103207,ACC-8888,Hooli Co,billing@hooli.com,EMEA,Manufacturing,pro,Monthly,10,EUR,1069.20,0,Complete,credit_card,08/10/2022,2025-01-06,false,3,1
INV-101855,ACC-5211,Oscorp Industries,billing@oscorp.com,EMEA,Energy,ENT,annually,250,GBP,"£854,392.50",10,Complete,ACH,08/30/2021,2022/05/08,FALSE,5,2
INV-101603,ACC-3557,Aperture Corp,billing@aperture.com,NA,Media, Starter ,monthly,1,USD,49.00,0,Void,ach,2024/03/04,2026-01-01,0,2,3
INV-101174,ACC-2342,Massive Dynamic LLC,billing@massive.com,NA,Travel,starter,Monthly,5,USD,208.25,15,awaiting,wire,2023-04-10,03/25/2025,FALSE,4,0
INV-104161,ACC-9756,Stark Partners,billing@stark.com,NA,Healthcare,Start,Annual,100,USD,"44,100.00 USD",10,paid,ACH,2022-03-14,2024-06-20,0,4,0
INV-101591,ACC-5070,Tyrell Industries,billing@tyrell.com,EMEA,Fintech,starter,annual,100,USD,49000.00,0,Complete,ACH,2023-08-06,2024-06-28,No,4,0
INV-104636,ACC-8718,Oscorp Corp,billing@oscorp.com,APAC,Education,Tier 1,monthly,100,GBP,5600.70,10,completed,Credit Card,Apr 17 2023,01/09/2026,N,,0
INV-101799,ACC-5319,Soylent Partners,billing@soylent.com,APAC,Travel,pro,Annual,1,USD,990.00,0,success,Credit Card,2023-07-04,2025-02-17,false,5,0
INV-103609,ACC-6306,Hooli Group,billing@hooli.com,LATAM,Energy, Starter ,monthly,250,USD,-11025.00,10,REFUND,ach,2023-12-31,2024-04-30,0,4,0
INV-104315,ACC-4883,Tyrell Inc,billing@tyrell.com,LATAM,Travel,Tier 1,annually,3,USD,1470.00,0,FAILED,ACH,2023-11-11,2025/02/09,No,1,0
INV-104661,ACC-2175,Globex Corp,billing@globex.com,APAC,Manufacturing,Tier 1,monthly,1,USD,49.00 USD,0,declined,ACH,2021-01-23,Aug 11 2023,Y,,0
INV-101574,ACC-6910,Gekko Labs,billing@gekko.com,LATAM,Retail,pro,monthly,3,EUR,320.76,0,completed,ACH,Sep 19 2024,2026-06-06,false,4,2
INV-104985,ACC-7800,Prestige Labs,billing@prestige.com,EMEA,Education,STARTER,monthly,3,USD,147.00,0,Paid,invoice,2021-12-31,2023-07-02,0,5,0
INV-103449,ACC-9956,Wonka Partners,billing@wonka.com,LATAM,Gaming,pro,annual,3,USD,"-2,970.00 USD",0,REFUND,credit_card,11/26/2023,2026-01-13,false,3,0
INV-101956,ACC-4810,Stark Co,billing@stark.com,NA,Media,enterprise ,monthly,250,GBP,94932.50,0,paid,wire,2021-06-11,05/25/2023,N,5,0
INV-100918,ACC-5217,Massive Dynamic Group,billing@massive.com,NA,Media,PRO,monthly,5,USD,495,0,success,,Jan 9 2021,2021-07-18,true,3,0
INV-104667,ACC-6182,Massive Dynamic Ltd,billing@massive.com,LATAM,Retail,starter,annually,10,USD,"$4,900.00",0,PAID,Credit Card,Feb 18 2024,01-08-2025,No,1,0
INV-101217,ACC-6398,Soylent Holdings,billing@soylent.com,EMEA,Travel,PRO,Monthly,10,EUR,1069,0,Complete,Wire Transfer,2024-10-21,2025-05-01,0,3,2
INV-103438,ACC-8012,Aperture Co,billing@aperture.com,LATAM,Travel,Tier 3,annual,3,USD,8073.00,10,PAID,invoice,2021-05-14,Jun 17 2021,false,3,1
INV-100992,ACC-3100,Wayne Holdings,billing@wayne.com,LATAM,Education,STARTER,annual,10,USD,"-3,920.00 USD",20,Refunded,,04/08/2022,2024-06-17,false,3,3
INV-102401,ACC-4143,Massive Dynamic LLC,billing@massive.com,NA,Travel,Tier 2,Annual,5,USD,-4950.00,0,REFUND,ach,2023-12-08,2026-05-08,0,3,2
INV-101640,ACC-9834,Wayne LLC,billing@wayne.com,EMEA,Energy,PRO,annual,1,USD,990.00,0,FAILED,Wire Transfer,2022-01-17,2023/05/01,TRUE,3,0
INV-102012,ACC-4898,Initech Co,billing@initech.com,APAC,Logistics,Start,Monthly,10,USD,490.00,0,VOID,wire,2021/06/25,2023-09-28,0,3,0
INV-102816,ACC-8398,Hooli Ltd,billing@hooli.com,LATAM,Media,starter,Monthly,3,EUR,€158.76,0,completed,wire,2021-12-15,Jul 16 2022,TRUE,3,0
INV-100252,ACC-1895,Oscorp Inc,billing@oscorp.com,LATAM,Media,Pro ,yearly,10,USD,7920,20,VOID,ach,2021-09-07,Mar 8 2023,FALSE,5,1
INV-101648,ACC-5264,Hooli Labs,billing@hooli.com,LATAM,Fintech,Starter,monthly,3,EUR,119.07,25,PAID,invoice,2022/11/27,05/12/2025,0,4,0
INV-104359,ACC-3622,Wayne Partners,billing@wayne.com,LATAM,Healthcare,enterprise ,annual,250,USD,"747,500.00 USD",0,Complete,Credit Card,07/14/2023,2025-09-05,N,,0
INV-102670,ACC-3716,Vandelay Ltd,,NA,Gaming,STARTER,annually,10,USD,"$4,900.00",0,Paid,,2021-03-18,2022-02-22,0,4,2
INV-100046,ACC-7229,Hooli Corp,billing@hooli.com,LATAM,Media,pro,annual,250,USD,247500.00,0,in_review,Wire Transfer,2021-06-09,Nov 8 2023,0,4,3
INV-100049,ACC-4084,Globex Co,billing@globex.com,LATAM,Gaming,Start,monthly,250,USD,9187.50,25,FAILED,Wire Transfer,Jun 22 2021,2022-11-20,No,1,0
INV-102250,ACC-1274,Cyberdyne Industries,billing@cyberdyne.com,APAC,Manufacturing,Pro,Monthly,50,USD,"4,950.00 USD",0,PAID,wire,10/19/2022,2025/04/24,false,3,0
INV-103517,ACC-1992,Umbrella Group,billing@umbrella.com,NA,Travel, Starter ,yearly,10,USD,4900.00,0,paid,credit_card,11/26/2022,12/09/2022,FALSE,4,1
INV-104719,ACC-1148,Soylent Industries,billing@soylent.com,NA,Healthcare,Start,annual,10,USD,3675.00,25,paid,Wire Transfer,Aug 6 2023,Nov 23 2023,0,4,0
INV-101327,ACC-7516,Nakatomi Labs,billing@nakatomi.com,LATAM,Travel,STARTER,yearly,3,USD,1249.50,15,Complete,wire,03/22/2023,10-09-2023,false,5,1
INV-103128,ACC-4207,Massive Dynamic Partners,billing@massive.com,LATAM,Media,Pro ,Monthly,100,USD,"9,900.00 USD",0,completed,Wire Transfer,09/06/2021,2024-03-03,FALSE,1,0
INV-100689,ACC-8093,Stark Corp,billing@stark.com,NA,Gaming,Tier 3,annually,100,EUR,322920.00,0,success,ACH,2021-08-19,2023-01-10,0,3,0
INV-101776,ACC-4405,Massive Dynamic Corp,billing@massive.com,LATAM,Gaming,PRO,monthly,5,USD,495.00,0,PAID,Credit Card,Dec 10 2023,2026/03/10,1,,1
INV-102459,ACC-2089,Cyberdyne Corp,billing@cyberdyne.com,EMEA,Retail,Pro ,yearly,1,USD,990.00,0,declined,,01/31/2022,2024/07/27,true,1,0
INV-100207,ACC-8974,Acme Corp,billing@acme.com,LATAM,,pro,Monthly,3,EUR,-320.76,0,charged_back,ach,2023/07/20,2024-12-22,N,5,0
INV-100459,ACC-7145,Gekko LLC,billing@gekko.com,NA,Fintech, Starter ,annual,10,USD,4410.00,10,Paid,,2024/04/23,2026-08-05,Yes,3,0
INV-100080,ACC-5398,Vandelay Inc,billing@vandelay.com,EMEA,Manufacturing,Tier 1,monthly,1,EUR,52.92,0,success,,Sep 9 2023,04/09/2024,FALSE,4,0
INV-102977,ACC-7315,Cyberdyne Industries,billing@cyberdyne.com,NA,Education,Pro,Monthly,5,USD,445.50 USD,10,completed,credit_card,07/15/2023,2025-08-02,No,3,0
INV-101250,ACC-5536,Wonka Partners,billing@wonka.com,EMEA,Media,Professional,Monthly,25,USD,"$2,475.00",0,success,ach,2023-09-16,11/23/2025,false,,0
INV-103753,ACC-1707,Umbrella Industries,billing@umbrella.com,NA,Manufacturing,Tier 3,yearly,25,EUR,80730.00,0,VOID,wire,2023-08-08,18-10-2024,N,2,3
INV-101860,ACC-4620,Stark Holdings,billing@stark.com,EMEA,Education,starter,Annual,100,USD,49000,0,Complete,invoice,2024/03/04,2024-12-25,TRUE,4,0
INV-103659,ACC-4754,Globex Ltd,billing@globex.com,APAC,Manufacturing,Starter,monthly,50,USD,-2450.00,0,refunded,invoice,12/30/2021,2023-02-16,true,4,3
INV-100383,ACC-6858,Cyberdyne Ltd,billing@cyberdyne.com,APAC,Fintech,Start,yearly,100,USD,"-36,750.00 USD",25,refunded,wire,2023-05-13,2023/08/11,FALSE,5,0
INV-104262,ACC-2476,Cyberdyne Inc,billing@cyberdyne.com,LATAM,Fintech,Enterprise ,annually,25,USD,74750.00,0,success,,2023-07-09,2025-02-27,FALSE,3,0
INV-102747,ACC-4918,Hooli LLC,billing@hooli.com,NA,Media, Starter ,yearly,1,USD,490.00,0,canceled,ach,2021-06-01,Jul 26 2022,0,1,1
INV-104883,ACC-6976,Prestige Partners,billing@prestige.com,NA,,Starter,Monthly,3,EUR,158.76,0,success,Credit Card,2022/06/22,2023-01-25,FALSE,4,0
INV-103132,ACC-4061,Cyberdyne Group,billing@cyberdyne.com,LATAM,Healthcare,Enterprise,Annual,25,EUR,80730.00,0,PAID,wire,23-09-2021,2024-05-31,N,4,1
INV-102462,ACC-1974,Dunder Co,billing@dunder.com,NA,Fintech,Pro,annually,250,GBP,314325.00,0,success,wire,Nov 29 2022,Aug 30 2024,FALSE,3,5
INV-103645,ACC-7690,Hooli Co,billing@hooli.com,EMEA,,Pro,Monthly,25,USD,2475.00,0,completed,ACH,06/21/2024,2024-08-14,0,5,0
INV-104880,ACC-7067,Umbrella Corp,billing@umbrella.com,NA,,Starter,yearly,10,USD,4900.00,0,success,ACH,08/08/2024,Jul 8 2025,No,4,0
INV-102952,ACC-2589,Gekko Holdings,billing@gekko.com,EMEA,Healthcare,Tier 2,annual,250,EUR,267300.00,0,in_review,ACH,03/04/2024,Apr 17 2026,TRUE,,2
INV-100034,ACC-7141,Wayne Industries,billing@wayne.com,LATAM,Media,starter,Annual,250,USD,"122,500.00 USD",0,Complete,,May 9 2022,09/30/2023,FALSE,,5
INV-101911,ACC-9691,Umbrella Holdings,,LATAM,Logistics,Enterprise,Monthly,25,USD,7475.00,0,completed,invoice,2022-11-30,08/15/2023,Yes,2,2
INV-100788,ACC-1098,Wonka Holdings,billing@wonka.com,APAC,Manufacturing,Starter,Monthly,250,USD,"$9,187.50",25,paid,invoice,11/02/2022,2024/07/04,N,4,0
INV-104573,ACC-1338,Oscorp Labs,billing@oscorp.com,EMEA,Healthcare,Start,Annual,1,GBP,622.30,0,Pending,wire,08/20/2022,11/24/2024,0,2,5
INV-102145,ACC-7520,Initech Inc,billing@initech.com,EMEA,,Tier 2,monthly,10,USD,990,0,success,credit_card,31-10-2023,06/15/2025,N,4,3
INV-102271,ACC-6637,Oscorp Labs,billing@oscorp.com,EMEA,Manufacturing,starter,annual,25,USD,12250.00,0,PAID,ach,2024-07-05,12/01/2024,Yes,4,0
INV-102139,ACC-4781,Oscorp Industries,billing@oscorp.com,NA,Manufacturing,PRO,Annual,100,USD,99000,0,success,invoice,05-06-2021,11/17/2023,0,5,2
INV-101525,ACC-5311,Oscorp LLC,billing@oscorp.com,LATAM,Education,STARTER,monthly,25,USD,"$1,041.25",15,Paid,wire,2024-02-27,06/09/2026,No,1,0
INV-104877,ACC-7716,Nakatomi Ltd,billing@nakatomi.com,LATAM,Gaming, Starter ,Monthly,25,USD,1225.00,0,success,ACH,2022-07-28,2024-07-10,0,4,0
INV-102076,ACC-3593,Oscorp Industries,billing@oscorp.com,NA,Healthcare, Starter ,annually,5,USD,-1960.00,20,completed,Wire Transfer,2023-07-04,2023-12-05,1,5,0
INV-100468,ACC-8667,Nakatomi Co,billing@nakatomi.com,LATAM,Fintech, Starter ,monthly,10,USD,490.00 USD,0,PAID,ach,2024-06-09,2026-02-07,0,1,0
INV-104084,ACC-2320,Oscorp Corp,billing@oscorp.com,LATAM,Retail,Tier 1,yearly,3,GBP,1586.87,15,Paid,Credit Card,28-03-2021,2021-11-10,1,1,0
INV-102819,ACC-9213,Cyberdyne Holdings,billing@cyberdyne.com,APAC,Education,STARTER,annual,1,USD,392.00 USD,20,completed,ach,2023-07-12,2025-06-18,No,4,8
INV-100769,ACC-1293,Tyrell Partners,billing@tyrell.com,LATAM,,Start,monthly,3,USD,$147.00,0,paid,ACH,2023-04-17,May 11 2023,Y,3,5
INV-103441,ACC-1753,Wayne Holdings,billing@wayne.com,APAC,,STARTER,yearly,10,USD,"$4,900.00",0,declined,,2021-11-28,09/04/2022,FALSE,4,1
INV-101334,ACC-2367,Acme LLC,billing@acme.com,LATAM,Media,Tier 1,Monthly,3,GBP,186.69,0,success,ach,2021/10/05,2024-06-06,false,3,0
INV-103709,ACC-1343,Nakatomi Group,billing@nakatomi.com,NA,Education,PRO,monthly,10,USD,990.00 USD,0,paid,wire,2023/12/06,Dec 17 2024,Y,5,0
INV-102795,ACC-8710,Oscorp Labs,billing@oscorp.com,APAC,Travel,starter,Monthly,10,USD,392.00 USD,20,error,ACH,06/23/2022,2022-12-12,N,5,5
INV-101690,ACC-6505,Prestige Holdings,billing@prestige.com,EMEA,Healthcare,Tier 2,annually,100,USD,"$-99,000.00",0,refunded,ach,2023-05-02,Oct 11 2024,true,1,0
INV-102727,ACC-1001,Umbrella Corp,billing_at_umbrella.com,APAC,Energy,STARTER,Monthly,10,EUR,476,10,Complete,invoice,08/21/2022,2025-05-17,FALSE,4,0
INV-103516,ACC-2718,Globex Ltd,billing@globex.com,LATAM,Education,STARTER,monthly,250,USD,"$12,250.00",0,PAID,credit_card,08/28/2021,2023-03-09,0,4,5
INV-100071,ACC-3587,Acme Ltd,billing@acme.com,EMEA,Retail,Start,Monthly,100,USD,4900.00,0,paid,,2022-04-21,2023/10/20,No,1,0
INV-103616,ACC-7283,Acme Ltd,billing@acme.com,APAC,Media,Starter,annually,50,USD,24500.00,0,Paid,credit_card,2021/04/30,Jan 7 2022,false,,0
INV-101059,ACC-3528,Wayne Co,billing@wayne.com,APAC,Healthcare,Professional,yearly,10,USD,8910.00,10,Paid,wire,02/28/2021,2023-11-07,0,1,0
INV-101641,ACC-6203,Globex Co,billing@globex.com,NA,Retail,Tier 3,Monthly,10,USD,"$2,990.00",0,Complete,,02/19/2024,2026-10-09,0,3,0
INV-104797,ACC-3038,Tyrell Inc,billing@tyrell.com,EMEA,Energy,Starter,Monthly,250,EUR,13230.00,0,paid,ach,2021/06/02,2022-11-26,false,5,0
INV-102702,ACC-1549,Umbrella Co,billing@umbrella.com,LATAM,Retail,STARTER,Annual,100,USD,49000.00,0,PAID,ach,07-08-2023,2025-08-21,Y,1,5
INV-103374,ACC-2918,Wayne Ltd,billing_at_wayne.com,EMEA,Travel,PRO,Monthly,10,USD,990,0,success,Credit Card,2023-11-27,Nov 5 2024,TRUE,4,0
INV-101351,ACC-4762,Hooli Partners,billing@hooli.com,NA,Retail,STARTER,yearly,100,USD,41650.00,15,completed,wire,2022/03/04,04/07/2023,No,,0
INV-100450,ACC-1008,Oscorp Co,billing@oscorp.com,APAC,Energy,Start,Annual,10,USD,"$3,675.00",25,PAID,ACH,09/06/2022,2023-06-03,N,3,0
INV-101215,ACC-8211,Wonka Inc,billing@wonka.com,APAC,Manufacturing,Tier 2,annually,3,EUR,3208,0,Failed,Wire Transfer,2022-03-03,2024-10-04,TRUE,,5
INV-102840,ACC-9613,Gekko Partners,billing@gekko.com,APAC,Fintech,Pro ,annually,10,EUR,10692,0,Paid,Wire Transfer,2022-06-30,2023/07/27,false,1,0
INV-100231,ACC-6427,Prestige Ltd,billing@prestige.com,APAC,Retail,PRO,Annual,100,EUR,"106,920.00 EUR",0,in_review,,2021-08-19,2023-09-07,N,1,0
INV-100707,ACC-7416,Tyrell Ltd,billing@tyrell.com,EMEA,Media,Tier 1,annual,25,USD,9800.00,20,paid,ach,2024-06-02,2025-01-11,N,4,0
INV-104187,ACC-9486,Soylent Ltd,billing@soylent.com,NA,Fintech,Pro,Monthly,1,USD,89,10,completed,ach,12/18/2021,2022-02-05,Yes,5,0
INV-100492,ACC-8410,Nakatomi Co,billing@nakatomi.com,APAC,Energy,Start,annually,100,USD,"$49,000.00",0,success,invoice,2022-05-19,2022-12-27,0,5,0
INV-104127,ACC-9106,Aperture Group,billing@aperture.com,NA,Logistics,starter,annually,5,USD,2450.00,0,pending,Credit Card,2023-08-16,2024-11-21,FALSE,,1
INV-101429,ACC-7770,Umbrella Corp,billing@umbrella.com,NA,Gaming,starter,yearly,25,USD,12250.00,0,paid,wire,2021/01/28,01/02/2023,0,5,0
INV-102490,ACC-1581,Wonka Corp,billing@wonka.com,NA,Healthcare,Start,monthly,10,USD,367.50,25,completed,,2024-08-08,2026-12-18,false,5,2
INV-100116,ACC-6846,Cyberdyne Corp,,APAC,Travel,Tier 1,annually,5,EUR,"€2,381.40",10,Paid,,2024-03-19,2025/04/23,FALSE,5,0
INV-100045,ACC-8242,Pied Piper Partners,billing@pied.com,NA,Manufacturing,starter,Monthly,250,USD,12250.00,0,success,ACH,2023/12/16,2025-10-29,false,,1
INV-102010,ACC-7178,Cyberdyne Partners,billing@cyberdyne.com,NA,Gaming,starter,annual,50,GBP,24892.00,20,Complete,,2024-07-16,Jun 28 2026,FALSE,4,0
INV-101619,ACC-2421,Globex Industries,billing@globex.com,EMEA,Healthcare,Professional,Monthly,1,USD,99.00,0,success,wire,2022-05-28,2024-06-12,0,5,2
INV-101415,ACC-3340,Cyberdyne Group,billing@cyberdyne.com,NA,, Starter ,yearly,1,USD,441,10,Paid,Wire Transfer,2021-01-05,2023/03/02,false,5,0
INV-101953,ACC-7739,Initech LLC,billing@initech.com,NA,Logistics,STARTER,annually,50,EUR,"26,460.00 EUR",0,Paid,Wire Transfer,06/23/2024,2024/08/22,N,2,0
INV-102934,ACC-6237,Stark Partners,billing@stark.com,EMEA,Travel,Starter,annually,25,USD,"$12,250.00",0,PAID,Wire Transfer,09/22/2022,06/26/2023,0,4,0
INV-103533,ACC-1474,Vandelay Ltd,billing@vandelay.com,APAC,Manufacturing,Professional,Annual,5,EUR,"4,811.40 EUR",10,success,invoice,23-07-2023,03/22/2024,0,4,0
INV-104727,ACC-9773,Gekko Holdings,billing@gekko.com,APAC,,starter,annually,10,USD,4900.00,0,Paid,ach,2023-07-29,2025-02-26,false,4,0
INV-103231,ACC-3114,Stark Holdings,billing_at_stark.com,EMEA,Retail,Tier 1,yearly,10,USD,4900.00,0,Paid,,2021-01-07,2021-05-15,N,5,5
INV-102893,ACC-5086,Tyrell LLC,billing_at_tyrell.com,LATAM,Fintech,starter,Annual,1,USD,490.00 USD,0,Complete,Wire Transfer,08/15/2022,2024/01/09,1,1,0
INV-102192,ACC-1824,Globex Labs,billing@globex.com,APAC,Travel,Tier 1,annually,250,USD,110250.00,10,FAILED,ACH,2021-01-03,02/12/2022,Y,4,0
INV-102527,ACC-6571,Gekko Corp,billing@gekko.com,LATAM,Fintech,Professional,monthly,1,EUR,106.92,0,completed,ach,Sep 2 2023,09/10/2024,No,5,0
INV-103706,ACC-1571,Pied Piper Industries,billing@pied.com,NA,Retail,Start,monthly,50,USD,"$2,450.00",0,Paid,credit_card,Dec 6 2021,2024-06-22,1,,3
INV-104742,ACC-7109,Gekko Labs,billing@gekko.com,NA,Manufacturing,STARTER,yearly,100,GBP,"62,230.00 GBP",0,completed,ach,2023-09-04,2024-05-05,No,3,2
INV-100840,ACC-6715,Soylent Co,billing@soylent.com,APAC,Logistics,Enterprise ,annually,10,EUR,24219.00,25,canceled,credit_card,03/31/2021,2022-02-20,N,5,0
INV-102324,ACC-2016,Dunder Labs,billing@dunder.com,EMEA,Healthcare,STARTER,Monthly,1,EUR,52.92,0,PAID,Wire Transfer,2022-08-20,2024-07-26,false,2,0
INV-102678,ACC-4567,Wonka Industries,billing@wonka.com,EMEA,Energy,PRO,annual,25,USD,24750.00,0,paid,credit_card,2022-05-22,Aug 10 2023,FALSE,5,0
INV-102489,ACC-9417,Globex LLC,billing@globex.com,NA,Logistics,Tier 1,Monthly,100,GBP,-6223.00,0,REFUND,Wire Transfer,2022/10/15,05/27/2025,FALSE,3,0
INV-104892,ACC-7798,Pied Piper Labs,billing@pied.com,NA,Travel, Starter ,yearly,1,USD,416.50,15,Complete,ach,11/13/2021,2021-12-13,FALSE,3,0
INV-103033,ACC-9978,Nakatomi Ltd,billing@nakatomi.com,APAC,,Tier 2,Monthly,10,USD,$990.00,0,PAID,ach,2023-03-24,24-04-2025,false,3,2
INV-100902,ACC-5713,Wayne LLC,billing@wayne.com,LATAM,Media,enterprise ,Monthly,25,USD,"$6,727.50",10,Paid,credit_card,2023-11-12,12/30/2025,N,4,0
INV-103043,ACC-2399,Prestige Group,billing@prestige.com,APAC,Retail,STARTER,Monthly,25,USD,1102.50,10,PAID,Wire Transfer,05/02/2024,May 8 2026,0,4,2
INV-102098,ACC-9534,Aperture Inc,billing@aperture.com,NA,Logistics,PRO,Monthly,25,USD,2475.00,0,Complete,,2022-04-20,2024-11-26,Yes,5,8
INV-103194,ACC-9253,Tyrell Co,billing@tyrell.com,NA,Education,Pro,yearly,10,USD,"9,900.00 USD",0,PAID,ach,2023-07-25,2025/01/16,0,4,0
INV-102084,ACC-3061,Aperture Corp,,LATAM,Energy,Professional,Monthly,100,EUR,10692,0,completed,Credit Card,19-01-2024,08/07/2026,TRUE,1,0
INV-104844,ACC-9780,Nakatomi Group,billing@nakatomi.com,NA,Manufacturing,ENT,annual,1,GBP,"£3,797.30",0,awaiting,Credit Card,03/09/2024,Mar 12 2025,Y,4,0
INV-100558,ACC-4262,Cyberdyne Industries,billing@cyberdyne.com,NA,Fintech,Enterprise,monthly,100,USD,"$23,920.00",20,success,Credit Card,08/21/2024,08/02/2025,N,1,1
INV-104201,ACC-1339,Globex Partners,billing@globex.com,NA,Healthcare,enterprise ,Monthly,1,GBP,379.73,0,Paid,invoice,08/28/2022,11/13/2022,0,4,5
INV-101862,ACC-9146,Initech Labs,billing@initech.com,EMEA,Gaming, Starter ,annually,5,EUR,2646.00,0,PAID,ACH,06/16/2022,2023-02-23,N,5,0
INV-103674,ACC-4460,Vandelay Corp,billing@vandelay.com,LATAM,Energy,STARTER,annually,100,USD,"49,000.00 USD",0,completed,invoice,Jan 2 2024,2024/08/20,false,2,0
INV-104384,ACC-3874,Soylent Holdings,,APAC,Healthcare,Starter,yearly,10,USD,"$4,900.00",0,Void,,Jan 16 2024,2025-02-07,No,,1
INV-103355,ACC-9839,Wayne Labs,billing@wayne.com,NA,Manufacturing,pro,annual,250,USD,247500,0,Paid,credit_card,12/15/2023,2024-07-23,0,2,0
INV-104940,ACC-4813,Vandelay Group,billing@vandelay.com,APAC,Education,Starter,Annual,250,EUR,"€119,070.00",10,Complete,credit_card,2024-01-19,03/15/2024,0,2,0
INV-103463,ACC-6915,Wayne Corp,billing@wayne.com,LATAM,Logistics,Enterprise ,Monthly,3,EUR,968.76,0,success,wire,2023-07-07,2024-07-16,0,1,0
INV-100894,ACC-7970,Vandelay LLC,billing@vandelay.com,EMEA,Healthcare,Start,annual,3,USD,1470.00,0,paid,credit_card,12-09-2023,2023-12-22,0,2,0
INV-102302,ACC-2038,Tyrell Partners,billing@tyrell.com,APAC,Logistics,Tier 2,annually,250,USD,247500.00,0,Paid,Wire Transfer,2023/09/16,2025-11-29,true,4,1
INV-102017,ACC-1435,Vandelay Inc,billing@vandelay.com,NA,Travel,starter,monthly,250,GBP,15557.50,0,canceled,Credit Card,2023-01-16,2023-05-14,FALSE,5,5
INV-101565,ACC-6773,Dunder Industries,,NA,Logistics,Tier 1,annually,250,USD,122500.00,0,completed,ACH,2022/10/11,2024-05-10,false,3,5
INV-100929,ACC-4169,Stark Corp,billing@stark.com,LATAM,Healthcare,STARTER,monthly,100,USD,"$4,900.00",0,success,invoice,2023-08-20,2023-11-24,0,4,0
INV-104356,ACC-1111,Cyberdyne Inc,billing@cyberdyne.com,APAC,Logistics,Tier 3,Monthly,1,USD,299,0,paid,invoice,2023/06/04,2025/02/25,N,3,0
INV-103957,ACC-4540,Nakatomi Group,billing@nakatomi.com,LATAM,Manufacturing,Tier 1,monthly,250,GBP,14001.75,10,Pending,,06/07/2022,2023-03-05,FALSE,2,0
INV-102462,ACC-1974,Dunder Co,billing@dunder.com,NA,Fintech,Pro,annually,250,GBP,314325.00,0,completed,wire,Nov 29 2022,Aug 30 2024,FALSE,3,5
INV-104601,ACC-8856,Stark Co,,NA,Retail,pro,monthly,50,EUR,"€5,346.00",0,declined,invoice,2024-08-08,2027/02/07,N,,1
INV-102044,ACC-2185,Pied Piper Partners,billing@pied.com,LATAM,Healthcare,PRO,annually,10,EUR,-8553.60,20,charged_back,wire,11-02-2023,07/15/2023,0,4,0
INV-102566,ACC-2955,Oscorp Inc,billing@oscorp.com,LATAM,Education,Starter,yearly,3,USD,1470.00,0,PAID,invoice,08/13/2024,2024-10-29,false,,0
INV-103532,ACC-8842,Massive Dynamic Industries,billing@massive.com,EMEA,Gaming,Tier 1,Monthly,50,USD,2450.00,0,paid,credit_card,06/25/2024,07/29/2025,No,2,0
INV-100756,ACC-7268,Vandelay Holdings,billing@vandelay.com,APAC,Manufacturing,Pro,monthly,50,USD,"4,950.00 USD",0,Complete,ACH,2024-08-29,2025-02-18,1,3,0
INV-100772,ACC-6752,Nakatomi Labs,billing@nakatomi.com,APAC,Energy,Enterprise ,Monthly,5,GBP,1613.85,15,canceled,ACH,04/18/2023,09/06/2025,No,,0
INV-100824,ACC-9666,Gekko Partners,billing@gekko.com,LATAM,Fintech,Tier 1,Monthly,3,USD,110.25,25,Complete,ACH,2024-09-27,2027-04-11,true,1,5
INV-104004,ACC-9197,Tyrell Group,billing@tyrell.com,LATAM,Gaming,Start,Monthly,3,USD,147.00 USD,0,Paid,Credit Card,2022-09-09,2023-10-22,N,3,1
INV-101039,ACC-5081,Hooli LLC,billing@hooli.com,EMEA,Gaming,Enterprise ,Monthly,1,USD,224.25 USD,25,Void,Credit Card,2024-03-27,2026-02-02,Yes,5,2
INV-100340,ACC-9723,Aperture Co,billing_at_aperture.com,LATAM,Gaming,Enterprise,yearly,5,USD,14950.00,0,completed,wire,Jan 12 2022,2022-01-15,Yes,3,0
INV-100681,ACC-2095,Prestige Holdings,billing@prestige.com,LATAM,Education,Professional,monthly,5,EUR,€534.60,0,paid,credit_card,2021-01-29,2022/06/26,TRUE,,0
INV-102915,ACC-6139,Globex Inc,billing@globex.com,EMEA,Healthcare,enterprise,yearly,5,USD,"$11,212.50",25,Complete,ACH,04/20/2022,07-01-2025,FALSE,1,0
INV-101703,ACC-2571,Wayne Inc,billing@wayne.com,EMEA,Travel,ENT,Monthly,3,USD,673,25,completed,Wire Transfer,2022-05-31,2024-09-07,FALSE,5,1
INV-101008,ACC-1816,Wonka Inc,billing@wonka.com,EMEA,Media,pro,monthly,25,EUR,2272.05,15,Paid,ach,2021-06-25,08/10/2023,FALSE,5,0
INV-102761,ACC-9899,Nakatomi Corp,billing@nakatomi.com,NA,,Start,Annual,50,EUR,26460.00,0,PAID,credit_card,2021-01-12,01/10/2023,0,1,3
INV-102872,ACC-3376,Dunder LLC,billing@dunder.com,APAC,Media,Tier 1,monthly,250,USD,12250.00,0,completed,credit_card,2021/06/30,2024-02-22,No,1,3
INV-102425,ACC-1786,Aperture Corp,billing_at_aperture.com,NA,Education, Starter ,annually,50,EUR,26460.00,0,success,invoice,2023-11-02,2025/01/18,0,5,1
INV-100868,ACC-8208,Globex Industries,billing@globex.com,EMEA,Healthcare,Pro,monthly,25,USD,2103.75,15,success,wire,Apr 1 2022,11-09-2023,false,4,5
INV-103035,ACC-5625,Nakatomi Corp,billing@nakatomi.com,LATAM,Retail,ENT,monthly,1,USD,299.00,0,Paid,ACH,2021/11/27,Oct 2 2022,true,4,0
INV-100491,ACC-3509,Gekko Co,billing@gekko.com,LATAM,Education,STARTER,Monthly,10,USD,367.50,25,Complete,ach,25-11-2021,2022-12-06,No,4,0
INV-101117,ACC-9686,Aperture Inc,billing@aperture.com,NA,,Start,annually,3,USD,1470,0,PAID,Wire Transfer,06/14/2024,2026-06-24,false,5,0
INV-103437,ACC-9964,Hooli Holdings,billing@hooli.com,NA,Retail,pro,Annual,5,EUR,"€5,346.00",0,completed,ach,2023-10-04,2024-12-04,No,2,0
INV-102639,ACC-2868,Wonka Labs,billing@wonka.com,NA,Education, Starter ,Annual,100,EUR,44982.00,15,paid,,2022-02-10,2023-12-27,Yes,5,1
INV-103984,ACC-4092,Globex Corp,billing@globex.com,LATAM,Gaming,Pro ,monthly,25,EUR,2673.00,0,failed,Wire Transfer,Nov 13 2022,07/02/2024,N,4,0
INV-102432,ACC-5063,Soylent LLC,billing@soylent.com,LATAM,Fintech,Enterprise,Monthly,3,USD,762.45,15,completed,Credit Card,2021/04/08,09/27/2021,FALSE,5,0
INV-103467,ACC-9000,Globex Corp,billing@globex.com,EMEA,Logistics,Starter,annual,50,USD,24500.00,0,completed,wire,2022/01/23,2024-03-21,FALSE,,0
INV-102553,ACC-5666,Initech Corp,billing@initech.com,LATAM,Manufacturing,starter,annual,250,EUR,"€132,300.00",0,completed,Wire Transfer,2021-01-14,Sep 28 2021,false,2,5
INV-102589,ACC-6938,Vandelay Co,billing@vandelay.com,LATAM,Media,Tier 1,yearly,1,USD,416,15,Complete,credit_card,2022-03-24,2024-02-26,false,4,0
INV-103143,ACC-7772,Oscorp Partners,billing@oscorp.com,EMEA,Fintech,Pro ,monthly,25,USD,"$2,475.00",0,success,ach,2023-07-28,2023-10-06,No,2,0
INV-102605,ACC-2415,Prestige Ltd,billing@prestige.com,APAC,Media,starter,yearly,50,USD,24500.00,0,Paid,Credit Card,04/30/2022,2024/10/14,No,3,1
INV-101964,ACC-2737,Massive Dynamic Inc,,APAC,,Enterprise,annually,25,EUR,"€80,730.00",0,PAID,,2023/09/28,11/05/2023,No,5,0
INV-103673,ACC-8748,Initech Ltd,billing@initech.com,NA,Fintech,enterprise,Annual,10,EUR,"€32,292.00",0,Complete,Credit Card,2024-01-27,2024/10/03,TRUE,5,0
INV-100249,ACC-4868,Stark Partners,billing@stark.com,NA,Media,Starter,monthly,5,USD,245.00,0,declined,ACH,06/13/2023,2024-08-18,0,1,0
INV-104923,ACC-5059,Cyberdyne Partners,billing@cyberdyne.com,LATAM,,Starter,Annual,10,USD,4900.00,0,in_review,Credit Card,06/01/2021,Jan 3 2022,FALSE,5,1
INV-102430,ACC-1714,Pied Piper Labs,billing@pied.com,EMEA,Energy,Starter,Annual,1,USD,392.00,20,paid,wire,2023-10-06,2024/01/22,0,3,0
INV-100371,ACC-6131,Aperture LLC,billing@aperture.com,APAC,Education,Starter,yearly,50,USD,20825.00,15,paid,Wire Transfer,2024/06/19,10/02/2024,true,1,3
INV-103816,ACC-8019,Aperture Co,billing@aperture.com,APAC,, Starter ,Annual,10,EUR,5292.00,0,Paid,,02/18/2024,12/07/2025,0,4,5
INV-100133,ACC-3247,Dunder Holdings,billing@dunder.com,EMEA,Retail,Starter,Monthly,250,USD,12250,0,Paid,,2022-06-23,2024-10-21,false,3,2
INV-103352,ACC-7680,Aperture Inc,billing@aperture.com,NA,Travel, Starter ,monthly,1,USD,49.00,0,paid,Wire Transfer,09/06/2022,25-03-2023,TRUE,5,0
INV-101976,ACC-5632,Aperture Co,billing@aperture.com,LATAM,Logistics,pro,annual,1,USD,$990.00,0,declined,Wire Transfer,2022/08/30,2023-10-17,true,2,0
INV-101434,ACC-3099,Soylent Holdings,billing@soylent.com,NA,Healthcare,Start,Annual,100,USD,49000.00,0,Complete,wire,2021-04-09,2021-09-24,0,5,0
INV-103395,ACC-2215,Tyrell Inc,billing_at_tyrell.com,EMEA,Energy,Tier 3,Monthly,5,USD,1495.00,0,completed,ACH,2023-08-24,2025-12-30,FALSE,1,5
INV-102474,ACC-1854,Massive Dynamic Corp,billing@massive.com,NA,Healthcare,Enterprise,annual,250,EUR,"726,570.00 EUR",10,completed,credit_card,2024-01-20,2024-08-08,true,5,0
INV-104945,ACC-6327,Hooli Co,billing@hooli.com,APAC,Retail,Starter,Monthly,50,EUR,2646.00,0,awaiting,Wire Transfer,2022-11-20,2023-12-06,false,,2
INV-104927,ACC-6906,Initech Ltd,billing@initech.com,LATAM,Logistics,PRO,Annual,250,USD,247500.00,0,Complete,,2023-01-06,08/05/2025,false,4,0
INV-100580,ACC-8568,Stark LLC,billing@stark.com,EMEA,Media,Enterprise ,Annual,10,USD,"25,415.00 USD",15,PENDING,credit_card,03/28/2021,10/05/2021,No,3,0
INV-100478,ACC-8809,Globex Industries,billing@globex.com,LATAM,Manufacturing,enterprise,annual,3,GBP,9113.52,20,PAID,wire,2021-02-26,02/26/2023,N,4,0
INV-102503,ACC-5106,Pied Piper Inc,billing@pied.com,EMEA,Logistics,Start,annually,3,USD,1470.00,0,completed,,2021-03-17,2022-09-20,true,4,5
INV-104268,ACC-8023,Pied Piper Ltd,billing@pied.com,APAC,,Starter,monthly,10,USD,441.00,10,cancelled,,2022-07-05,2024-06-14,false,,0
INV-102787,ACC-3278,Dunder Corp,billing@dunder.com,EMEA,Logistics,starter,annual,3,USD,1323.00,10,paid,wire,Jan 16 2024,2025-08-17,false,1,0
INV-104572,ACC-1108,Prestige Corp,billing@prestige.com,EMEA,Manufacturing,Enterprise ,Monthly,250,EUR,80730.00,0,Paid,Wire Transfer,2023-07-28,08/09/2025,No,4,0
INV-101268,ACC-4769,Initech Ltd,billing@initech.com,EMEA,Healthcare,STARTER,Annual,100,GBP,"£62,230.00",0,Paid,ach,2022-10-12,08-06-2025,false,3,0
INV-102949,ACC-3703,Pied Piper Inc,billing@pied.com,NA,Travel,PRO,Monthly,5,USD,495.00,0,paid,ach,2023-08-04,2024-11-16,false,4,0
INV-104889,ACC-4451,Gekko LLC,billing@gekko.com,APAC,Gaming,enterprise ,monthly,1,GBP,-380,0,Refunded,,2022-09-13,2025-04-03,Yes,3,0
INV-102114,ACC-8479,Wonka Industries,billing@wonka.com,APAC,Logistics,Enterprise ,monthly,10,USD,"$2,990.00",0,Paid,ach,03/13/2022,Apr 1 2023,1,3,0
INV-103032,ACC-6915,Gekko Inc,billing@gekko.com,APAC,Media,PRO,Monthly,50,GBP,4714.88,25,Paid,,11/04/2023,10/04/2024,N,4,1
INV-104331,ACC-5811,Hooli Holdings,billing@hooli.com,NA,Logistics,pro,Annual,1,USD,$742.50,25,declined,invoice,2022-05-23,2023-04-28,0,3,0
INV-103375,ACC-3084,Dunder Ltd,billing@dunder.com,NA,Fintech,Start,annually,10,USD,4900.00,0,PAID,credit_card,2023-06-02,Dec 21 2023,0,4,5
INV-104027,ACC-1937,Tyrell Industries,billing@tyrell.com,APAC,Healthcare,STARTER,yearly,10,USD,"3,920.00 USD",20,cancelled,wire,Mar 30 2022,Apr 5 2024,N,4,0
INV-102994,ACC-7139,Aperture Partners,billing@aperture.com,APAC,Healthcare,pro,Monthly,100,USD,9900,0,completed,Wire Transfer,09/01/2022,2022-11-28,No,5,0
INV-104954,ACC-8437,Wayne LLC,billing@wayne.com,NA,Retail,PRO,monthly,3,EUR,320.76,0,Complete,Credit Card,2021-04-30,2023-01-19,N,5,0
INV-103261,ACC-2388,Vandelay Holdings,billing@vandelay.com,EMEA,Travel, Starter ,monthly,100,USD,4900.00,0,Paid,ach,07/31/2021,2021-11-14,TRUE,3,0
INV-100825,ACC-7687,Massive Dynamic Partners,billing@massive.com,LATAM,Retail,STARTER,monthly,50,USD,2082.50,15,in_review,ACH,2023-03-30,Oct 19 2024,No,5,2
INV-101476,ACC-2758,Umbrella Group,billing@umbrella.com,LATAM,Media,Tier 1,Annual,1,USD,-490.00,0,Refunded,ach,2021-07-28,05/28/2023,false,2,0
INV-102660,ACC-7263,Globex Ltd,billing@globex.com,EMEA,Gaming,Tier 3,Monthly,5,USD,"$1,345.50",10,success,ACH,01/07/2023,2024-09-04,FALSE,5,0
INV-100673,ACC-2001,Stark Corp,billing@stark.com,EMEA,Retail,Pro ,monthly,5,USD,495,0,failed,invoice,03/07/2021,2022-10-13,TRUE,4,0
INV-102190,ACC-7422,Nakatomi Industries,billing@nakatomi.com,APAC,,enterprise ,monthly,3,GBP,968.31 GBP,15,canceled,Wire Transfer,2022-12-15,2025-07-24,N,3,1
INV-100833,ACC-1206,Massive Dynamic Group,,EMEA,Travel,PRO,Monthly,10,GBP,"£1,257.30",0,Void,credit_card,2024-01-24,2024-06-25,Y,5,1
INV-104230,ACC-3823,Nakatomi Corp,billing@nakatomi.com,LATAM,Media,enterprise,annually,10,GBP,"£28,479.75",25,Complete,ach,2024-06-11,2025/09/09,FALSE,4,0
INV-104769,ACC-5084,Globex Inc,billing_at_globex.com,APAC,Travel,Enterprise ,monthly,10,USD,2392.00,20,cancelled,wire,2023/05/01,Jul 9 2023,Yes,3,2
INV-104244,ACC-4036,Initech LLC,billing@initech.com,NA,Healthcare,Enterprise ,Monthly,3,USD,$807.30,10,declined,invoice,Jul 28 2021,2022-05-18,FALSE,,8
INV-103031,ACC-6448,Wayne Co,billing@wayne.com,NA,Energy,Start,annual,50,USD,24500.00,0,VOID,Wire Transfer,08/13/2022,21-11-2024,N,4,8
INV-101459,ACC-6827,Soylent Labs,billing@soylent.com,APAC,Manufacturing,Tier 1,annually,5,USD,"2,450.00 USD",0,completed,,2021-06-10,2023/07/05,No,5,1
INV-104953,ACC-8291,Wonka Group,,LATAM,Media,Tier 3,Monthly,3,USD,$897.00,0,Paid,Credit Card,2021-01-07,10/06/2022,0,5,2
INV-100552,ACC-3957,Stark Group,billing@stark.com,EMEA,Education,Starter,annually,25,USD,"$12,250.00",0,completed,credit_card,10/30/2021,2022/10/05,N,5,8
INV-103190,ACC-5011,Prestige LLC,billing@prestige.com,EMEA,Travel,Start,annual,25,USD,9800.00,20,Complete,Credit Card,2024-05-25,2025-06-28,FALSE,2,0
INV-101886,ACC-2025,Soylent Holdings,billing@soylent.com,EMEA,, Starter ,Monthly,100,EUR,4762.80,10,paid,ACH,08/19/2023,2025-04-30,FALSE,,0
INV-100790,ACC-2977,Pied Piper Labs,billing@pied.com,APAC,Fintech,Enterprise,monthly,50,EUR,"16,146.00 EUR",0,completed,credit_card,2022-08-15,May 16 2023,FALSE,4,3
INV-101393,ACC-6710,Aperture Corp,billing@aperture.com,NA,Media,Tier 1,Monthly,10,USD,416.50,15,paid,ach,2024-06-09,2024-11-24,FALSE,5,0
INV-101588,ACC-8858,Acme Holdings,billing@acme.com,APAC,Travel, Starter ,Annual,25,USD,12250.00,0,Paid,ACH,06/21/2021,06/30/2022,1,5,1
INV-103320,ACC-3945,Vandelay Labs,billing@vandelay.com,NA,Gaming,STARTER,Monthly,50,USD,"$2,450.00",0,paid,credit_card,03/31/2022,08/26/2022,N,4,0
INV-104092,ACC-2655,Vandelay LLC,billing@vandelay.com,NA,Manufacturing,Starter,monthly,1,EUR,€52.92,0,PENDING,Credit Card,2021/02/28,2023/01/20,N,5,0
INV-100677,ACC-4872,Globex Industries,billing@globex.com,NA,Healthcare, Starter ,Monthly,10,USD,490.00,0,completed,,2021-12-20,2024-03-21,N,4,0
INV-101183,ACC-7655,Wayne Co,billing@wayne.com,LATAM,Gaming,Tier 2,Annual,3,USD,2970,0,PAID,ACH,11-12-2023,16-09-2025,0,5,2
INV-100413,ACC-2039,Cyberdyne Industries,billing@cyberdyne.com,EMEA,,Tier 2,Annual,10,GBP,10687.05,15,declined,Credit Card,04/15/2022,2023/02/06,false,4,0
INV-103298,ACC-3191,Hooli Inc,billing@hooli.com,NA,Media,Start,Monthly,10,USD,$490.00,0,success,wire,2024-10-21,06/03/2026,N,,1
INV-102276,ACC-5325,Aperture Co,billing@aperture.com,APAC,,Enterprise,annually,5,USD,14950.00,0,completed,wire,2021/08/09,2023/07/18,FALSE,2,5
INV-101193,ACC-6968,Oscorp Co,billing@oscorp.com,EMEA,Energy,Tier 2,annual,25,EUR,22720.50,15,paid,invoice,03-09-2023,2025-02-08,FALSE,3,0
INV-101741,ACC-6112,Soylent Corp,billing@soylent.com,APAC,Gaming, Starter ,Monthly,5,USD,245.00,0,completed,ACH,2021-03-28,03/01/2023,FALSE,4,0
INV-102319,ACC-8960,Aperture Inc,billing@aperture.com,LATAM,Fintech,pro,Annual,250,GBP,"£314,325.00",0,Failed,invoice,02/28/2021,2022/03/04,FALSE,3,0
INV-101593,ACC-8220,Tyrell Ltd,billing@tyrell.com,NA,Logistics,Tier 2,annual,10,EUR,-10692.00,0,Refunded,ACH,2023-01-10,2025/06/17,false,5,8
INV-104096,ACC-7956,Pied Piper Holdings,billing@pied.com,EMEA,,ENT,annually,250,USD,747500.00,0,PAID,Wire Transfer,04/22/2022,2023-02-02,TRUE,4,0
INV-102799,ACC-6865,Initech Ltd,billing@initech.com,LATAM,Healthcare,Pro,monthly,50,USD,4455.00,10,success,,11/30/2023,2024/10/09,No,4,3
INV-101229,ACC-7366,Aperture Holdings,billing@aperture.com,EMEA,Fintech, Starter ,monthly,250,USD,12250.00,0,Paid,ach,2021-10-26,2022/07/01,No,,0
INV-100768,ACC-4725,Soylent Co,billing@soylent.com,EMEA,Gaming,PRO,annually,10,USD,7425.00,25,VOID,Credit Card,02/05/2021,Feb 13 2021,FALSE,3,8
INV-101469,ACC-3514,Nakatomi Labs,billing@nakatomi.com,APAC,Energy,starter,Monthly,3,USD,$147.00,0,Complete,wire,10/23/2023,2025-01-28,N,,0
INV-104318,ACC-4260,Gekko Co,billing@gekko.com,NA,Fintech,STARTER,monthly,250,USD,-10412.50,15,refunded,Wire Transfer,Jan 2 2021,07/01/2023,FALSE,4,0
INV-102409,ACC-2721,Gekko Holdings,billing@gekko.com,EMEA,Retail,Tier 3,Annual,250,EUR,726570.00,10,in_review,Wire Transfer,2023/09/30,2026/05/06,1,5,0
INV-101198,ACC-6728,Cyberdyne Partners,billing@cyberdyne.com,APAC,Travel,enterprise ,annually,250,USD,747500.00,0,Complete,,2022-02-09,09/09/2024,1,4,0
INV-103142,ACC-3941,Hooli Labs,billing@hooli.com,APAC,Logistics,Start,monthly,50,USD,"2,450.00 USD",0,canceled,,2022-07-26,2024/01/02,false,2,1
INV-104510,ACC-7046,Wayne Partners,billing@wayne.com,LATAM,Logistics,pro,monthly,100,USD,8910,10,Failed,ach,2021/05/11,2023/08/13,FALSE,,2
INV-101045,ACC-4457,Initech Labs,billing@initech.com,EMEA,Media,enterprise ,Monthly,100,USD,29900.00,0,cancelled,ach,07/31/2023,2024-06-04,FALSE,2,0
INV-103435,ACC-1643,Wonka Group,billing@wonka.com,NA,Healthcare,Tier 1,Monthly,1,USD,44.10,10,void,credit_card,2024-08-19,26-08-2026,1,3,0
INV-102868,ACC-3688,Gekko LLC,billing@gekko.com,APAC,,starter,annually,1,EUR,529.20,0,Paid,invoice,2023-02-11,2025/02/13,N,5,1
INV-101103,ACC-2860,Globex Labs,billing@globex.com,NA,Fintech,Starter,annually,10,USD,"$4,900.00",0,VOID,credit_card,2023/08/21,2025-11-16,0,3,0
INV-104256,ACC-9599,Gekko Corp,billing_at_gekko.com,LATAM,Education, Starter ,annually,10,USD,"$-4,900.00",0,charged_back,Credit Card,2021-10-13,2024/03/10,0,5,3
INV-102801,ACC-8226,Initech Co,billing@initech.com,NA,Healthcare,ENT,annual,50,EUR,145314.00,10,Complete,credit_card,12/12/2021,2021-12-12,false,1,1
INV-101345,ACC-5474,Umbrella Labs,billing@umbrella.com,LATAM,Logistics,Pro ,yearly,5,USD,"$3,712.50",25,completed,Credit Card,2021-12-22,Sep 7 2022,false,3,2
INV-104540,ACC-4697,Initech LLC,,EMEA,Gaming,Tier 1,monthly,5,USD,183.75,25,canceled,ach,10-03-2021,06/25/2023,N,2,0
INV-101376,ACC-2778,Soylent Labs,billing@soylent.com,APAC,Logistics,enterprise ,annual,25,EUR,"80,730.00 EUR",0,canceled,invoice,Jun 24 2022,2024-02-08,FALSE,3,0
INV-100901,ACC-6685,Umbrella Group,billing@umbrella.com,APAC,Energy,PRO,yearly,10,GBP,12573.00,0,success,,09/26/2021,2024-04-28,N,,0
INV-102434,ACC-9903,Initech Corp,billing@initech.com,EMEA,Media,Start,annual,3,USD,1470,0,PAID,wire,2022-01-15,11/07/2023,No,3,5
INV-102923,ACC-2431,Acme Inc,billing@acme.com,NA,Healthcare,Tier 3,annually,1,USD,"$2,990.00",0,success,ach,2024-01-24,2025-08-06,FALSE,5,1
INV-100970,ACC-9880,Globex LLC,billing@globex.com,NA,Energy,Tier 1,annually,10,USD,4900.00,0,completed,Wire Transfer,2022/04/24,07/29/2022,N,3,1
INV-100635,ACC-5430,Pied Piper Partners,,APAC,Manufacturing,Tier 2,Monthly,50,EUR,4276.80,20,success,Credit Card,2023/09/05,2025-07-16,No,4,0
INV-102514,ACC-2310,Wonka Holdings,billing@wonka.com,NA,Logistics,ENT,yearly,5,USD,"$14,950.00",0,Complete,invoice,04/11/2021,2022-06-26,No,4,0
INV-102580,ACC-9143,Oscorp Co,billing@oscorp.com,NA,Healthcare,Professional,Monthly,10,USD,-990.00,0,refunded,Wire Transfer,09-08-2024,2026/04/13,TRUE,2,0
INV-103126,ACC-5759,Umbrella Labs,billing@umbrella.com,EMEA,Healthcare,pro,Monthly,1,EUR,106.92,0,success,ACH,27-10-2022,2023/04/24,No,5,3
INV-104410,ACC-3322,Wayne Partners,billing@wayne.com,APAC,,Starter,monthly,10,USD,490.00 USD,0,PAID,ach,2024-01-20,2026/08/06,No,4,0
INV-102438,ACC-2833,Oscorp Inc,billing@oscorp.com,LATAM,,starter,monthly,10,USD,490.00 USD,0,paid,Wire Transfer,2024-09-24,25-05-2025,N,5,5
INV-103026,ACC-6076,Globex Group,billing@globex.com,LATAM,Media,Tier 1,monthly,25,EUR,"€1,058.40",20,PAID,Wire Transfer,2023-02-26,02/08/2024,true,5,0
INV-100427,ACC-5832,Vandelay Corp,billing@vandelay.com,EMEA,Gaming,Start,Monthly,10,USD,490,0,success,invoice,2024-07-16,2026/06/19,No,1,1
INV-102880,ACC-7713,Initech Labs,billing@initech.com,EMEA,Manufacturing,Tier 1,monthly,10,USD,-490.00,0,REFUND,credit_card,2024-03-30,10/04/2025,N,4,1
INV-102480,ACC-2511,Initech Inc,billing@initech.com,APAC,Education, Starter ,Annual,10,USD,3920.00,20,completed,invoice,2023-02-11,2023/09/30,false,,3
INV-102096,ACC-7505,Stark Industries,billing@stark.com,APAC,Logistics, Starter ,yearly,3,USD,1323.00,10,void,,05/14/2023,04/21/2024,Y,5,2
INV-101086,ACC-8586,Tyrell Labs,billing@tyrell.com,NA,Gaming,Enterprise,Monthly,3,GBP,"£1,139.19",0,Paid,ACH,03/04/2021,28-05-2023,Y,1,0
INV-101344,ACC-5438,Wayne Group,billing@wayne.com,APAC,Fintech,enterprise,monthly,3,USD,$897.00,0,completed,invoice,2024-03-08,2025-02-11,No,,1
INV-103997,ACC-3360,Tyrell Labs,billing@tyrell.com,NA,Retail,PRO,Annual,50,USD,42075.00,15,Paid,credit_card,2023/09/04,2025/01/24,No,5,0
INV-103856,ACC-9109,Cyberdyne Labs,billing@cyberdyne.com,LATAM,Healthcare,starter,Monthly,25,USD,"1,225.00 USD",0,Complete,ach,12/01/2022,Jun 19 2023,FALSE,4,0
INV-104685,ACC-6449,Wonka Partners,billing@wonka.com,EMEA,Fintech,Tier 3,monthly,5,USD,"-1,495.00 USD",0,Refunded,Credit Card,2021/11/16,Feb 11 2024,TRUE,1,0
INV-100577,ACC-1045,Oscorp Inc,billing@oscorp.com,EMEA,Logistics,pro,annually,50,USD,49500.00,0,PENDING,wire,2023/04/10,2024/04/30,0,3,0
INV-103705,ACC-9879,Cyberdyne Labs,billing@cyberdyne.com,NA,Media,Pro ,Monthly,1,EUR,96,10,FAILED,Credit Card,02/18/2023,2023/05/07,FALSE,5,3
INV-102507,ACC-2728,Prestige LLC,billing@prestige.com,APAC,Travel,starter,annually,3,USD,"$1,470.00",0,Paid,,2023-10-30,2023/12/02,TRUE,4,0
INV-100127,ACC-5529,Initech Industries,billing@initech.com,APAC,Media,PRO,Annual,10,USD,8415.00,15,pending,credit_card,05/13/2024,30-06-2025,FALSE,3,1
INV-104388,ACC-4015,Umbrella Ltd,billing@umbrella.com,EMEA,Energy,Starter,Monthly,1,EUR,52.92,0,PENDING,Credit Card,2024-04-20,2024/08/22,No,3,5
INV-104580,ACC-7556,Massive Dynamic Co,billing@massive.com,NA,Education,starter,monthly,50,EUR,"€2,646.00",0,paid,,2023/09/08,2023-09-18,Yes,3,0
INV-102756,ACC-2787,Initech Inc,billing@initech.com,NA,Gaming,Tier 2,annual,1,USD,$990.00,0,Pending,invoice,2021/07/28,Sep 30 2022,No,,0
INV-102904,ACC-2341,Hooli Corp,billing@hooli.com,LATAM,Travel,PRO,annual,10,GBP,12573.00,0,paid,Credit Card,2022/05/02,2023-06-28,0,,1
INV-103749,ACC-9062,Wonka Industries,billing@wonka.com,NA,Travel,Professional,monthly,3,USD,$267.30,10,paid,Wire Transfer,2023/04/23,2024/10/15,0,5,0
INV-101042,ACC-5142,Massive Dynamic Co,billing@massive.com,APAC,Gaming,Starter,annual,10,USD,-4900.00,0,REFUND,ach,01/17/2024,2026-08-28,N,3,0
INV-103173,ACC-6751,Globex Inc,billing@globex.com,LATAM,Retail,Starter,annual,50,USD,"24,500.00 USD",0,completed,invoice,2021-12-03,18-08-2022,Yes,4,0
INV-102126,ACC-9929,Vandelay Group,billing@vandelay.com,LATAM,Education,starter,annually,250,GBP,"£132,238.75",15,FAILED,ach,2021-04-22,2021-08-28,1,4,5
INV-104246,ACC-4429,Gekko Industries,billing@gekko.com,LATAM,Travel,Tier 1,Annual,10,GBP,4667.25,25,Complete,ACH,06/20/2022,06/08/2023,N,2,5
INV-104357,ACC-6031,Acme Partners,billing@acme.com,NA,Manufacturing,Tier 2,yearly,25,USD,24750.00,0,success,ACH,2022-08-06,May 23 2024,false,3,3
INV-102374,ACC-7488,Aperture LLC,billing@aperture.com,NA,Gaming, Starter ,monthly,3,USD,147.00,0,completed,,Mar 20 2024,03-11-2026,N,1,1
INV-101795,ACC-8271,Umbrella Labs,billing@umbrella.com,LATAM,Logistics,Pro ,yearly,100,USD,99000.00,0,PAID,invoice,2021/08/28,2023-05-12,No,4,0
INV-100668,ACC-1884,Gekko Labs,billing@gekko.com,EMEA,Fintech,pro,Monthly,5,EUR,534.60,0,Paid,Wire Transfer,Jul 3 2022,2024-06-17,FALSE,3,2
INV-103158,ACC-8073,Hooli Inc,billing@hooli.com,EMEA,Gaming, Starter ,monthly,5,GBP,311,0,PAID,,03/06/2023,2025/05/06,N,5,0
INV-100624,ACC-3307,Soylent Inc,billing@soylent.com,NA,Education,Enterprise,Monthly,50,USD,"$14,950.00",0,completed,invoice,2021-05-04,2021-10-21,No,1,5
INV-101647,ACC-4502,Initech Inc,billing@initech.com,APAC,Media,STARTER,Annual,3,USD,1249.50,15,PAID,credit_card,2022-03-11,2022/11/27,No,4,0
INV-103811,ACC-3796,Nakatomi Group,billing@nakatomi.com,LATAM,Fintech,enterprise ,monthly,10,USD,"$2,990.00",0,paid,,2021/10/30,2021-12-01,TRUE,4,1
INV-101723,ACC-4332,Pied Piper Industries,billing@pied.com,LATAM,,PRO,Annual,3,USD,"2,970.00 USD",0,in_review,credit_card,2024-05-10,12/22/2026,true,,0
INV-100533,ACC-6792,Stark Ltd,billing@stark.com,APAC,Energy,enterprise,Annual,1,USD,2990.00,0,cancelled,invoice,2024-06-16,07/03/2024,FALSE,2,3
INV-100974,ACC-6759,Wayne Co,,EMEA,Education,Tier 1,Monthly,3,USD,$147.00,0,success,Credit Card,2022-10-28,2023-01-31,0,5,0
INV-102863,ACC-8562,Globex Group,billing@globex.com,NA,Education,Starter,Annual,3,GBP,"£1,866.90",0,cancelled,,05/06/2021,11/24/2021,No,4,1
INV-104700,ACC-8372,Hooli Labs,billing@hooli.com,EMEA,Energy,Pro,Annual,100,USD,99000,0,Paid,ach,02/17/2023,02/12/2024,No,,0
INV-104693,ACC-7831,Massive Dynamic Holdings,billing@massive.com,NA,Education,starter,annual,25,USD,11025.00,10,completed,ach,2021-09-12,04/13/2022,N,3,0
INV-103505,ACC-4168,Acme Partners,billing_at_acme.com,LATAM,Fintech,STARTER,Monthly,3,USD,$147.00,0,in_review,ach,2021-04-15,07/20/2021,false,4,0
INV-103098,ACC-5833,Wonka Labs,billing@wonka.com,LATAM,,Pro ,Monthly,10,EUR,1069.20,0,completed,invoice,2024-08-09,2026-08-17,0,4,0
INV-100307,ACC-7264,Massive Dynamic Co,,APAC,Energy,Pro ,monthly,10,USD,990.00,0,pending,ach,05/28/2023,2025-07-11,N,2,0
INV-101487,ACC-8846,Dunder Labs,billing@dunder.com,APAC,,Enterprise,annually,50,EUR,161460.00,0,PAID,,2022-01-31,2023-02-10,0,5,1
INV-102352,ACC-9687,Acme Inc,,NA,Travel,starter,annual,10,USD,4900.00,0,paid,invoice,2023-01-30,2023-12-21,false,5,0
INV-102068,ACC-8200,Wonka Partners,billing@wonka.com,EMEA,Energy,Enterprise,monthly,250,USD,74750.00,0,VOID,ACH,05/03/2024,09/28/2025,Yes,3,0
INV-102467,ACC-2564,Massive Dynamic Holdings,billing@massive.com,EMEA,Fintech, Starter ,annual,1,USD,490.00,0,void,,2023-06-20,11/12/2025,1,1,1
INV-101982,ACC-3331,Wonka LLC,billing@wonka.com,EMEA,Retail,Pro ,monthly,10,USD,$990.00,0,PAID,Wire Transfer,03/07/2024,02-07-2026,Y,5,0
INV-100592,ACC-8113,Soylent Partners,billing@soylent.com,EMEA,Retail,Tier 1,annually,5,USD,"2,450.00 USD",0,success,Credit Card,02/02/2024,02/27/2025,FALSE,4,2
INV-103670,ACC-4031,Vandelay Corp,billing@vandelay.com,APAC,Healthcare,Professional,monthly,250,USD,24750.00,0,VOID,invoice,2023/05/28,Nov 3 2023,No,5,0
INV-104051,ACC-9388,Dunder LLC,billing@dunder.com,NA,Retail,Tier 2,Annual,100,USD,99000,0,success,wire,20-02-2022,2023-09-08,FALSE,3,2
INV-104243,ACC-8941,Oscorp Ltd,billing@oscorp.com,LATAM,Energy,PRO,annually,10,USD,"$8,910.00",10,PAID,,03/05/2021,2023/05/03,false,5,0
INV-103387,ACC-5202,Wayne Co,billing@wayne.com,NA,Media,Tier 1,yearly,1,USD,$490.00,0,Paid,wire,2021/05/21,Jan 28 2024,FALSE,1,0
INV-100400,ACC-6145,Initech Holdings,billing@initech.com,EMEA,Gaming,Enterprise ,annually,5,USD,"$14,950.00",0,Paid,credit_card,10/28/2021,2024-04-07,No,1,0
INV-101570,ACC-2550,Wayne Corp,,NA,Logistics,Tier 3,annually,3,USD,8970.00,0,completed,Wire Transfer,Mar 22 2022,2024/05/15,0,5,0
INV-102064,ACC-7087,Dunder Industries,billing@dunder.com,EMEA,Logistics,enterprise,Monthly,10,USD,2990.00,0,PAID,Credit Card,2021-12-02,10/20/2022,N,3,1
INV-100767,ACC-2564,Soylent Inc,billing@soylent.com,APAC,Retail,starter,monthly,10,EUR,529.20 EUR,0,paid,ACH,2021-11-08,2024-06-07,true,3,1
INV-101155,ACC-2979,Acme Co,billing@acme.com,LATAM,Logistics,Start,Monthly,3,GBP,168.02,10,Complete,wire,Jun 17 2021,03/04/2024,Y,5,3
INV-100928,ACC-4666,Acme Co,billing@acme.com,LATAM,,Pro ,yearly,5,USD,"$-4,950.00",0,refunded,credit_card,2023-10-24,2024-08-18,true,,0
INV-102140,ACC-4101,Wayne Corp,,APAC,Education,Tier 3,annual,10,USD,"$29,900.00",0,Complete,credit_card,2023-06-07,2024-05-01,No,5,0
INV-103120,ACC-7013,Soylent Corp,billing@soylent.com,APAC,Fintech,Professional,monthly,1,USD,99.00,0,Complete,invoice,06-04-2024,Jan 1 2025,No,1,0
INV-101871,ACC-7616,Dunder Labs,,APAC,Fintech,Enterprise ,Monthly,1,USD,299,0,in_review,invoice,04/02/2021,2023-11-16,No,4,1
INV-103642,ACC-7829,Cyberdyne Labs,billing@cyberdyne.com,APAC,Media, Starter ,yearly,25,USD,10412.50,15,paid,ach,2021-02-06,10/18/2023,N,1,1
INV-104229,ACC-3228,Nakatomi Co,billing@nakatomi.com,EMEA,Manufacturing,Starter,yearly,100,USD,36750.00,25,completed,Wire Transfer,2022-02-13,03/30/2023,false,1,0
INV-102341,ACC-7244,Cyberdyne Corp,billing@cyberdyne.com,LATAM,Fintech,starter,monthly,10,USD,416.50,15,canceled,wire,2024-07-08,2027/02/01,false,,0
INV-101699,ACC-4929,Hooli Holdings,billing@hooli.com,NA,Travel,starter,monthly,5,USD,$245.00,0,Complete,ach,2024-05-21,2024/11/12,N,3,0
INV-103048,ACC-8293,Prestige Holdings,billing@prestige.com,NA,Healthcare,starter,annual,10,USD,4165.00,15,declined,ACH,11/13/2021,11/22/2023,false,1,0
INV-100527,ACC-3393,Prestige LLC,billing@prestige.com,LATAM,Retail,Tier 2,Monthly,5,USD,495.00,0,canceled,Wire Transfer,2024/07/07,2026-08-17,No,4,1
INV-102445,ACC-6997,Wonka Group,billing@wonka.com,LATAM,Manufacturing, Starter ,annual,25,USD,12250.00,0,completed,ACH,2021-04-23,2023-04-16,0,4,2
INV-101244,ACC-2101,Acme Ltd,billing@acme.com,LATAM,Retail,Pro,monthly,1,USD,$99.00,0,Paid,,2022-12-07,2025-07-15,FALSE,5,0
INV-101282,ACC-1864,Massive Dynamic Group,billing@massive.com,EMEA,Gaming,PRO,monthly,5,GBP,628.65,0,Paid,invoice,2023-05-19,2025/07/29,false,3,0
INV-101340,ACC-3112,Gekko Inc,billing@gekko.com,EMEA,,enterprise ,Monthly,10,EUR,3229,0,Paid,ACH,10/31/2023,04/12/2026,Y,5,0
INV-103875,ACC-3785,Aperture Labs,billing@aperture.com,EMEA,Energy,Tier 1,monthly,25,GBP,"£1,555.75",0,Pending,ACH,2023-06-15,2024-07-14,N,4,3
INV-101930,ACC-3648,Pied Piper Labs,billing@pied.com,NA,Travel,Pro,Monthly,5,USD,495.00,0,success,invoice,01/30/2021,10/29/2022,0,5,1
INV-103269,ACC-3772,Pied Piper Holdings,billing@pied.com,NA,Travel,Starter,yearly,10,USD,3920.00,20,Paid,invoice,2022-03-12,2023-04-25,No,1,0
INV-100953,ACC-5878,Wonka Labs,billing@wonka.com,APAC,Media, Starter ,monthly,5,USD,$245.00,0,Complete,wire,2023-01-30,2024-04-26,FALSE,3,0
INV-100194,ACC-2300,Nakatomi Co,billing@nakatomi.com,NA,Retail,Pro,Annual,10,USD,9900,0,success,ACH,10/25/2021,03/17/2024,Y,5,0
INV-104353,ACC-8166,Aperture Labs,billing@aperture.com,EMEA,Education,starter,Monthly,5,USD,245.00,0,Complete,credit_card,2021-01-24,2022-02-13,N,3,8
INV-103461,ACC-4837,Wayne Labs,billing@wayne.com,NA,Energy,Pro,Monthly,1,EUR,96.23,10,FAILED,ach,12/09/2021,2023-09-11,N,1,1
INV-102312,ACC-5177,Stark Partners,billing@stark.com,LATAM,Energy,Pro,annually,100,USD,99000,0,FAILED,wire,08/26/2024,2026/09/01,true,3,1
INV-102878,ACC-1944,Massive Dynamic Inc,billing@massive.com,APAC,Travel, Starter ,yearly,10,USD,4900.00,0,paid,invoice,2021-07-05,2022/03/17,0,2,0
INV-103529,ACC-4585,Globex Holdings,billing@globex.com,NA,Fintech,Tier 2,monthly,25,USD,2475.00,0,paid,ACH,12/14/2023,2026/08/24,FALSE,,0
INV-102028,ACC-9032,Prestige Labs,,NA,Travel,STARTER,annually,5,EUR,"€2,646.00",0,completed,credit_card,2024-10-07,2027-03-16,0,1,3
INV-100396,ACC-2710,Prestige Ltd,,EMEA,Energy,Start,annual,100,USD,49000.00,0,completed,Credit Card,2024-02-07,2024/09/09,Yes,3,0
INV-104319,ACC-3763,Massive Dynamic Corp,billing@massive.com,APAC,Manufacturing,Start,Monthly,25,USD,"1,225.00 USD",0,success,ACH,2023-12-02,2024-01-16,No,,0
INV-104513,ACC-1532,Hooli Holdings,billing@hooli.com,EMEA,Healthcare,PRO,monthly,50,USD,"3,960.00 USD",20,Paid,credit_card,2023-10-17,27-12-2023,N,,0
INV-100104,ACC-7939,Dunder Labs,billing@dunder.com,NA,Media,Pro,Monthly,250,USD,"$18,562.50",25,Paid,ach,2021-11-15,2023-05-18,0,,1
INV-104014,ACC-6644,Prestige Labs,billing@prestige.com,LATAM,Media,Professional,monthly,3,GBP,321,15,Complete,Credit Card,2023/01/17,2025-08-08,Yes,4,0
INV-102622,ACC-2167,Wayne Labs,billing@wayne.com,APAC,Travel,STARTER,monthly,3,USD,$147.00,0,Complete,Wire Transfer,01/23/2022,2022-05-09,No,4,5
INV-100845,ACC-5347,Initech Ltd,billing@initech.com,EMEA,Manufacturing,Starter,monthly,3,USD,147.00 USD,0,Complete,wire,2022-01-24,2024-06-12,N,5,0
INV-100451,ACC-5991,Initech Labs,billing@initech.com,EMEA,Travel,Start,monthly,25,EUR,1323.00,0,Pending,ach,2022/09/18,2023/08/11,FALSE,5,0
INV-102547,ACC-9838,Dunder LLC,billing@dunder.com,EMEA,Media,Tier 2,annual,25,USD,24750,0,FAILED,invoice,2024/03/16,2024-04-05,N,5,0
INV-104879,ACC-1580,Pied Piper Industries,billing_at_pied.com,NA,Logistics,Professional,monthly,10,USD,990.00,0,completed,,Apr 17 2022,2024-12-14,0,3,0
INV-104969,ACC-9771,Aperture Labs,billing@aperture.com,LATAM,Retail,PRO,Annual,25,USD,24750,0,success,ach,Aug 8 2022,2025-01-30,1,3,1
INV-102338,ACC-5929,Acme Partners,billing@acme.com,LATAM,Education,Start,annually,1,USD,441.00,10,in_review,ach,2021/05/16,11/12/2022,true,4,3
INV-102081,ACC-9811,Aperture Partners,billing@aperture.com,EMEA,Retail,PRO,annual,10,USD,9900,0,paid,credit_card,06/23/2022,2024-05-07,Y,3,3
INV-102635,ACC-4290,Initech Partners,billing@initech.com,EMEA,Media,Start,annual,1,USD,490,0,paid,invoice,02/22/2022,2024-05-23,FALSE,5,1
INV-102511,ACC-6572,Aperture Corp,billing@aperture.com,LATAM,Education,Pro,Monthly,10,EUR,€908.82,15,Complete,,2022/05/05,2022-12-23,Yes,,0
INV-102797,ACC-3593,Tyrell Group,billing@tyrell.com,NA,Education,Tier 1,Monthly,10,GBP,£622.30,0,PAID,,2023-02-19,2025-04-13,false,4,1
INV-100189,ACC-4079,Stark Corp,billing@stark.com,EMEA,Education,starter,Annual,1,USD,490.00,0,paid,ach,2023-09-04,2024-01-19,false,5,5
INV-104287,ACC-2080,Initech Partners,billing@initech.com,LATAM,Education,starter,Annual,50,EUR,26460.00,0,declined,,11/05/2021,08/22/2022,true,4,3
INV-103010,ACC-2184,Nakatomi LLC,billing@nakatomi.com,LATAM,Manufacturing,enterprise,Monthly,10,EUR,3229.20,0,Complete,wire,2022-09-19,08/20/2024,Yes,5,5
INV-101189,ACC-9563,Wayne Ltd,billing@wayne.com,EMEA,,enterprise,Annual,10,USD,29900.00,0,Paid,ach,2022-10-22,2023-05-17,N,2,0
INV-103794,ACC-8954,Pied Piper Partners,billing@pied.com,LATAM,Healthcare, Starter ,monthly,10,USD,$392.00,20,Void,wire,08/17/2021,2021-08-17,N,5,0
INV-104630,ACC-8818,Soylent Group,billing@soylent.com,EMEA,Gaming,STARTER,monthly,10,USD,$490.00,0,paid,ach,2022-02-13,2022/10/28,false,3,2
INV-101026,ACC-6382,Aperture Holdings,billing@aperture.com,NA,Travel,PRO,annually,50,USD,"$49,500.00",0,Complete,credit_card,2022-04-18,2024-01-01,false,4,0
INV-101023,ACC-2398,Prestige Industries,billing@prestige.com,APAC,Healthcare,Start,Monthly,10,USD,490.00 USD,0,success,,Jul 25 2021,2023-07-01,FALSE,5,5
INV-104391,ACC-5738,Stark Group,billing@stark.com,LATAM,Healthcare,Enterprise ,annual,100,EUR,322920.00,0,Paid,wire,10/15/2023,Mar 6 2026,Y,3,0
INV-101306,ACC-7564,Tyrell Co,billing@tyrell.com,APAC,Fintech, Starter ,annually,100,EUR,52920.00,0,in_review,Wire Transfer,May 31 2022,2023-10-05,No,,0
INV-104546,ACC-7710,Pied Piper Corp,billing@pied.com,APAC,Retail,Professional,monthly,250,EUR,26730,0,success,credit_card,2022-05-28,2025/01/29,0,5,0
INV-103309,ACC-7006,Acme LLC,billing@acme.com,NA,Manufacturing,STARTER,Annual,50,GBP,"£28,003.50",10,success,Credit Card,2022/08/31,Jul 21 2023,No,5,0
INV-100722,ACC-5616,Aperture Labs,billing@aperture.com,EMEA,,Enterprise ,Monthly,10,EUR,"€3,229.20",0,success,credit_card,2024-06-04,10/26/2024,N,4,8
INV-104106,ACC-9309,Globex Corp,billing_at_globex.com,APAC,Retail,STARTER,monthly,1,USD,49.00,0,Paid,wire,2022-04-23,2023/12/07,0,1,3
INV-104647,ACC-7555,Massive Dynamic Labs,billing@massive.com,NA,Fintech,Professional,annual,5,USD,"4,950.00 USD",0,canceled,,2024-03-29,04/21/2025,N,4,3
INV-100475,ACC-6573,Stark Corp,billing@stark.com,EMEA,,Professional,annual,5,EUR,5346.00,0,PENDING,ach,2021-06-18,2022-05-15,FALSE,5,0
INV-100096,ACC-4683,Globex Holdings,billing@globex.com,EMEA,Education,pro,annual,100,USD,"84,150.00 USD",15,completed,ach,2023-01-22,30-07-2024,0,1,3
INV-104817,ACC-3441,Nakatomi Holdings,billing@nakatomi.com,EMEA,,Starter,Monthly,3,EUR,158.76,0,PAID,wire,2021-04-01,2021/06/09,No,4,1
INV-104631,ACC-9550,Wayne Partners,billing@wayne.com,LATAM,Healthcare,Enterprise,Monthly,50,GBP,18986.50,0,Paid,credit_card,Jun 29 2022,2023-12-11,N,5,0
INV-100591,ACC-7843,Umbrella Co,billing@umbrella.com,EMEA,Gaming,Enterprise,monthly,100,USD,"29,900.00 USD",0,Void,wire,2022/03/28,Feb 24 2023,0,5,0
INV-100494,ACC-9693,Oscorp Partners,billing@oscorp.com,EMEA,Media,Pro,monthly,3,USD,297.00,0,void,Wire Transfer,07/04/2021,2022/05/20,0,4,0
INV-100119,ACC-5612,Prestige Holdings,billing@prestige.com,APAC,Healthcare,Starter,yearly,1,USD,490.00,0,Complete,invoice,09/17/2024,Jun 19 2026,No,,0
INV-100991,ACC-8883,Cyberdyne Holdings,billing@cyberdyne.com,APAC,Energy,Tier 2,Annual,250,GBP,314325.00,0,paid,Credit Card,2022-03-19,2024/08/31,Y,4,0
INV-101179,ACC-2804,Initech Corp,billing@initech.com,EMEA,Retail,Start,monthly,1,EUR,44.98,15,Paid,,08/14/2024,Oct 21 2026,false,5,0
INV-103731,ACC-6052,Umbrella Ltd,billing@umbrella.com,LATAM,Gaming,enterprise ,monthly,5,USD,-1495.00,0,Refunded,ach,2024-01-04,04/24/2025,TRUE,,0
INV-104888,ACC-9947,Nakatomi Partners,billing@nakatomi.com,NA,Retail,Pro,monthly,1,GBP,126,0,PAID,wire,2022-02-09,Feb 11 2023,0,5,0
INV-101494,ACC-1194,Wonka LLC,billing_at_wonka.com,NA,Logistics,Tier 3,yearly,1,USD,2990,0,PENDING,wire,02/09/2023,2023/04/04,TRUE,5,1
INV-102042,ACC-6562,Prestige Co,billing@prestige.com,LATAM,Healthcare,Starter,Annual,250,USD,122500.00,0,Paid,ach,2021/11/04,2024-02-22,FALSE,5,0
INV-104056,ACC-6486,Umbrella Inc,billing@umbrella.com,NA,Media,Starter,yearly,100,GBP,62230.00,0,canceled,Credit Card,2021-09-02,02/08/2024,FALSE,5,0
INV-103013,ACC-1933,Soylent Partners,billing@soylent.com,APAC,Media,Enterprise,monthly,5,USD,1495.00,0,Failed,Wire Transfer,2021-01-08,04/08/2023,0,3,1
INV-101209,ACC-8560,Dunder Holdings,billing@dunder.com,APAC,Energy, Starter ,monthly,100,GBP,-6223.00,0,refunded,Wire Transfer,2022-06-24,2023/03/08,No,4,2
INV-100610,ACC-1956,Nakatomi Labs,billing@nakatomi.com,LATAM,Logistics,Tier 3,yearly,250,USD,747500.00,0,Paid,wire,2022-11-23,2024-04-28,N,4,5
INV-102770,ACC-5458,Wonka Partners,billing@wonka.com,LATAM,Fintech,Tier 2,annual,10,EUR,"€10,692.00",0,Complete,credit_card,2023-07-16,2025-05-18,No,2,2
INV-100605,ACC-7136,Hooli Industries,billing@hooli.com,APAC,Education,starter,yearly,250,USD,104125.00,15,PAID,ach,06/06/2024,Apr 3 2025,N,3,0
INV-102269,ACC-9452,Tyrell Corp,billing@tyrell.com,APAC,Healthcare,Tier 1,monthly,10,EUR,€423.36,20,PAID,Credit Card,2021-06-20,05/03/2023,0,1,0
INV-104350,ACC-8662,Hooli Industries,billing@hooli.com,APAC,Travel, Starter ,monthly,50,GBP,3111.50,0,Paid,credit_card,2022-08-21,2023/08/25,FALSE,5,0
INV-102309,ACC-7292,Prestige Inc,,NA,Media,Professional,annual,1,EUR,1069.20,0,PAID,credit_card,2024-01-12,Sep 2 2024,Y,4,2
INV-104775,ACC-8535,Umbrella Partners,billing@umbrella.com,APAC,Fintech,starter,annual,10,USD,4900.00,0,Pending,ach,2024-03-24,2026-07-01,FALSE,5,0
INV-101388,ACC-8415,Cyberdyne Group,billing@cyberdyne.com,NA,Gaming,starter,annually,25,GBP,15557.50,0,completed,Credit Card,2022/10/24,2023-03-15,0,5,0
INV-103719,ACC-9483,Cyberdyne LLC,billing_at_cyberdyne.com,APAC,,Pro ,Annual,10,USD,"$9,900.00",0,Paid,ACH,07-04-2021,2021/05/06,0,2,0
INV-104197,ACC-9361,Wayne Labs,billing@wayne.com,LATAM,Manufacturing,Tier 1,monthly,250,USD,"$10,412.50",15,PAID,ACH,01/28/2024,2024-09-04,1,3,0
INV-100696,ACC-2092,Pied Piper Group,billing@pied.com,APAC,Healthcare,Enterprise,Monthly,250,USD,74750.00,0,FAILED,credit_card,Apr 29 2022,2022-05-05,0,4,1
INV-104394,ACC-3713,Vandelay Holdings,billing@vandelay.com,APAC,Logistics,Pro ,annual,10,USD,"$9,900.00",0,completed,Credit Card,03/02/2021,2021/08/10,N,5,0
INV-100246,ACC-8695,Stark Inc,billing@stark.com,LATAM,Manufacturing,PRO,annually,50,USD,"49,500.00 USD",0,failed,Credit Card,2022/02/26,02/05/2023,No,4,0
INV-101201,ACC-2467,Acme Holdings,billing@acme.com,NA,Fintech,Start,Monthly,10,USD,490.00,0,cancelled,invoice,2022-04-19,05/20/2023,false,1,2
INV-104191,ACC-1320,Tyrell Labs,billing@tyrell.com,LATAM,Logistics,pro,annually,10,EUR,10692.00,0,paid,ach,2021-12-08,Dec 9 2021,TRUE,4,3
INV-101220,ACC-8324,Cyberdyne Holdings,billing@cyberdyne.com,EMEA,Energy,Professional,annually,100,USD,"$-99,000.00",0,REFUND,credit_card,08/29/2021,2022/01/05,No,5,0
INV-102705,ACC-3479,Initech LLC,billing@initech.com,NA,Media,Tier 1,annually,3,USD,1470,0,Void,ACH,2023-12-16,11/06/2025,No,5,0
INV-102039,ACC-9090,Pied Piper Partners,billing@pied.com,LATAM,,STARTER,monthly,250,GBP,14001.75,10,paid,ACH,16-06-2023,12/30/2024,0,3,0
INV-104974,ACC-7828,Gekko Group,billing@gekko.com,NA,Media,Tier 1,annual,25,USD,"-12,250.00 USD",0,REFUND,wire,02/02/2024,2024-11-05,0,5,2
INV-102342,ACC-8698,Dunder Corp,billing@dunder.com,EMEA,,starter,monthly,10,EUR,529.20,0,PAID,Credit Card,2023/06/20,2025/06/29,N,5,0
INV-100141,ACC-9393,Nakatomi Partners,billing@nakatomi.com,APAC,Healthcare, Starter ,Annual,250,USD,"$122,500.00",0,PAID,invoice,10/09/2024,Feb 21 2025,N,3,2
INV-100150,ACC-3100,Cyberdyne Industries,billing@cyberdyne.com,APAC,Education,pro,annual,3,GBP,3771.90,0,Complete,ach,2024/09/12,07/22/2025,No,3,0
INV-104030,ACC-7639,Wonka Industries,billing@wonka.com,EMEA,Fintech,Pro,annual,1,USD,990.00,0,Complete,wire,2023-02-14,10/07/2025,0,3,0
INV-101428,ACC-6658,Wayne Partners,billing@wayne.com,EMEA,Fintech,ENT,annually,10,USD,29900.00,0,PAID,ACH,01-03-2023,Jul 26 2023,N,5,0
INV-104294,ACC-1372,Massive Dynamic Ltd,billing@massive.com,LATAM,Retail,STARTER,monthly,250,USD,12250.00,0,success,ach,04/06/2021,05/16/2021,false,5,0
INV-103263,ACC-1832,Prestige Industries,billing@prestige.com,NA,Healthcare,Start,monthly,25,USD,1225.00,0,success,wire,2024-06-03,04/09/2026,No,5,5
INV-104213,ACC-6814,Soylent Labs,billing@soylent.com,NA,Media,Enterprise ,Annual,3,USD,8970.00,0,Paid,Credit Card,05/10/2021,2022-02-01,Y,3,0
INV-101957,ACC-7761,Cyberdyne Partners,billing@cyberdyne.com,APAC,Healthcare,Tier 1,monthly,1,USD,44.10,10,success,credit_card,2022-04-09,2022-12-17,0,1,0
INV-102363,ACC-8181,Wayne Corp,billing@wayne.com,LATAM,,Tier 3,monthly,50,EUR,13724.10,15,PAID,ACH,11/30/2022,Dec 23 2022,false,4,8
INV-104868,ACC-7238,Wonka Co,billing@wonka.com,LATAM,Manufacturing,enterprise ,Annual,10,USD,22425.00,25,FAILED,ach,2022-07-13,2023-02-07,Y,3,0
INV-101014,ACC-3307,Massive Dynamic Corp,billing@massive.com,NA,Retail,Tier 2,Monthly,10,USD,990,0,Void,wire,08/19/2021,Aug 8 2022,No,5,0
INV-104602,ACC-6506,Tyrell Inc,,APAC,Retail,PRO,annual,3,USD,2970.00,0,paid,,Feb 4 2022,06/06/2023,No,5,0
INV-103312,ACC-4550,Globex LLC,billing@globex.com,LATAM,Logistics,pro,yearly,10,GBP,"£12,573.00",0,Complete,ACH,2023-09-18,2025/11/26,false,,2
INV-104034,ACC-2249,Soylent Holdings,billing@soylent.com,EMEA,Fintech,Starter,monthly,50,EUR,2646.00,0,completed,invoice,2021-09-23,2022/05/09,FALSE,4,0
INV-100600,ACC-8836,Umbrella Co,billing@umbrella.com,EMEA,Logistics,Professional,Monthly,100,USD,9900.00,0,failed,invoice,01/05/2021,01/25/2022,false,2,0
INV-100310,ACC-8101,Dunder Partners,billing@dunder.com,APAC,Education,Professional,yearly,1,EUR,1069.20,0,PENDING,Wire Transfer,2021-11-09,05/29/2023,FALSE,4,0
INV-104282,ACC-6397,Prestige Labs,billing@prestige.com,EMEA,Energy,Tier 3,monthly,25,EUR,6458.40,20,success,invoice,Jul 14 2021,01/15/2022,FALSE,5,5
INV-102973,ACC-5092,Aperture Holdings,billing@aperture.com,APAC,Travel,Tier 1,annually,100,USD,39200.00,20,paid,invoice,2021-07-05,Aug 26 2023,No,2,0
INV-103089,ACC-1067,Acme Corp,billing@acme.com,NA,Manufacturing,Starter,monthly,10,USD,490.00,0,Pending,ach,2023-01-05,07/09/2023,N,1,0
INV-103058,ACC-1816,Nakatomi Partners,billing@nakatomi.com,EMEA,Logistics, Starter ,monthly,50,USD,2082.50,15,Paid,ACH,2024/02/14,2026/05/04,No,4,0
INV-102075,ACC-5041,Globex Corp,billing@globex.com,NA,Fintech,Pro ,Monthly,10,USD,990,0,in_review,,08/03/2021,2024-04-03,No,5,3
INV-103262,ACC-1148,Gekko Corp,billing@gekko.com,NA,Healthcare,STARTER,yearly,50,USD,"$19,600.00",20,success,invoice,2021-10-22,2023-12-28,FALSE,3,3
INV-100418,ACC-8982,Hooli Ltd,billing@hooli.com,EMEA,Fintech,Tier 1,annual,50,USD,"$22,050.00",10,PAID,Wire Transfer,10/17/2024,2025-07-21,0,5,0
INV-100082,ACC-6530,Pied Piper Ltd,billing@pied.com,NA,Healthcare,Start,Annual,100,EUR,"€47,628.00",10,Paid,credit_card,2023-09-28,2024/04/03,FALSE,,0
INV-101347,ACC-6055,Aperture Corp,billing@aperture.com,LATAM,Media,Starter,yearly,3,USD,"1,470.00 USD",0,success,ACH,2021/08/22,2023/09/03,Y,5,0
INV-103727,ACC-8178,Wonka Holdings,billing@wonka.com,EMEA,Energy,Starter,Annual,10,USD,4900,0,Paid,Credit Card,11/28/2023,2025-06-05,FALSE,2,3
INV-103471,ACC-5812,Dunder Inc,billing@dunder.com,EMEA,Healthcare,Tier 3,monthly,3,USD,897.00,0,paid,,06/05/2022,Jul 11 2022,No,3,8
INV-104948,ACC-4677,Nakatomi Labs,billing@nakatomi.com,NA,Manufacturing,Tier 1,monthly,1,USD,44.10,10,paid,ach,2024-01-09,08/20/2026,TRUE,5,0
INV-104856,ACC-1169,Nakatomi Co,billing@nakatomi.com,EMEA,Retail,Professional,annually,25,USD,18562.50,25,Failed,Credit Card,11/27/2023,Feb 13 2025,No,3,5
INV-103189,ACC-9727,Oscorp LLC,billing@oscorp.com,APAC,Travel,Tier 1,Monthly,250,GBP,15557.50,0,Failed,,2022/12/25,06/01/2023,N,,0
INV-102450,ACC-4631,Dunder Ltd,,LATAM,Fintech,starter,annually,1,USD,-490.00 USD,0,Refunded,ach,2023/05/13,2023-09-17,FALSE,2,2
INV-103454,ACC-5000,Hooli Group,billing@hooli.com,LATAM,Energy,starter,monthly,100,USD,3920.00,20,Complete,ach,2021/05/06,2021-11-26,0,4,0
INV-102405,ACC-2579,Globex Inc,billing@globex.com,LATAM,Retail,PRO,Annual,250,EUR,"€267,300.00",0,pending,credit_card,2023-09-20,10-04-2026,1,5,0
INV-101030,ACC-2637,Oscorp Co,billing@oscorp.com,LATAM,Retail,Start,annual,3,USD,1470,0,completed,wire,04/27/2021,2023-10-28,N,2,0
INV-102440,ACC-7177,Vandelay Industries,billing@vandelay.com,EMEA,Manufacturing,starter,Annual,10,USD,4900.00,0,Paid,invoice,2023-05-18,Mar 6 2024,FALSE,3,0
INV-103760,ACC-1535,Wonka Group,billing@wonka.com,NA,Healthcare,Professional,annual,50,USD,"44,550.00 USD",10,Paid,Credit Card,25-02-2022,2024/09/16,FALSE,5,3
INV-100484,ACC-7370,Prestige Co,billing@prestige.com,NA,Media,STARTER,monthly,1,GBP,56.01,10,completed,credit_card,2024/03/15,09/21/2025,1,4,0
INV-101969,ACC-7500,Wayne Holdings,billing@wayne.com,LATAM,Energy,PRO,monthly,10,GBP,"£1,068.70",15,void,credit_card,2024/05/01,03/26/2025,false,5,0
INV-102963,ACC-2356,Gekko Holdings,billing@gekko.com,LATAM,Travel,enterprise ,Monthly,10,USD,"2,691.00 USD",10,success,invoice,2024-05-24,Sep 15 2025,0,3,0
INV-102316,ACC-5570,Vandelay LLC,billing@vandelay.com,LATAM,Energy,PRO,monthly,10,EUR,1069.20,0,Paid,ACH,2021/05/28,2023-01-23,FALSE,5,8
INV-103366,ACC-1829,Oscorp Corp,billing@oscorp.com,APAC,Healthcare,Tier 3,Annual,10,EUR,"32,292.00 EUR",0,success,,11/05/2022,2023-11-30,N,5,0
INV-101517,ACC-8313,Prestige Partners,billing@prestige.com,APAC,Fintech,Start,yearly,100,USD,"$49,000.00",0,paid,ach,2021-06-17,2023-02-09,Y,3,5
INV-101167,ACC-3767,Pied Piper Labs,billing@pied.com,APAC,Retail,STARTER,Annual,25,GBP,"£15,557.50",0,Paid,Wire Transfer,2023/04/30,2023-12-19,No,4,1
INV-104342,ACC-7171,Wayne LLC,billing@wayne.com,EMEA,Gaming,Start,monthly,5,USD,245.00,0,Complete,,2021-08-29,2023-11-09,N,3,0
INV-103808,ACC-3552,Hooli Co,billing@hooli.com,EMEA,Fintech,Starter,Monthly,10,USD,367.50,25,Void,Credit Card,02-08-2022,2025-04-28,N,4,0
INV-103316,ACC-7366,Tyrell Ltd,billing@tyrell.com,APAC,Healthcare,Pro ,Annual,10,USD,7920.00,20,completed,credit_card,2021-06-09,2022-09-22,No,4,1
INV-102621,ACC-9177,Massive Dynamic Co,billing@massive.com,NA,Media,starter,Annual,1,USD,$490.00,0,paid,invoice,06/16/2023,2023-07-25,false,,5
INV-104857,ACC-6265,Initech Ltd,billing@initech.com,APAC,Media,Starter,yearly,25,USD,12250.00,0,success,credit_card,2022/04/07,02/29/2024,No,3,1
INV-103015,ACC-3491,Vandelay Group,,NA,Energy,Pro,annual,250,GBP,314325.00,0,in_review,Credit Card,Aug 1 2024,2025-05-21,N,4,0
INV-100536,ACC-8148,Acme Co,billing@acme.com,NA,Education,Professional,annually,3,USD,"$2,970.00",0,PAID,Credit Card,2021/12/12,2022-07-24,N,5,0
INV-103345,ACC-9892,Dunder LLC,billing@dunder.com,NA,Healthcare, Starter ,monthly,1,GBP,£62.23,0,completed,Wire Transfer,2021-12-17,03/27/2022,N,4,1
INV-101010,ACC-5014,Acme Industries,billing@acme.com,APAC,Travel,Professional,yearly,1,EUR,1069.20,0,completed,ACH,2021/10/10,2023/03/01,Yes,4,1
INV-100464,ACC-2724,Wayne Partners,billing@wayne.com,EMEA,Travel,STARTER,annually,5,EUR,"2,646.00 EUR",0,completed,invoice,03/28/2024,2026/09/18,FALSE,,1
INV-103233,ACC-5365,Massive Dynamic Co,billing_at_massive.com,NA,Healthcare,Enterprise ,monthly,10,EUR,3229.20,0,success,Credit Card,06/04/2022,04/04/2024,N,,0
INV-103422,ACC-8218,Pied Piper Inc,billing_at_pied.com,NA,Energy,Pro,monthly,10,USD,990,0,paid,credit_card,10/27/2024,2026-01-07,0,1,0
INV-102253,ACC-5275,Massive Dynamic Inc,billing@massive.com,NA,Healthcare, Starter ,Monthly,10,GBP,622,0,Failed,ach,07/07/2024,09/17/2026,N,,0
INV-100043,ACC-6793,Umbrella Labs,billing@umbrella.com,APAC,Travel,Enterprise ,annually,1,USD,2990.00,0,Paid,credit_card,09/15/2023,05/01/2024,No,,0
INV-102845,ACC-5294,Wonka Group,billing@wonka.com,EMEA,,Starter,monthly,1,USD,49,0,Paid,,Feb 20 2021,Nov 29 2022,FALSE,3,0
INV-103042,ACC-5410,Prestige Corp,billing@prestige.com,LATAM,,Professional,Monthly,25,USD,"$2,475.00",0,PENDING,wire,2024-09-09,14-04-2025,FALSE,4,0
INV-101084,ACC-3813,Oscorp Inc,billing@oscorp.com,LATAM,Retail,Tier 3,monthly,3,EUR,726.57,25,Complete,wire,2023-08-17,2024/02/05,TRUE,3,0
INV-104406,ACC-8663,Globex Corp,billing@globex.com,NA,Logistics,Start,annually,3,GBP,"1,680.21 GBP",10,PAID,invoice,Jan 8 2023,30-01-2023,0,4,1
INV-104808,ACC-7101,Vandelay Partners,billing@vandelay.com,NA,Logistics,starter,annual,5,USD,2205.00,10,success,ACH,05/11/2023,15-05-2024,0,4,0
INV-104484,ACC-8862,Hooli Holdings,billing@hooli.com,EMEA,Education,Professional,Annual,250,USD,247500.00,0,Paid,wire,07/16/2024,2026-01-21,false,4,0
INV-104530,ACC-4450,Massive Dynamic Co,billing@massive.com,NA,Media,Tier 1,annually,100,EUR,"€52,920.00",0,paid,Credit Card,2024/05/17,2027-01-01,Yes,3,0
INV-103971,ACC-2759,Prestige Group,billing_at_prestige.com,APAC,Gaming,enterprise,annually,10,USD,29900.00,0,awaiting,,22-05-2021,2023-01-19,N,5,3
INV-101546,ACC-2195,Prestige Industries,,APAC,Healthcare,STARTER,monthly,1,USD,49.00 USD,0,paid,Credit Card,Jun 16 2023,01/02/2025,false,4,0
INV-103385,ACC-1461,Oscorp Partners,billing@oscorp.com,LATAM,Media,starter,monthly,100,GBP,6223,0,Paid,Credit Card,2021-03-02,07/26/2023,0,4,0
INV-100904,ACC-9924,Wayne Inc,billing@wayne.com,NA,Education,pro,yearly,1,USD,990.00,0,PAID,ach,11/10/2021,2023-04-26,0,5,0
INV-104301,ACC-4369,Umbrella Industries,billing@umbrella.com,APAC,Retail, Starter ,Monthly,10,USD,$392.00,20,Complete,,2024-06-12,2025-01-18,0,4,0
INV-101412,ACC-1423,Oscorp Labs,billing@oscorp.com,APAC,Travel,PRO,annually,3,EUR,3207.60,0,success,,2022/07/24,2023-02-28,N,4,0
INV-102806,ACC-7063,Nakatomi LLC,billing@nakatomi.com,APAC,Media,ENT,Annual,5,USD,14950.00,0,PAID,credit_card,2021/01/29,10/18/2022,N,1,1
INV-100444,ACC-7527,Globex Holdings,billing@globex.com,NA,Fintech,enterprise ,yearly,1,EUR,"€3,229.20",0,success,ACH,Sep 12 2021,2021/12/27,TRUE,4,0
INV-102148,ACC-1461,Wayne LLC,billing@wayne.com,APAC,Healthcare,pro,Monthly,10,USD,990.00,0,Complete,,2021/04/25,2023/11/19,N,3,0
INV-100280,ACC-1445,Cyberdyne Corp,billing@cyberdyne.com,LATAM,Healthcare,PRO,Monthly,50,USD,-4950.00,0,REFUND,invoice,2021-09-05,2021-10-28,FALSE,5,0
INV-102931,ACC-5699,Prestige Holdings,billing@prestige.com,APAC,Travel,Start,monthly,50,USD,2450.00,0,completed,wire,16-02-2024,07-12-2024,false,,2
INV-101880,ACC-1900,Dunder Corp,billing@dunder.com,NA,,enterprise,monthly,10,USD,2990.00,0,Pending,invoice,2021-08-21,Mar 19 2024,No,,5
INV-103317,ACC-3160,Nakatomi Ltd,billing@nakatomi.com,NA,Gaming,ENT,monthly,10,EUR,3229.20,0,Void,ach,10/29/2024,2026-01-10,1,5,3
INV-101142,ACC-2520,Dunder LLC,billing@dunder.com,LATAM,,Pro ,yearly,1,GBP,"£1,131.57",10,Void,wire,2024-03-20,12/06/2025,0,3,1
INV-103055,ACC-6204,Vandelay Holdings,billing@vandelay.com,EMEA,Media,STARTER,yearly,250,USD,122500.00,0,VOID,credit_card,2023-02-03,2025/02/05,FALSE,3,1
INV-100162,ACC-5098,Prestige Partners,billing@prestige.com,EMEA,Manufacturing,Professional,Monthly,100,GBP,10058.40,20,Complete,Wire Transfer,02/26/2021,2022-07-04,Yes,2,0
INV-104629,ACC-1756,Tyrell Ltd,billing@tyrell.com,APAC,Travel,Pro ,Annual,250,USD,"$198,000.00",20,success,Credit Card,24-05-2023,Aug 16 2025,false,4,0
INV-104793,ACC-6377,Gekko Inc,,APAC,Gaming,Start,annual,10,USD,4900.00,0,PAID,Credit Card,2022-01-05,2022-10-17,Yes,5,0
INV-100649,ACC-7217,Prestige Ltd,billing@prestige.com,EMEA,Retail,Pro,annual,100,USD,99000,0,paid,ach,2023-03-04,11/13/2025,FALSE,1,3
INV-104549,ACC-7827,Wayne Group,billing@wayne.com,APAC,Travel,Tier 1,annually,25,USD,12250.00,0,void,ach,2022/02/24,08/10/2024,false,,0
INV-101089,ACC-1210,Vandelay Inc,billing@vandelay.com,APAC,Manufacturing,Starter,monthly,100,USD,4900.00,0,success,ach,04/18/2022,20-04-2022,N,3,5
INV-100364,ACC-9907,Soylent Inc,billing@soylent.com,LATAM,Media,Enterprise,monthly,50,GBP,18986.50,0,PAID,ACH,08/29/2024,03/06/2027,N,3,0
INV-103373,ACC-5222,Dunder Industries,,APAC,Energy,Starter,monthly,3,USD,147.00,0,PAID,wire,2021-09-26,2022-09-26,false,5,0
INV-101669,ACC-6114,Massive Dynamic Inc,billing@massive.com,LATAM,Education,Tier 1,Annual,5,USD,-2450.00,0,Refunded,credit_card,2022-01-19,2022-12-30,0,3,1
INV-103420,ACC-4434,Stark Inc,,EMEA,Healthcare,pro,monthly,50,EUR,5346.00,0,paid,Credit Card,2022-09-20,2023/06/20,No,,0
INV-103814,ACC-5241,Tyrell Industries,billing@tyrell.com,LATAM,Gaming, Starter ,Monthly,10,EUR,-529.20,0,REFUND,ach,12/19/2023,2025-05-08,N,1,0
INV-100323,ACC-1859,Pied Piper Corp,billing@pied.com,LATAM,Healthcare,Tier 1,Annual,25,USD,"12,250.00 USD",0,paid,invoice,2023-03-24,08/05/2024,No,,0
INV-102080,ACC-3347,Dunder Inc,billing@dunder.com,NA,Manufacturing,enterprise,Annual,250,EUR,"807,300.00 EUR",0,paid,Credit Card,Mar 5 2021,2021/12/13,N,5,0
INV-104980,ACC-4041,Massive Dynamic Group,billing@massive.com,APAC,Healthcare,STARTER,annual,25,EUR,10584,20,success,invoice,2024-01-09,2024-10-28,FALSE,,1
INV-100079,ACC-6222,Aperture Ltd,billing@aperture.com,LATAM,Gaming,Professional,yearly,5,USD,4207.50,15,Paid,wire,2022-09-08,02/02/2025,0,5,0
INV-103104,ACC-9771,Gekko LLC,billing@gekko.com,LATAM,Logistics, Starter ,Monthly,50,EUR,2646.00,0,Complete,Wire Transfer,2024-04-23,2024-04-30,No,3,0
INV-104963,ACC-2314,Pied Piper Labs,billing@pied.com,APAC,Travel,Enterprise ,monthly,50,USD,13455.00,10,Paid,invoice,2021-10-24,2023-01-10,false,,0
INV-102463,ACC-4384,Soylent Inc,billing@soylent.com,LATAM,,Start,monthly,1,USD,$49.00,0,Paid,credit_card,2023-03-22,2024-05-24,0,,0
INV-104121,ACC-7304,Massive Dynamic Labs,billing@massive.com,LATAM,Travel,Tier 2,monthly,1,GBP,113.16,10,Failed,wire,02/25/2023,2025-09-13,FALSE,,1
INV-101901,ACC-2917,Oscorp Inc,billing@oscorp.com,APAC,Gaming,Tier 3,monthly,3,USD,-897.00,0,refunded,ach,Jun 7 2024,Nov 3 2026,FALSE,5,3
INV-101374,ACC-3066,Stark Industries,billing@stark.com,NA,Fintech,Enterprise ,yearly,25,EUR,"€80,730.00",0,PAID,Wire Transfer,2022-05-27,2022/07/21,N,5,0
INV-101477,ACC-6986,Dunder Partners,billing@dunder.com,APAC,Travel,Enterprise,annually,3,EUR,9687.60,0,Paid,invoice,2024/01/20,2026-08-07,1,5,0
INV-102224,ACC-3615,Oscorp Corp,billing@oscorp.com,EMEA,Fintech,Tier 1,annually,5,EUR,"2,381.40 EUR",10,success,,2023/06/04,2026/01/07,No,2,0
INV-103061,ACC-6782,Massive Dynamic Labs,billing@massive.com,LATAM,Retail,pro,Annual,1,USD,990.00,0,PAID,ACH,08/11/2024,2025/06/17,N,4,0
INV-103546,ACC-3764,Oscorp Holdings,billing@oscorp.com,NA,Gaming, Starter ,annual,1,USD,-490.00 USD,0,Refunded,Credit Card,02/07/2023,2023-07-25,Yes,4,0
INV-102305,ACC-6465,Umbrella Co,billing@umbrella.com,LATAM,Healthcare,ENT,Annual,1,GBP,3797.30,0,success,invoice,2022-11-11,2024-05-23,No,,2
INV-101173,ACC-3896,Oscorp Industries,billing@oscorp.com,APAC,Education,enterprise,yearly,3,USD,8970,0,Complete,credit_card,2023-12-04,2025-06-15,1,4,0
INV-100462,ACC-9151,Hooli Inc,,LATAM,Travel,Start,annually,25,USD,9800.00,20,paid,Credit Card,2021-03-12,Apr 3 2023,false,4,0
INV-101124,ACC-9494,Oscorp Holdings,billing@oscorp.com,EMEA,,STARTER,Monthly,10,USD,490.00,0,in_review,ACH,2022-09-06,05/11/2023,No,3,3
INV-101787,ACC-8429,Soylent Inc,billing@soylent.com,APAC,Healthcare, Starter ,Monthly,3,GBP,158.69,15,PAID,invoice,04/22/2023,2025-12-06,N,5,2
INV-103226,ACC-7858,Soylent Holdings,billing@soylent.com,APAC,Media,STARTER,monthly,5,USD,$183.75,25,paid,ACH,2022/05/25,2024-08-04,FALSE,2,1
INV-104217,ACC-2350,Nakatomi Ltd,billing@nakatomi.com,NA,Manufacturing,STARTER,monthly,10,USD,490.00,0,success,ACH,04/24/2024,2025-06-13,TRUE,4,0
INV-103543,ACC-8696,Cyberdyne Partners,billing@cyberdyne.com,APAC,Gaming,pro,Monthly,10,USD,$891.00,10,paid,credit_card,2023/11/01,2024-05-01,N,4,0
INV-100579,ACC-4176,Wonka Ltd,billing@wonka.com,APAC,Education,starter,Monthly,250,USD,12250.00,0,paid,invoice,2023/03/31,2024-12-23,N,3,0
INV-104273,ACC-4343,Globex Holdings,billing@globex.com,APAC,Manufacturing,Tier 3,monthly,10,USD,"$2,990.00",0,completed,ACH,10/06/2024,Apr 29 2025,FALSE,4,2
INV-103739,ACC-7289,Wonka Co,billing@wonka.com,EMEA,Media,Enterprise,annually,5,USD,12708,15,Complete,Wire Transfer,10/15/2024,07/31/2026,N,4,0
INV-101553,ACC-7615,Nakatomi Group,billing@nakatomi.com,LATAM,, Starter ,Monthly,5,USD,$245.00,0,paid,ACH,2023-03-29,08/19/2025,No,5,0
INV-103112,ACC-5990,Acme Partners,billing@acme.com,NA,Healthcare, Starter ,annual,100,GBP,62230.00,0,PAID,invoice,2021/05/27,2023-05-23,1,3,0
INV-102606,ACC-2364,Gekko LLC,billing@gekko.com,EMEA,Healthcare,Starter,annually,10,USD,4900.00,0,Paid,Credit Card,2021/09/07,05/28/2022,0,2,2
INV-100344,ACC-5068,Globex Corp,billing@globex.com,APAC,Logistics,PRO,monthly,5,GBP,534.35,15,success,wire,06/24/2021,2022-01-17,true,,0
INV-101379,ACC-4662,Vandelay Co,billing@vandelay.com,LATAM,Media,STARTER,Monthly,250,USD,"12,250.00 USD",0,Complete,invoice,04/01/2024,2026-01-05,No,4,0
INV-102060,ACC-8293,Nakatomi Group,,APAC,Retail, Starter ,annually,5,EUR,-2249.10,15,refunded,ach,09/11/2024,2027-03-07,N,4,0
INV-104861,ACC-1516,Massive Dynamic Holdings,billing@massive.com,APAC,Manufacturing, Starter ,monthly,10,EUR,529.20,0,PAID,ACH,2023-04-29,2023-12-27,N,3,0
INV-103430,ACC-4414,Pied Piper Holdings,billing@pied.com,EMEA,Energy,Pro,monthly,5,USD,495.00,0,in_review,ach,Feb 11 2023,21-11-2023,false,5,0
INV-101914,ACC-4136,Wayne Co,billing@wayne.com,APAC,Manufacturing, Starter ,monthly,5,USD,$245.00,0,completed,Wire Transfer,04/15/2023,11/05/2024,Yes,,0
INV-101731,ACC-6880,Acme LLC,billing@acme.com,EMEA,Manufacturing, Starter ,Monthly,10,EUR,€529.20,0,completed,Credit Card,2024-05-19,03/11/2026,No,4,0
INV-104893,ACC-6176,Gekko Labs,billing@gekko.com,APAC,Manufacturing,STARTER,Monthly,3,USD,124.95,15,in_review,ach,2023-08-21,2025-02-19,FALSE,3,1
INV-101917,ACC-2566,Aperture Partners,billing@aperture.com,NA,Manufacturing, Starter ,annually,3,GBP,"£1,866.90",0,Complete,Credit Card,2023-09-01,2024-11-09,false,5,0
INV-101297,ACC-5430,Wonka Ltd,billing@wonka.com,NA,Education,PRO,yearly,1,USD,990,0,Complete,invoice,2022-02-01,09-09-2024,0,3,1
INV-103747,ACC-7365,Initech Group,billing@initech.com,EMEA,Healthcare,Start,Annual,5,USD,2450.00,0,Complete,Wire Transfer,09/26/2021,2021-12-24,false,5,0
INV-104986,ACC-5193,Dunder Inc,billing@dunder.com,APAC,Gaming,starter,annual,50,USD,20825,15,pending,,2021/03/12,Oct 26 2023,TRUE,4,1
INV-101509,ACC-9800,Cyberdyne Inc,billing@cyberdyne.com,NA,Logistics,Tier 1,annually,50,USD,24500,0,success,Wire Transfer,Jan 9 2024,17-03-2026,Yes,5,1
INV-103805,ACC-3959,Wayne LLC,billing@wayne.com,LATAM,Energy,Pro,Monthly,5,USD,396.00,20,Failed,invoice,02/11/2023,01/18/2024,N,1,2
INV-103962,ACC-8245,Tyrell Labs,billing@tyrell.com,EMEA,Media,Professional,Annual,3,USD,2970,0,Failed,ach,2021-05-14,2022-04-05,false,3,0
INV-101138,ACC-8084,Oscorp Partners,billing@oscorp.com,EMEA,Gaming,Professional,annual,50,USD,49500.00,0,Paid,Credit Card,2021-08-27,Jan 28 2022,Y,,1
INV-100693,ACC-4694,Wonka Industries,billing@wonka.com,NA,Gaming,Start,Monthly,50,GBP,"2,489.20 GBP",20,paid,ach,2024-02-03,2026-10-29,0,5,0
INV-101490,ACC-2857,Vandelay Inc,billing@vandelay.com,LATAM,Travel,starter,monthly,100,EUR,5292,0,completed,invoice,2024-08-24,2024-11-21,N,,2
INV-102449,ACC-4143,Oscorp Corp,billing@oscorp.com,APAC,Manufacturing,PRO,Monthly,100,USD,9900.00,0,paid,wire,07/22/2023,2023-07-25,false,3,0
INV-103135,ACC-8462,Wayne Co,billing@wayne.com,APAC,Fintech,STARTER,annually,5,USD,"$2,450.00",0,PAID,Credit Card,12/27/2021,2022/01/31,1,2,3
INV-101963,ACC-4344,Acme Holdings,billing@acme.com,EMEA,Retail,starter,annually,5,USD,2450.00,0,failed,credit_card,2021-01-07,Mar 14 2021,0,3,0
INV-101246,ACC-5625,Massive Dynamic Co,billing@massive.com,APAC,Gaming,Pro ,annual,5,USD,4950.00,0,Complete,Credit Card,06/29/2022,12/15/2024,N,5,8
INV-101716,ACC-4978,Hooli Co,billing@hooli.com,LATAM,Fintech,Pro ,yearly,50,EUR,53460.00,0,paid,invoice,05/24/2021,01/24/2024,N,5,0
INV-104638,ACC-5052,Umbrella Holdings,billing@umbrella.com,EMEA,Retail,Enterprise,monthly,50,EUR,12917,20,Complete,,02/17/2021,2022-06-19,TRUE,4,8
INV-103434,ACC-4321,Oscorp Labs,billing@oscorp.com,NA,Retail,Start,annually,250,USD,"-98,000.00 USD",20,refunded,invoice,06/01/2022,2023-02-11,false,,0
INV-103914,ACC-8593,Initech Corp,billing@initech.com,LATAM,Healthcare,Pro,annually,10,USD,9900.00,0,paid,credit_card,2022-03-01,2023-01-19,N,5,3
INV-104317,ACC-9334,Massive Dynamic Co,billing@massive.com,NA,Fintech,STARTER,Annual,10,USD,4900.00,0,completed,invoice,2024-06-30,06/29/2026,TRUE,3,2
INV-101841,ACC-5820,Hooli Corp,billing@hooli.com,LATAM,Retail,pro,yearly,1,USD,990.00,0,VOID,,Jul 11 2023,2025-01-06,true,4,0
INV-102421,ACC-8556,Prestige Co,,NA,Travel,Tier 2,monthly,5,USD,371.25 USD,25,cancelled,ACH,10/16/2021,2024-02-01,No,4,0
INV-101740,ACC-9643,Initech Group,billing@initech.com,LATAM,Travel,pro,annual,3,USD,2970.00,0,void,invoice,08/29/2021,Oct 10 2022,FALSE,2,0
INV-104387,ACC-3224,Prestige Labs,billing@prestige.com,EMEA,Healthcare,Pro ,monthly,5,USD,-495.00,0,charged_back,ACH,Aug 25 2023,2025-06-15,No,5,2
INV-102406,ACC-3134,Pied Piper Ltd,billing@pied.com,APAC,Media,starter,Annual,100,USD,"$44,100.00",10,PAID,credit_card,2024-03-16,2025/12/21,No,3,0
INV-100844,ACC-7629,Nakatomi Holdings,billing@nakatomi.com,NA,Logistics,Professional,annual,25,USD,22275.00,10,PAID,ACH,11-10-2023,07-07-2024,0,5,2
INV-103091,ACC-8485,Cyberdyne Inc,billing@cyberdyne.com,LATAM,Logistics,starter,Monthly,10,USD,490.00,0,awaiting,ACH,2022-10-18,Dec 5 2022,false,5,1
INV-101111,ACC-6018,Soylent Ltd,,EMEA,,Tier 1,monthly,1,EUR,47.63,10,pending,invoice,2023-02-13,2023-11-03,1,1,0
INV-103698,ACC-6306,Dunder Ltd,billing@dunder.com,LATAM,Fintech,starter,annually,3,EUR,1587.60,0,paid,Wire Transfer,01/04/2021,09/25/2023,false,5,2
INV-103810,ACC-1337,Prestige Labs,,NA,Media,enterprise ,Annual,1,USD,"2,990.00 USD",0,completed,wire,2022/05/07,2024-02-18,false,5,0
INV-104296,ACC-1436,Prestige Ltd,billing@prestige.com,EMEA,Manufacturing,PRO,annual,250,EUR,"€-267,300.00",0,refunded,Wire Transfer,02/28/2023,Nov 22 2023,0,3,0
INV-104480,ACC-6180,Oscorp Ltd,,NA,Travel, Starter ,Monthly,100,USD,"$4,410.00",10,PAID,credit_card,2023/12/15,2024-03-15,false,3,3
INV-103886,ACC-5353,Stark Co,billing@stark.com,APAC,Fintech, Starter ,monthly,10,USD,490.00 USD,0,Paid,Credit Card,02/18/2022,10/06/2024,FALSE,4,0
INV-103359,ACC-7384,Acme Partners,billing@acme.com,APAC,Retail, Starter ,Monthly,5,USD,196.00,20,completed,invoice,2023-07-05,2025-01-05,0,3,1
INV-103369,ACC-5028,Pied Piper Holdings,billing@pied.com,LATAM,Manufacturing,starter,annual,3,EUR,1270.08,20,Paid,ACH,2023-11-25,08/03/2026,0,3,0
INV-100179,ACC-3931,Wonka Partners,billing@wonka.com,LATAM,Logistics,Tier 2,Monthly,50,USD,"$3,960.00",20,in_review,Wire Transfer,2021/12/08,2024-02-27,0,4,0
INV-100306,ACC-7045,Stark Partners,billing@stark.com,LATAM,Fintech,starter,yearly,50,GBP,"£28,003.50",10,completed,Wire Transfer,11-03-2024,09/02/2024,false,2,1
INV-103544,ACC-3335,Globex Corp,billing@globex.com,EMEA,Healthcare,STARTER,Annual,250,USD,122500.00,0,Paid,wire,2022-08-01,2023/02/11,false,5,0
INV-103123,ACC-3689,Nakatomi Labs,billing@nakatomi.com,NA,Manufacturing,Professional,monthly,250,EUR,26730.00,0,in_review,,2022/07/31,2023/07/23,0,,1
INV-102419,ACC-8188,Cyberdyne Inc,billing@cyberdyne.com,EMEA,Travel,Tier 1,annually,3,GBP,1866.90,0,completed,Credit Card,2023/04/22,2025-05-24,FALSE,4,3
INV-101617,ACC-8713,Gekko Labs,billing@gekko.com,EMEA,Travel, Starter ,monthly,10,EUR,€476.28,10,VOID,ach,2023-02-03,04/01/2024,FALSE,5,5
INV-101146,ACC-8057,Stark Ltd,billing@stark.com,LATAM,,Pro ,Monthly,10,USD,990.00,0,Pending,wire,2022-04-12,2022-07-29,No,4,0
INV-102836,ACC-8119,Massive Dynamic Labs,billing@massive.com,LATAM,Energy,Tier 1,monthly,1,USD,49,0,Paid,credit_card,03/05/2022,2024-03-11,false,2,0
INV-104057,ACC-3223,Umbrella Industries,,NA,Media,pro,annually,5,EUR,5346,0,completed,,2023-02-23,2025-08-24,FALSE,1,0
INV-102699,ACC-8210,Soylent Corp,billing@soylent.com,NA,Gaming,Professional,annually,3,EUR,3207.60,0,paid,Credit Card,Jan 14 2024,2026/02/21,FALSE,4,0
INV-104420,ACC-2382,Pied Piper Co,billing@pied.com,APAC,Gaming,starter,monthly,100,EUR,5292.00,0,Paid,Wire Transfer,2024-06-29,12/11/2026,0,5,3
INV-102221,ACC-8032,Tyrell Labs,billing@tyrell.com,LATAM,Education,Enterprise,monthly,50,USD,"$14,950.00",0,Void,ACH,2022/01/05,2023-10-02,N,2,8
INV-100263,ACC-5762,Dunder LLC,billing@dunder.com,NA,Gaming,Starter,Annual,100,GBP,52895.50,15,PENDING,wire,2023-12-08,02/17/2025,N,,1
INV-103341,ACC-4604,Pied Piper Industries,billing@pied.com,EMEA,,PRO,monthly,250,USD,24750.00,0,Complete,credit_card,2024-08-04,2025-03-27,FALSE,5,1
INV-101697,ACC-6295,Aperture Industries,billing@aperture.com,NA,Retail,Tier 2,annually,1,USD,$990.00,0,completed,Credit Card,Sep 30 2021,2022/03/16,N,4,2
INV-103900,ACC-7278,Cyberdyne LLC,billing@cyberdyne.com,APAC,Healthcare,Pro ,Monthly,3,GBP,377,0,success,Credit Card,2022-01-09,2022-07-25,Yes,4,0
INV-100717,ACC-9496,Wayne Ltd,billing@wayne.com,APAC,Manufacturing,Tier 1,Monthly,25,USD,1041.25,15,failed,wire,06/11/2024,May 11 2026,0,5,1
INV-104029,ACC-3256,Wonka Industries,billing@wonka.com,LATAM,Logistics,Starter,Monthly,1,USD,42,15,cancelled,ach,08/31/2022,Jan 28 2024,N,2,0
INV-101407,ACC-4216,Umbrella Labs,billing@umbrella.com,EMEA,Travel,Tier 1,annually,3,USD,1470.00,0,error,Wire Transfer,2022-11-24,2023-07-31,0,,1
INV-100366,ACC-2920,Oscorp Inc,billing@oscorp.com,APAC,Healthcare,ENT,monthly,100,USD,29900.00,0,paid,ACH,2021-03-02,2022/09/01,TRUE,5,0
INV-103894,ACC-7922,Gekko Co,,NA,Logistics,enterprise,Monthly,250,USD,56062.50,25,Paid,invoice,Nov 4 2022,01/19/2023,FALSE,5,0
INV-101820,ACC-1485,Massive Dynamic Labs,billing@massive.com,APAC,Logistics,enterprise ,Monthly,50,USD,12707.50,15,PAID,ACH,12/18/2021,2024/04/02,0,5,2
INV-103393,ACC-3464,Prestige Inc,billing@prestige.com,LATAM,Education,Tier 3,Annual,10,EUR,"€32,292.00",0,FAILED,invoice,2023-12-28,09/22/2025,0,1,1
INV-101827,ACC-3689,Globex Labs,billing@globex.com,EMEA,Healthcare,starter,Monthly,3,USD,147.00,0,declined,Wire Transfer,2024-07-27,May 9 2026,false,3,0
INV-100561,ACC-2645,Prestige Holdings,billing@prestige.com,LATAM,Logistics,Enterprise,annual,10,USD,29900.00,0,paid,ACH,07/13/2021,03/10/2024,FALSE,,0
INV-100940,ACC-8107,Gekko Corp,billing@gekko.com,APAC,Healthcare,Tier 1,annually,100,USD,49000.00,0,error,invoice,2023-12-26,01/20/2024,FALSE,2,5
INV-101396,ACC-9423,Aperture Corp,billing@aperture.com,EMEA,Media,pro,annually,10,USD,"$8,910.00",10,PAID,credit_card,2024-09-29,2026-02-22,false,2,0
INV-100506,ACC-4824,Vandelay Industries,billing@vandelay.com,EMEA,Energy,ENT,annually,100,USD,"239,200.00 USD",20,Paid,Wire Transfer,10/22/2022,2024-12-30,FALSE,3,0
INV-101119,ACC-4643,Cyberdyne Partners,billing@cyberdyne.com,NA,Retail,Enterprise,yearly,10,USD,25415.00,15,paid,invoice,2023-07-19,2025-07-28,0,4,0
INV-100838,ACC-1269,Prestige Holdings,billing@prestige.com,NA,,Start,annual,250,USD,"$122,500.00",0,Complete,Credit Card,04/17/2021,2022-05-24,false,4,0
INV-104168,ACC-8937,Dunder Holdings,billing@dunder.com,NA,Manufacturing,ENT,monthly,10,GBP,"£3,797.30",0,Paid,invoice,2021-12-17,2024-04-17,No,3,1
INV-101625,ACC-6075,Dunder Co,billing@dunder.com,NA,Fintech,Pro,Monthly,100,GBP,"£12,573.00",0,awaiting,,01/08/2021,2021-12-20,N,3,1
INV-100404,ACC-4774,Pied Piper Partners,billing@pied.com,LATAM,Gaming,Start,monthly,10,EUR,€529.20,0,completed,ach,May 25 2024,Feb 15 2025,false,4,0
INV-104079,ACC-3848,Gekko Group,billing@gekko.com,EMEA,Manufacturing,PRO,Annual,100,EUR,"€96,228.00",10,in_review,ACH,Jan 3 2022,06/03/2023,FALSE,4,3
INV-101016,ACC-6636,Prestige Inc,billing@prestige.com,NA,Manufacturing,Tier 1,annually,10,GBP,6223.00,0,Complete,wire,2021-11-15,2024-01-30,0,,0
INV-100806,ACC-8766,Nakatomi Inc,billing@nakatomi.com,LATAM,Education,enterprise,Annual,50,EUR,"161,460.00 EUR",0,PENDING,Credit Card,2024-03-18,Feb 14 2025,FALSE,3,0
INV-104608,ACC-5397,Oscorp Holdings,,APAC,Gaming,Start,Annual,50,USD,24500.00,0,error,invoice,12/19/2021,2022-06-08,FALSE,4,0
INV-102011,ACC-8353,Aperture Labs,billing@aperture.com,NA,Fintech, Starter ,annual,3,USD,1323.00,10,PAID,invoice,2024-03-18,2026-06-17,No,1,3
INV-103944,ACC-9437,Nakatomi Co,billing@nakatomi.com,LATAM,Travel,ENT,yearly,10,USD,29900,0,pending,,11/01/2023,2024-09-14,No,3,1
INV-103585,ACC-5535,Tyrell Ltd,,NA,Fintech,Enterprise,annually,10,USD,29900.00,0,Complete,,2023-04-19,May 28 2024,0,3,0
INV-101116,ACC-3715,Oscorp Holdings,billing@oscorp.com,EMEA,Energy,Starter,annual,50,USD,"$24,500.00",0,in_review,invoice,2024/10/24,2027/03/14,N,3,0
INV-102725,ACC-4721,Prestige Partners,billing@prestige.com,LATAM,,starter,Annual,250,USD,122500.00,0,PAID,,2022-03-17,2024/06/05,N,3,2
INV-104099,ACC-5034,Nakatomi Corp,billing@nakatomi.com,EMEA,Retail,STARTER,monthly,25,USD,"$1,225.00",0,Paid,ACH,2024/02/01,2024-09-16,TRUE,3,1
INV-102284,ACC-4397,Globex Labs,billing@globex.com,LATAM,Media,Start,annually,25,USD,"$12,250.00",0,Complete,ach,2023-05-08,02/19/2024,0,4,2
INV-101113,ACC-8208,Acme Ltd,billing@acme.com,NA,Energy, Starter ,annual,3,USD,1470.00,0,in_review,ach,2021-07-30,09-08-2022,Y,5,0
INV-101106,ACC-2016,Hooli Corp,billing@hooli.com,EMEA,,PRO,Monthly,25,USD,"$2,475.00",0,pending,ach,2023-08-05,08/29/2023,0,2,0
INV-101691,ACC-3825,Stark Industries,billing@stark.com,EMEA,Logistics,STARTER,monthly,250,USD,"$12,250.00",0,Complete,ACH,07/28/2021,2023-09-20,FALSE,3,0
INV-101997,ACC-8353,Initech Co,billing@initech.com,NA,Gaming,Start,monthly,1,USD,49.00,0,paid,,03/03/2024,2025-07-14,Y,5,1
INV-104292,ACC-3376,Acme Labs,billing@acme.com,APAC,Media, Starter ,annual,5,EUR,1984.50,25,PAID,Wire Transfer,2023-02-17,06/21/2025,N,5,0
INV-100438,ACC-4626,Cyberdyne LLC,billing@cyberdyne.com,NA,Logistics, Starter ,monthly,25,USD,1041.25,15,awaiting,,2024-04-19,Jun 23 2025,0,4,1
INV-104668,ACC-1617,Umbrella Labs,billing@umbrella.com,LATAM,Education,Starter,monthly,250,USD,11025.00,10,error,credit_card,2022/12/13,2024/05/13,false,1,8
INV-101430,ACC-3047,Prestige Ltd,billing@prestige.com,EMEA,Education,Pro,annually,50,USD,49500.00,0,PAID,ACH,05/09/2024,2025-07-07,No,5,0
INV-102277,ACC-1408,Wayne Industries,billing@wayne.com,APAC,Education,Tier 2,annually,5,USD,4950.00,0,success,ACH,2023-01-26,2024-08-15,Y,5,8
INV-100996,ACC-2373,Vandelay Group,,LATAM,Gaming, Starter ,Annual,25,EUR,"€13,230.00",0,VOID,credit_card,01/24/2022,Mar 25 2022,0,4,0
INV-100633,ACC-4853,Prestige LLC,billing@prestige.com,NA,Gaming, Starter ,Annual,250,EUR,"99,225.00 EUR",25,Complete,wire,01/06/2024,2025-06-04,false,4,3
INV-103892,ACC-3627,Soylent Corp,billing@soylent.com,NA,Gaming,Tier 2,Monthly,3,EUR,272.65,15,Void,wire,2021-10-29,Nov 30 2021,0,3,0
INV-101024,ACC-4994,Stark Ltd,billing@stark.com,APAC,Energy,STARTER,monthly,10,USD,490.00,0,completed,credit_card,09-03-2023,03/20/2023,0,5,8
INV-101169,ACC-4350,Hooli Corp,,LATAM,Education,Tier 1,Annual,100,USD,"$49,000.00",0,success,,2021-07-16,Mar 2 2023,TRUE,5,0
INV-102400,ACC-3110,Hooli Partners,billing@hooli.com,LATAM,Fintech,Tier 1,Monthly,5,USD,245.00,0,Void,credit_card,2021-07-28,04/11/2022,N,5,0
INV-102912,ACC-4849,Globex Group,billing@globex.com,APAC,Travel,Starter,monthly,10,USD,416.50,15,success,wire,22-04-2021,2021-07-02,N,1,0
INV-100124,ACC-9462,Nakatomi Co,billing@nakatomi.com,NA,,Enterprise,monthly,250,USD,67275.00,10,Paid,Wire Transfer,2023/12/10,2026-05-28,0,3,1
INV-100511,ACC-1925,Wonka Group,billing@wonka.com,NA,Gaming,Tier 2,monthly,1,USD,79.20,20,Paid,invoice,10/09/2021,2023-03-05,N,,0
INV-102776,ACC-9607,Stark Co,,APAC,Retail,Start,annual,10,EUR,"5,292.00 EUR",0,success,credit_card,17-05-2021,11/12/2022,0,,2
INV-100486,ACC-7585,Wonka Industries,billing@wonka.com,LATAM,Education,starter,yearly,10,USD,4900,0,PENDING,,2024-08-31,2026-09-24,0,,2
INV-100688,ACC-8418,Vandelay Inc,billing@vandelay.com,EMEA,Fintech,pro,monthly,100,GBP,12573.00,0,pending,,2024-08-15,Jul 18 2026,No,5,0
INV-101945,ACC-2540,Oscorp Holdings,billing@oscorp.com,NA,Education,ENT,yearly,3,USD,8073.00,10,cancelled,ACH,04-03-2022,09/12/2023,No,4,0
INV-100866,ACC-9847,Umbrella Corp,billing@umbrella.com,LATAM,Fintech,Professional,monthly,3,USD,297.00,0,Complete,ach,2024-05-05,Jun 11 2024,N,1,2
INV-102524,ACC-5071,Oscorp Ltd,billing@oscorp.com,LATAM,Healthcare,Starter,annually,5,GBP,3111.50,0,completed,wire,2021-04-24,2023/11/04,N,5,0
INV-100539,ACC-5027,Stark Co,billing@stark.com,LATAM,Gaming, Starter ,monthly,3,USD,110.25,25,pending,,06-10-2021,Oct 6 2021,No,5,0
INV-102781,ACC-4938,Globex Labs,billing@globex.com,EMEA,,Professional,Monthly,250,USD,21037.50,15,success,ach,2022-01-17,2023-10-06,false,3,0
INV-104909,ACC-7521,Acme Industries,billing@acme.com,NA,Energy,Pro,Annual,3,USD,2970.00,0,PAID,ach,2022-12-29,2024/03/16,false,2,0
INV-103770,ACC-9227,Wayne Industries,billing_at_wayne.com,LATAM,Logistics,Tier 2,annual,10,USD,9900.00,0,paid,wire,2023/04/22,02/11/2024,N,3,0
INV-101239,ACC-6178,Dunder Inc,billing@dunder.com,APAC,Media,Tier 1,Monthly,10,USD,$490.00,0,Paid,credit_card,2023-05-04,2023/11/27,No,,2
INV-100040,ACC-3417,Wonka Industries,billing_at_wonka.com,APAC,Retail,Tier 2,Annual,1,GBP,1257.30,0,Paid,Credit Card,2021/02/22,07/06/2021,Yes,3,0
INV-101903,ACC-1681,Cyberdyne Partners,billing@cyberdyne.com,NA,Gaming,STARTER,annual,50,USD,24500.00,0,Paid,ach,18-08-2021,06/15/2023,N,3,0
INV-103410,ACC-8986,Acme Co,billing@acme.com,LATAM,Manufacturing,Professional,yearly,3,EUR,3207.60,0,Paid,ach,2021-08-16,Jun 10 2023,0,5,3
INV-100023,ACC-3979,Pied Piper Industries,billing@pied.com,EMEA,Energy,STARTER,annually,10,EUR,5292.00,0,PENDING,credit_card,2023-11-25,2026-07-22,FALSE,3,0
INV-100403,ACC-9830,Prestige Labs,billing@prestige.com,NA,Manufacturing,Tier 2,yearly,1,USD,990,0,completed,invoice,2022-05-15,2023-04-16,N,,0
INV-102128,ACC-1568,Hooli Ltd,billing@hooli.com,APAC,Retail,Pro,annual,25,USD,22275.00,10,completed,wire,24-07-2023,2023-07-29,false,4,5
INV-103087,ACC-7300,Acme Partners,billing@acme.com,LATAM,Fintech,STARTER,Monthly,250,GBP,"15,557.50 GBP",0,PAID,ach,01-10-2024,09/23/2025,N,1,0
INV-102092,ACC-3764,Hooli Co,billing@hooli.com,EMEA,Travel,STARTER,annual,25,USD,"$12,250.00",0,completed,ach,09/29/2021,02-09-2022,No,4,0
INV-100782,ACC-2080,Wayne Ltd,billing@wayne.com,APAC,Gaming,Starter,Monthly,10,USD,$490.00,0,failed,invoice,2022/04/14,2022-05-31,Y,4,0
INV-101311,ACC-8080,Massive Dynamic LLC,billing@massive.com,NA,Energy,Start,yearly,10,EUR,5292.00,0,Paid,invoice,11/01/2024,2027/06/17,N,3,0
INV-102383,ACC-6522,Wayne Holdings,billing@wayne.com,APAC,Media,PRO,Monthly,5,USD,495.00,0,Complete,wire,2021/12/19,03/28/2022,TRUE,,0
INV-100382,ACC-7328,Tyrell Group,billing@tyrell.com,APAC,Media,Starter,annually,10,USD,"$4,165.00",15,PAID,,10/13/2021,2023-09-12,0,,0
INV-100887,ACC-7854,Hooli Co,billing_at_hooli.com,NA,Education,enterprise ,Monthly,250,USD,74750.00,0,VOID,,11/04/2022,2024-03-30,N,3,2
INV-104272,ACC-5566,Massive Dynamic Labs,billing@massive.com,APAC,Manufacturing,Tier 1,Annual,10,GBP,"£6,223.00",0,FAILED,credit_card,2022/09/23,2022-11-27,No,4,5
INV-103085,ACC-9439,Umbrella Inc,billing@umbrella.com,LATAM,Manufacturing,pro,monthly,50,USD,"4,950.00 USD",0,canceled,Wire Transfer,2022-07-03,Oct 26 2023,Y,4,1
INV-101455,ACC-7283,Gekko Industries,,NA,Retail,Enterprise,annually,3,USD,8970.00,0,success,wire,2022-03-29,2022-08-05,FALSE,5,0
INV-100550,ACC-2928,Initech Inc,billing@initech.com,EMEA,Energy,Start,monthly,5,USD,245.00,0,PAID,invoice,2023-09-14,2024-12-02,false,5,2
INV-104809,ACC-2479,Umbrella Industries,billing@umbrella.com,EMEA,Manufacturing,Pro,monthly,1,USD,99.00,0,declined,wire,2021-05-04,01/19/2024,Yes,3,1
INV-104443,ACC-1595,Vandelay LLC,billing@vandelay.com,NA,Manufacturing,ENT,monthly,10,GBP,"3,797.30 GBP",0,completed,wire,2021/08/03,2022-05-06,0,1,0
INV-104935,ACC-3227,Gekko Industries,billing@gekko.com,LATAM,Education,Tier 1,Monthly,1,USD,49.00,0,pending,Wire Transfer,2023-01-30,04/23/2024,0,3,0
INV-103450,ACC-5649,Pied Piper LLC,billing@pied.com,APAC,Logistics,Start,monthly,50,USD,"$2,450.00",0,PAID,ACH,2022/04/16,28-07-2024,FALSE,5,0
INV-101808,ACC-8285,Dunder Corp,billing@dunder.com,APAC,Logistics,STARTER,annual,10,EUR,5292.00,0,awaiting,credit_card,12/04/2023,2025-08-25,No,3,0
INV-104450,ACC-3458,Hooli Corp,billing@hooli.com,EMEA,Media,Enterprise,annual,100,EUR,274482.00,15,PAID,wire,04/27/2023,17-04-2024,No,4,0
INV-103425,ACC-8758,Globex Corp,billing_at_globex.com,NA,Manufacturing,Enterprise ,monthly,25,USD,6727.50,10,PENDING,invoice,2022-03-15,2023/02/01,Y,4,0
INV-101418,ACC-8657,Wayne Labs,,EMEA,Education,Tier 3,monthly,5,USD,1196.00,20,success,credit_card,2022/10/18,Oct 14 2024,0,4,3
INV-101941,ACC-3765,Wayne Industries,billing@wayne.com,EMEA,Media, Starter ,monthly,5,EUR,264.60,0,PENDING,,10/20/2022,10/31/2024,FALSE,5,0
INV-103965,ACC-5039,Initech Inc,billing@initech.com,NA,Manufacturing,STARTER,monthly,5,USD,245.00,0,completed,Wire Transfer,05/05/2024,2024-07-23,No,5,8
INV-102662,ACC-1972,Umbrella Co,billing@umbrella.com,NA,Fintech,starter,yearly,10,USD,4410.00,10,Paid,wire,2021-09-05,2023-01-10,TRUE,,2
INV-104469,ACC-9020,Globex Inc,billing@globex.com,EMEA,Travel,Starter,monthly,3,USD,$124.95,15,completed,credit_card,2023/07/23,2024-08-07,N,5,5
INV-102472,ACC-6097,Umbrella LLC,billing@umbrella.com,EMEA,Healthcare,enterprise,Monthly,3,EUR,€968.76,0,completed,ACH,2024-07-14,07/30/2026,No,1,0
INV-102824,ACC-5330,Stark Ltd,billing@stark.com,NA,Healthcare,STARTER,monthly,3,USD,117.60 USD,20,completed,Wire Transfer,2024-09-05,11/30/2026,true,3,1
INV-100822,ACC-6967,Wonka Co,billing@wonka.com,EMEA,Education,starter,yearly,250,USD,"122,500.00 USD",0,failed,wire,2023-02-11,2024-12-06,0,1,2
INV-104961,ACC-1249,Prestige Labs,billing@prestige.com,APAC,Manufacturing,starter,Monthly,10,USD,$490.00,0,paid,Credit Card,2022-11-22,2023-08-14,false,2,0
INV-100054,ACC-3254,Cyberdyne Corp,billing@cyberdyne.com,APAC,Manufacturing,Start,yearly,5,USD,-2450.00,0,refunded,invoice,11/03/2021,05/18/2023,false,,3
INV-103979,ACC-2916,Massive Dynamic LLC,billing@massive.com,EMEA,Healthcare,Tier 3,monthly,250,GBP,94932.50,0,success,ach,12/01/2023,2025-11-30,No,3,0
INV-104283,ACC-8775,Massive Dynamic Co,billing@massive.com,APAC,Fintech,Enterprise ,Monthly,25,GBP,"£7,594.60",20,completed,ACH,2022/10/15,2024-09-14,N,4,3
INV-103909,ACC-7161,Massive Dynamic Industries,billing@massive.com,NA,Media,Starter,Monthly,5,USD,$245.00,0,completed,wire,02-12-2021,2022-06-04,No,4,0
INV-104716,ACC-3739,Cyberdyne Holdings,billing@cyberdyne.com,LATAM,,Starter,annually,5,GBP,"3,111.50 GBP",0,paid,Credit Card,2022-04-22,2023-12-03,0,5,1
INV-103040,ACC-4082,Prestige Holdings,billing_at_prestige.com,NA,Healthcare,starter,Monthly,10,EUR,529.20,0,success,invoice,2023-03-29,2024-05-27,0,5,0
INV-101779,ACC-2393,Tyrell LLC,billing@tyrell.com,APAC,Healthcare,Pro,yearly,50,EUR,"€53,460.00",0,Paid,ACH,09/21/2023,2025-06-01,Y,,0
INV-103185,ACC-1634,Globex Labs,billing@globex.com,LATAM,Media,Enterprise ,monthly,3,EUR,968.76,0,completed,ACH,04/22/2021,09/24/2021,FALSE,1,0
INV-101161,ACC-7243,Stark Inc,billing@stark.com,NA,Retail,Starter,Annual,50,USD,22050.00,10,Complete,ach,2023-01-24,May 29 2023,1,5,0
INV-101035,ACC-8193,Gekko Co,,LATAM,Manufacturing,Professional,Monthly,1,USD,99.00,0,Complete,invoice,2023-06-29,09/08/2023,false,2,5
INV-104646,ACC-5039,Stark Inc,billing@stark.com,LATAM,Media,pro,Monthly,25,USD,"$2,475.00",0,PAID,,2022/02/02,2022-11-10,No,4,3
INV-100948,ACC-4718,Vandelay Industries,billing@vandelay.com,APAC,,enterprise,Annual,100,EUR,274482,15,awaiting,ACH,2022-11-09,2023-05-20,1,2,0
INV-103681,ACC-8610,Initech Holdings,billing_at_initech.com,APAC,Logistics,starter,monthly,5,USD,245,0,Pending,Wire Transfer,2024-03-18,2025-12-02,No,3,1
INV-100752,ACC-3019,Soylent Co,billing@soylent.com,NA,Gaming,starter,annual,1,EUR,476.28,10,PENDING,,03/13/2021,2021-10-06,N,3,0
INV-103626,ACC-2003,Tyrell Partners,billing@tyrell.com,NA,Energy,enterprise ,monthly,3,EUR,968.76,0,PAID,wire,2022-09-22,2024-03-06,N,5,0
INV-104160,ACC-9863,Gekko Labs,billing@gekko.com,LATAM,Fintech,enterprise,Annual,10,GBP,37973.00,0,PAID,wire,08/06/2024,2024/09/21,Y,3,1
INV-100143,ACC-7251,Wayne Inc,billing@wayne.com,EMEA,Manufacturing, Starter ,monthly,25,EUR,1124.55,15,Complete,Credit Card,2024-07-21,2026-07-12,N,,0
INV-102906,ACC-6043,Globex LLC,billing@globex.com,EMEA,Energy,Pro ,Monthly,100,USD,9900.00,0,Void,credit_card,2021-05-07,04/12/2022,FALSE,,0
INV-100022,ACC-8102,Pied Piper LLC,billing@pied.com,APAC,Manufacturing,enterprise ,Monthly,100,USD,29900.00,0,success,,2024-01-08,03/11/2026,N,4,0
INV-102216,ACC-1243,Wayne Co,,LATAM,Education,Tier 1,Monthly,250,USD,12250.00,0,Complete,Wire Transfer,Feb 25 2021,2022-07-09,No,4,0
INV-101761,ACC-1978,Massive Dynamic Ltd,billing@massive.com,LATAM,Gaming,Pro,Monthly,5,GBP,629,0,paid,ach,2022-05-15,2024-05-20,0,1,0
INV-102350,ACC-7603,Globex Partners,billing_at_globex.com,EMEA,Healthcare,Professional,Annual,25,USD,-24750.00,0,Refunded,credit_card,2022-10-07,2025-02-14,FALSE,3,0
INV-101258,ACC-9253,Oscorp Holdings,billing@oscorp.com,EMEA,Education,Starter,monthly,10,USD,490.00,0,PAID,Credit Card,2023/03/24,2025/10/01,false,,0
INV-104533,ACC-4977,Umbrella Labs,billing@umbrella.com,NA,Gaming,Tier 3,Monthly,1,USD,299,0,Paid,ach,2024/05/31,2025-03-04,false,3,0
INV-100278,ACC-9863,Aperture Industries,billing@aperture.com,NA,Travel, Starter ,annual,100,EUR,"€52,920.00",0,awaiting,credit_card,2022-09-25,Apr 21 2024,FALSE,5,0
INV-102647,ACC-3713,Globex Holdings,,NA,Energy,Professional,monthly,1,EUR,106.92,0,success,ACH,2022-11-24,2025-05-03,FALSE,,8
INV-100815,ACC-2273,Prestige Labs,billing@prestige.com,EMEA,Gaming,Professional,Monthly,100,USD,8910.00,10,paid,ACH,04/04/2023,05/24/2025,1,1,5
INV-102231,ACC-5141,Massive Dynamic Industries,billing_at_massive.com,EMEA,Healthcare,starter,Monthly,10,USD,490,0,success,,2023-11-03,2026-07-06,false,4,2
INV-100738,ACC-1772,Globex Ltd,billing@globex.com,APAC,Healthcare,Tier 1,yearly,3,USD,"1,323.00 USD",10,Paid,Credit Card,2024-07-31,2025-03-07,N,3,0
INV-102620,ACC-2713,Soylent Group,billing@soylent.com,LATAM,Manufacturing,enterprise ,yearly,3,EUR,"€9,687.60",0,PAID,ACH,Sep 26 2024,2026-03-13,0,,0
INV-100248,ACC-9178,Hooli Partners,billing@hooli.com,LATAM,Education, Starter ,yearly,100,GBP,"62,230.00 GBP",0,pending,Credit Card,01/17/2023,2024/05/04,Yes,3,1
INV-104360,ACC-8046,Massive Dynamic Partners,billing@massive.com,LATAM,Education,Start,yearly,3,USD,"$1,249.50",15,Pending,wire,02/12/2023,2024/11/06,FALSE,5,0
INV-102495,ACC-9042,Prestige Group,billing_at_prestige.com,APAC,Fintech, Starter ,monthly,100,USD,3675.00,25,FAILED,ACH,11/28/2021,02/17/2023,No,5,0
INV-102233,ACC-3476,Umbrella Labs,billing@umbrella.com,APAC,Healthcare,Tier 1,annually,250,EUR,"€119,070.00",10,completed,credit_card,02/17/2022,05/20/2022,No,2,0
INV-102861,ACC-2287,Nakatomi Corp,billing_at_nakatomi.com,NA,Travel,Enterprise ,Monthly,10,USD,2990,0,success,wire,17-01-2022,Dec 14 2022,false,4,0
INV-102717,ACC-7271,Oscorp LLC,billing@oscorp.com,APAC,Gaming,Pro,yearly,10,USD,9900.00,0,Paid,ACH,2023/03/13,2024-04-22,false,2,0
INV-102143,ACC-8770,Wayne Industries,billing@wayne.com,EMEA,Education,enterprise ,annual,1,GBP,"£3,797.30",0,VOID,ach,06/10/2021,2024-01-13,0,3,0
INV-104694,ACC-4526,Dunder Group,billing@dunder.com,EMEA,Media,Professional,monthly,50,USD,4950.00,0,success,invoice,10/07/2022,2025-04-06,FALSE,1,1
INV-103897,ACC-8716,Oscorp Group,billing@oscorp.com,APAC,Manufacturing,Starter,monthly,3,EUR,158.76,0,success,wire,03/03/2022,06/04/2024,No,4,0
INV-102049,ACC-7941,Umbrella Holdings,billing@umbrella.com,APAC,Energy,Starter,annually,5,USD,2450,0,PAID,ACH,2024-10-25,2027-07-15,No,2,1
INV-100391,ACC-7162,Gekko Labs,billing@gekko.com,APAC,Healthcare,Tier 3,Monthly,3,USD,897.00,0,paid,wire,2022-11-09,12/02/2022,N,4,0
INV-104637,ACC-1116,Hooli Corp,billing@hooli.com,APAC,Education,ENT,annually,5,USD,14950.00,0,PAID,ach,2021-08-21,2024/04/08,0,5,0
INV-101025,ACC-7180,Wonka Co,,LATAM,,Tier 1,Monthly,25,USD,1225.00,0,paid,invoice,2022/01/15,2024-09-22,TRUE,3,1
INV-104289,ACC-3553,Globex Inc,billing@globex.com,LATAM,Energy,Pro,monthly,1,USD,99.00,0,PAID,Wire Transfer,2022-01-19,08/01/2024,N,5,0
INV-101707,ACC-5346,Dunder Inc,billing@dunder.com,EMEA,Retail,enterprise ,annually,25,USD,63537.50,15,Complete,ach,2021-12-16,2024-04-25,false,4,0
INV-103685,ACC-1208,Acme Partners,billing@acme.com,EMEA,Media,Tier 3,Monthly,25,EUR,"€8,073.00",0,Complete,Credit Card,2023-12-21,06/18/2026,N,4,0
INV-101736,ACC-3962,Nakatomi Industries,billing@nakatomi.com,EMEA,Travel,Pro ,annually,50,USD,"$49,500.00",0,PAID,Wire Transfer,2022-06-14,06/28/2022,FALSE,4,0
INV-104624,ACC-4191,Prestige Inc,billing@prestige.com,NA,Manufacturing,Starter,annual,250,USD,122500.00,0,PAID,Credit Card,2022-07-09,09-08-2023,false,5,5
INV-101924,ACC-5436,Hooli Partners,billing@hooli.com,LATAM,Education,Professional,annually,25,USD,"$24,750.00",0,completed,credit_card,2024-06-19,2026/05/07,false,4,1
INV-104696,ACC-1835,Massive Dynamic Industries,billing@massive.com,APAC,Education,Tier 2,monthly,250,USD,24750,0,completed,Wire Transfer,10/25/2024,09-12-2024,TRUE,5,0
INV-103986,ACC-5091,Vandelay Corp,billing@vandelay.com,NA,Retail,enterprise,Monthly,3,EUR,823.45,15,success,Wire Transfer,23-03-2021,2022-07-30,No,4,1
INV-101091,ACC-1501,Gekko Inc,billing@gekko.com,NA,Travel,PRO,annual,10,USD,9900.00,0,pending,Wire Transfer,2022-09-06,2023/01/30,N,4,0
INV-104133,ACC-2105,Aperture Labs,billing@aperture.com,APAC,Travel,Tier 1,monthly,25,USD,"$1,225.00",0,paid,ACH,Sep 13 2024,08/31/2026,false,3,3
INV-102598,ACC-6096,Umbrella Co,billing@umbrella.com,LATAM,Education,Start,monthly,100,USD,"$4,900.00",0,Complete,credit_card,20-06-2023,2024-11-09,Yes,4,0
INV-101275,ACC-6144,Wonka Ltd,billing@wonka.com,APAC,Logistics,Enterprise ,monthly,1,EUR,290.63,10,void,Wire Transfer,2022/02/08,05/23/2023,No,4,2
INV-104368,ACC-2534,Pied Piper LLC,billing@pied.com,APAC,Gaming,PRO,monthly,1,USD,99.00 USD,0,FAILED,invoice,18-09-2024,06-03-2027,FALSE,5,0
INV-100032,ACC-7274,Wonka Partners,billing@wonka.com,APAC,Healthcare,Start,yearly,1,EUR,396.90,25,declined,,2024-08-28,2025-01-30,FALSE,,2
INV-101506,ACC-7733,Acme Labs,billing@acme.com,APAC,Logistics,Start,Annual,1,EUR,529.20,0,paid,ach,05/22/2021,2023/05/27,FALSE,2,0
INV-101371,ACC-8680,Vandelay Corp,billing@vandelay.com,APAC,Education,starter,Annual,5,EUR,"€1,984.50",25,success,ACH,2022-02-28,2024-04-04,N,,2
INV-101837,ACC-2919,Aperture Inc,billing@aperture.com,APAC,Manufacturing,pro,Monthly,10,USD,990,0,FAILED,,10-03-2021,2021-03-29,No,4,0
INV-102076,ACC-3593,Oscorp Industries,billing@oscorp.com,NA,Healthcare, Starter ,annually,5,USD,-1960.00,20,Refunded,Wire Transfer,2023-07-04,2023-12-05,1,5,0
INV-104211,ACC-8820,Prestige Corp,billing@prestige.com,APAC,Logistics,Start,Monthly,100,GBP,5601,10,paid,Wire Transfer,Dec 19 2023,Mar 3 2024,false,1,0
INV-100135,ACC-2522,Oscorp Holdings,billing@oscorp.com,NA,Fintech,STARTER,Monthly,5,USD,245,0,Complete,,2023/09/07,12/04/2025,FALSE,3,2
INV-100302,ACC-3587,Globex Group,billing@globex.com,APAC,Education, Starter ,annual,250,USD,98000.00,20,Pending,credit_card,04/23/2023,2025-06-11,0,4,1
INV-100093,ACC-8570,Prestige Labs,billing@prestige.com,NA,Travel,Start,Monthly,5,USD,245.00 USD,0,Pending,ACH,2023-05-30,2024-07-01,true,3,3
INV-101877,ACC-3898,Pied Piper Group,billing@pied.com,LATAM,,starter,yearly,25,GBP,"£12,446.00",20,paid,invoice,2022-12-21,2023-02-18,N,2,1
INV-102805,ACC-8458,Wayne Industries,billing@wayne.com,EMEA,Healthcare,STARTER,Monthly,1,GBP,62.23,0,Complete,ach,07/05/2021,2021-10-18,false,,0
INV-100890,ACC-2783,Vandelay Partners,billing@vandelay.com,APAC,Travel, Starter ,monthly,10,USD,$416.50,15,completed,,13-06-2021,2023-04-27,Y,4,0
INV-101264,ACC-1650,Acme Co,billing@acme.com,EMEA,Healthcare, Starter ,yearly,10,EUR,5292.00,0,completed,wire,2023/01/23,2024/09/06,No,,0
INV-102842,ACC-8288,Oscorp Group,billing@oscorp.com,NA,Education,Pro ,Monthly,100,USD,"$8,415.00",15,Complete,ach,2021-04-08,2023-11-23,No,2,0
INV-100052,ACC-7731,Gekko Inc,billing@gekko.com,LATAM,Energy, Starter ,annually,10,EUR,"€5,292.00",0,Failed,invoice,26-09-2022,2025/06/10,N,5,0
INV-102483,ACC-9119,Vandelay Partners,billing@vandelay.com,EMEA,Energy,PRO,annual,100,USD,99000.00,0,VOID,Wire Transfer,2023/04/26,2025-08-11,N,5,2
INV-104531,ACC-5480,Gekko Co,billing@gekko.com,NA,Manufacturing,enterprise,monthly,250,USD,63538,15,PAID,wire,20-10-2022,06-07-2023,false,4,3
INV-101488,ACC-6699,Oscorp Co,billing@oscorp.com,APAC,Healthcare,Starter,annual,25,USD,"$12,250.00",0,Pending,wire,05-08-2021,Jun 25 2022,0,2,0
INV-101893,ACC-5470,Dunder Labs,billing@dunder.com,LATAM,Education,Start,yearly,10,USD,4900.00,0,success,invoice,06/09/2024,2026/08/02,FALSE,5,0
INV-101966,ACC-2626,Hooli Labs,billing@hooli.com,APAC,Retail,STARTER,annual,250,USD,"122,500.00 USD",0,success,,2022-11-03,2025-03-04,Yes,5,0
INV-104688,ACC-4486,Cyberdyne Co,billing@cyberdyne.com,NA,Logistics,STARTER,annually,250,GBP,140018,10,VOID,credit_card,09/15/2024,04/15/2025,false,2,0
INV-100819,ACC-8311,Wayne Inc,billing@wayne.com,APAC,Retail,enterprise,monthly,1,USD,299.00,0,completed,ACH,04/30/2023,11/13/2024,Yes,4,0
INV-102119,ACC-4933,Umbrella Corp,billing@umbrella.com,APAC,Education,enterprise,Monthly,10,USD,"2,242.50 USD",25,Paid,Credit Card,06/17/2021,2022-09-13,1,2,1
INV-103257,ACC-2030,Umbrella Group,billing@umbrella.com,EMEA,Travel,Tier 1,Annual,100,GBP,56007.00,10,VOID,Credit Card,2024-05-30,Sep 21 2026,N,3,0
INV-102008,ACC-9420,Acme Industries,billing@acme.com,NA,Gaming,Pro ,monthly,250,GBP,31432.50,0,Void,credit_card,2022-12-11,2023/11/17,false,5,1
INV-102885,ACC-4292,Initech Holdings,billing@initech.com,NA,Travel,ENT,Monthly,5,USD,1495.00,0,PAID,credit_card,07/27/2023,12-01-2024,true,4,0
INV-102290,ACC-1681,Stark Industries,billing@stark.com,EMEA,Media,ENT,yearly,25,USD,"$74,750.00",0,paid,invoice,2022-02-20,2024-05-22,N,,0
INV-100343,ACC-3973,Initech Co,billing@initech.com,LATAM,Education,starter,Annual,10,USD,3920.00,20,Paid,credit_card,03/19/2023,2025-02-19,false,,0
INV-101580,ACC-4044,Wayne Labs,billing@wayne.com,APAC,Fintech, Starter ,Monthly,100,EUR,5292.00,0,FAILED,,2023/08/06,2024-03-18,0,1,0
INV-104934,ACC-7068,Tyrell Holdings,billing@tyrell.com,APAC,Gaming,Starter,monthly,50,USD,"$2,450.00",0,VOID,invoice,Feb 11 2023,Nov 29 2023,0,5,0
INV-101019,ACC-7029,Pied Piper Group,billing@pied.com,NA,Manufacturing,ENT,annual,250,USD,747500.00,0,Paid,ach,2022-03-16,12/17/2022,No,3,1
INV-101366,ACC-3935,Tyrell Holdings,billing@tyrell.com,APAC,Logistics,Pro ,Monthly,10,USD,-792.00,20,REFUND,Wire Transfer,2022-12-29,2024-11-24,1,,0
INV-102558,ACC-7988,Dunder Ltd,billing@dunder.com,EMEA,Media,Pro ,yearly,3,EUR,-3207.60,0,refunded,Wire Transfer,2022/09/24,14-12-2022,No,5,2
INV-101534,ACC-7160,Dunder Industries,billing@dunder.com,LATAM,Logistics,Start,Monthly,25,USD,"1,102.50 USD",10,PAID,ACH,03/04/2023,10/28/2024,false,5,0
INV-101632,ACC-6226,Aperture Industries,billing@aperture.com,APAC,Retail,Enterprise,annual,250,USD,635375.00,15,paid,Wire Transfer,10/26/2023,2024-05-24,false,,5
INV-104798,ACC-1719,Cyberdyne Corp,billing@cyberdyne.com,LATAM,Media,Start,Annual,100,USD,49000,0,Pending,wire,Jan 23 2021,2021-06-21,N,4,0
INV-101636,ACC-4161,Wayne Inc,billing@wayne.com,EMEA,Travel,starter,annually,10,USD,4900.00,0,success,wire,2024-02-29,Aug 17 2026,false,5,0
INV-103443,ACC-3478,Gekko Group,billing@gekko.com,EMEA,Travel,Tier 1,monthly,10,USD,$-392.00,20,REFUND,ACH,2024/03/18,2026-10-06,0,,0
INV-100024,ACC-9698,Pied Piper Ltd,billing@pied.com,EMEA,Manufacturing, Starter ,annually,250,EUR,132300.00,0,PAID,wire,30-01-2022,2022/12/19,Yes,5,0
INV-103451,ACC-1293,Gekko Group,billing@gekko.com,EMEA,Retail,pro,monthly,50,USD,4455.00,10,completed,Credit Card,02/01/2023,20-01-2024,0,,0
INV-104571,ACC-2335,Wonka Ltd,billing@wonka.com,APAC,,Enterprise ,monthly,250,USD,74750.00,0,success,wire,2024-05-14,2024-07-08,No,1,3
INV-100005,ACC-1949,Wayne Group,billing@wayne.com,LATAM,Manufacturing,Tier 1,Monthly,3,EUR,€142.88,10,canceled,ach,2021/09/20,2023-07-27,No,5,0
INV-100261,ACC-8423,Globex Partners,billing@globex.com,LATAM,, Starter ,monthly,5,EUR,238.14,10,paid,invoice,2024/01/26,2026-09-26,FALSE,2,0
INV-103757,ACC-9745,Initech Ltd,billing@initech.com,EMEA,Fintech,Tier 1,monthly,100,USD,4900,0,Complete,credit_card,2023-01-14,2024-04-20,FALSE,1,3
INV-102426,ACC-3424,Massive Dynamic Holdings,billing@massive.com,NA,Travel,enterprise ,Monthly,10,USD,"$2,990.00",0,success,invoice,2023-10-08,2025-03-15,0,3,8
INV-104339,ACC-3377,Prestige Ltd,billing@prestige.com,EMEA,Logistics,Pro ,Monthly,5,USD,495.00,0,Complete,credit_card,09-04-2023,2023/05/06,No,5,0
INV-101058,ACC-9641,Tyrell LLC,billing@tyrell.com,NA,Retail,ENT,Monthly,50,USD,14950.00,0,completed,,2023-03-31,2025-05-15,N,,1
INV-101572,ACC-2783,Vandelay Labs,billing@vandelay.com,EMEA,Gaming,ENT,annually,25,USD,"74,750.00 USD",0,completed,credit_card,2022-04-05,2023/09/06,No,,1
INV-100706,ACC-3058,Massive Dynamic Corp,,NA,Fintech,Starter,annually,1,USD,392.00 USD,20,declined,Credit Card,2021-10-31,2023-11-10,0,5,0
INV-104467,ACC-4592,Aperture Inc,,APAC,Logistics,Tier 1,yearly,10,USD,"$4,900.00",0,in_review,invoice,09/30/2024,11/12/2024,N,3,0
INV-102681,ACC-4748,Globex Partners,billing@globex.com,NA,Travel,Starter,annually,250,USD,"$122,500.00",0,paid,ACH,23-05-2021,2023-09-02,false,4,0
INV-104488,ACC-4324,Dunder Co,billing@dunder.com,EMEA,Gaming,PRO,annual,10,EUR,"10,692.00 EUR",0,completed,wire,2021-02-03,06/08/2023,FALSE,3,0
INV-101307,ACC-9111,Prestige Ltd,billing@prestige.com,EMEA,Travel,Tier 2,Annual,250,USD,247500.00,0,PAID,ach,01/11/2021,2022-03-28,Yes,,0
INV-104988,ACC-4336,Oscorp Ltd,billing@oscorp.com,NA,Logistics,STARTER,annually,25,USD,11025.00,10,Paid,,2024-01-07,2026-03-12,N,5,0
INV-100047,ACC-2734,Initech Labs,billing@initech.com,APAC,Logistics,Tier 1,Monthly,50,EUR,"2,646.00 EUR",0,Pending,ACH,2021-12-11,2022-02-27,FALSE,2,0
INV-101764,ACC-7600,Hooli Co,billing@hooli.com,NA,Healthcare,Tier 1,monthly,50,USD,"-2,450.00 USD",0,REFUND,,2021/04/08,10-02-2023,No,4,5
INV-102107,ACC-5719,Nakatomi Inc,billing@nakatomi.com,APAC,Media,Enterprise,monthly,5,USD,"$1,495.00",0,Complete,Wire Transfer,2022/12/26,May 22 2023,Y,1,0
INV-102457,ACC-6341,Aperture Ltd,billing@aperture.com,LATAM,Energy,Tier 2,yearly,100,USD,79200.00,20,Paid,wire,23-01-2023,09/26/2024,No,1,2
INV-102147,ACC-5307,Cyberdyne Ltd,billing@cyberdyne.com,NA,Retail,Start,monthly,1,USD,49.00,0,success,,2021/04/24,2023/01/01,TRUE,5,0
INV-102045,ACC-7236,Gekko Industries,billing@gekko.com,APAC,Manufacturing,Tier 1,monthly,5,USD,$183.75,25,PAID,ach,2021/09/22,May 16 2022,No,5,2
INV-100704,ACC-6036,Wayne Group,billing@wayne.com,EMEA,Travel,Pro,Monthly,10,USD,891.00 USD,10,Paid,wire,2022-05-12,2024/09/11,N,4,0
INV-103972,ACC-5825,Soylent Holdings,billing@soylent.com,APAC,Fintech,Professional,monthly,100,USD,9900.00,0,awaiting,credit_card,2022-11-16,Jul 6 2023,false,5,5
INV-100804,ACC-5481,Hooli Group,,APAC,Retail,Tier 1,monthly,5,USD,245.00,0,Complete,ach,2023-06-28,08/07/2023,Yes,4,0
INV-103553,ACC-6550,Hooli Holdings,,APAC,Manufacturing,Pro,yearly,10,USD,9900.00,0,FAILED,ACH,2021-08-09,2022-02-16,N,5,0
INV-103525,ACC-4635,Umbrella Corp,,EMEA,Retail,Start,monthly,3,USD,117.60 USD,20,Complete,invoice,2023-01-31,08/04/2025,No,,0
INV-103129,ACC-4202,Wayne Corp,billing@wayne.com,EMEA,,Professional,monthly,10,USD,990.00,0,paid,ach,2021-03-30,12/24/2022,true,4,0
INV-104555,ACC-8069,Oscorp Corp,billing@oscorp.com,NA,Fintech,Starter,monthly,1,USD,49.00,0,success,Credit Card,2023-08-11,2025-02-09,FALSE,3,3
INV-103424,ACC-9643,Massive Dynamic Holdings,billing@massive.com,APAC,Manufacturing,Tier 1,Annual,10,USD,"4,900.00 USD",0,success,invoice,07/29/2021,2022-04-22,N,5,0
INV-101507,ACC-2264,Pied Piper Co,billing@pied.com,EMEA,Healthcare,Enterprise,Annual,10,USD,"29,900.00 USD",0,completed,,15-04-2021,2023-10-19,Yes,4,0
INV-101743,ACC-8388,Oscorp Inc,billing@oscorp.com,LATAM,Media,Enterprise ,yearly,100,GBP,379730.00,0,paid,credit_card,Mar 13 2023,21-09-2025,FALSE,4,3
INV-100033,ACC-7512,Stark Industries,billing@stark.com,LATAM,Healthcare,PRO,annually,250,USD,"$-210,375.00",15,charged_back,Credit Card,2021-03-15,12/07/2022,true,,2
INV-104502,ACC-2120,Acme LLC,billing_at_acme.com,NA,Healthcare,Starter,monthly,250,USD,12250.00,0,pending,credit_card,2022/09/30,01/25/2025,No,2,0
INV-103955,ACC-1189,Pied Piper LLC,billing@pied.com,APAC,Retail,STARTER,annual,25,USD,12250.00,0,PENDING,Wire Transfer,04/30/2021,May 1 2023,0,,2
INV-100895,ACC-2446,Dunder Ltd,billing@dunder.com,LATAM,Media,Starter,annually,5,USD,-2205.00,10,refunded,Credit Card,2024-05-29,2025/01/02,false,,1
INV-101560,ACC-9788,Soylent Group,billing@soylent.com,NA,Retail,Tier 2,Annual,250,USD,247500.00,0,PAID,,2023-10-24,11/19/2025,N,5,0
INV-103225,ACC-8250,Prestige Holdings,billing@prestige.com,APAC,Retail,enterprise ,Monthly,3,USD,$897.00,0,cancelled,wire,2024-07-10,2026-10-03,No,4,2
INV-104392,ACC-8970,Initech Group,billing@initech.com,LATAM,Energy,Tier 1,Monthly,10,USD,490,0,success,wire,2022-04-17,2024-02-22,FALSE,5,0
INV-100906,ACC-5620,Acme Ltd,billing@acme.com,LATAM,Travel,pro,Annual,5,USD,4950.00,0,paid,Wire Transfer,07/20/2023,2025/07/15,Y,2,0
INV-103721,ACC-2743,Stark Co,,APAC,Education,pro,monthly,1,USD,99.00,0,Paid,ACH,2023-10-10,2023-11-14,0,4,3
INV-104375,ACC-5486,Tyrell LLC,billing@tyrell.com,NA,Logistics,pro,monthly,1,USD,$99.00,0,Complete,Wire Transfer,2023/11/23,03/28/2025,No,2,3
INV-101164,ACC-8823,Tyrell LLC,billing@tyrell.com,EMEA,Education,Tier 3,Monthly,50,USD,14950.00,0,FAILED,ACH,10/23/2021,01/29/2022,N,5,0
INV-104486,ACC-1884,Oscorp Co,billing@oscorp.com,NA,Education,Pro ,yearly,1,USD,$792.00,20,Paid,credit_card,2023-06-11,2023-12-24,N,4,0
INV-100038,ACC-2911,Wayne Labs,billing@wayne.com,EMEA,Education,Starter,annual,10,USD,"-4,900.00 USD",0,Refunded,invoice,Jan 30 2023,2024-12-16,No,5,0
INV-100680,ACC-7518,Gekko Industries,billing@gekko.com,NA,Fintech,Enterprise,monthly,250,EUR,60548,25,Pending,ach,2021-07-03,2022/09/01,No,2,5
INV-100390,ACC-1397,Vandelay LLC,billing@vandelay.com,LATAM,Manufacturing,Pro ,monthly,3,EUR,€-288.68,10,REFUND,,03/09/2024,2025-09-19,N,4,2
INV-101205,ACC-1385,Soylent Holdings,billing@soylent.com,NA,Manufacturing,pro,Annual,100,USD,"99,000.00 USD",0,success,wire,12/10/2023,Aug 26 2025,0,3,0
INV-101745,ACC-5354,Globex LLC,billing@globex.com,LATAM,Media,enterprise,annually,25,USD,-67275.00,10,Refunded,wire,Aug 23 2023,05/14/2025,false,,0
INV-103421,ACC-8353,Aperture Group,billing@aperture.com,EMEA,Media,Starter,annual,25,GBP,-15557.50,0,refunded,invoice,2024/07/01,02/02/2025,true,2,0
INV-103868,ACC-7561,Hooli Partners,billing@hooli.com,LATAM,Manufacturing,enterprise ,yearly,3,USD,8970.00,0,completed,ach,11/25/2021,2022/03/17,N,5,0
INV-104344,ACC-1219,Nakatomi Group,billing@nakatomi.com,NA,Logistics,Tier 1,yearly,10,EUR,5292.00,0,paid,credit_card,2022-12-05,2023-08-26,N,,8
INV-100659,ACC-8999,Initech Corp,billing@initech.com,EMEA,Fintech,Tier 1,monthly,5,USD,245,0,error,Wire Transfer,07/08/2021,2023-03-23,false,4,3
INV-103386,ACC-7483,Wonka Co,billing@wonka.com,APAC,Fintech,Start,Monthly,50,EUR,2646,0,paid,wire,2021-11-08,2023/12/04,N,3,0
INV-102552,ACC-3121,Wayne Holdings,billing@wayne.com,EMEA,Gaming,starter,monthly,250,EUR,"€13,230.00",0,Complete,Wire Transfer,2023/12/12,2026-07-31,Yes,2,0
INV-104500,ACC-4668,Aperture Group,billing@aperture.com,APAC,Education,Professional,Annual,10,USD,9900.00,0,Pending,wire,2021/10/15,2023-10-25,TRUE,,0
INV-100882,ACC-5195,Cyberdyne LLC,billing@cyberdyne.com,APAC,Manufacturing,Tier 1,monthly,5,GBP,£311.15,0,Paid,ACH,11/30/2023,2024-04-22,1,3,0
INV-101631,ACC-6453,Hooli Partners,billing@hooli.com,NA,Media,Tier 2,Monthly,250,EUR,26730.00,0,completed,ACH,2023-04-22,Nov 21 2023,N,5,0
INV-100377,ACC-1050,Oscorp Holdings,billing_at_oscorp.com,APAC,Healthcare,Tier 1,Annual,100,USD,"$49,000.00",0,Pending,credit_card,07/22/2023,14-12-2023,N,,3
INV-100131,ACC-2682,Wayne Corp,billing@wayne.com,APAC,Energy,Tier 1,monthly,10,EUR,529.20,0,PAID,invoice,2023-12-02,2025-08-03,FALSE,4,0
INV-101932,ACC-4348,Vandelay Industries,billing@vandelay.com,EMEA,,Start,Monthly,1,USD,$41.65,15,Complete,invoice,2023-12-28,2025/01/08,false,4,1
INV-100232,ACC-4206,Wonka Holdings,billing@wonka.com,APAC,Education,Tier 1,Monthly,100,USD,4900.00,0,completed,Wire Transfer,2021-04-25,2023-11-11,N,,1
INV-104664,ACC-6667,Gekko Group,billing@gekko.com,APAC,Gaming,Start,annual,3,USD,"$1,470.00",0,Paid,Credit Card,Jun 25 2024,2024-07-25,0,3,2
INV-101830,ACC-7208,Aperture Holdings,billing@aperture.com,LATAM,Logistics,Starter,monthly,250,USD,9800.00,20,cancelled,ach,08/25/2022,01/30/2023,TRUE,5,8
INV-100509,ACC-5665,Oscorp Co,,LATAM,Logistics,starter,monthly,25,USD,1225.00,0,Complete,credit_card,10/08/2022,2025-02-05,N,,0
INV-102308,ACC-4122,Oscorp Industries,billing@oscorp.com,LATAM,Healthcare,Start,Monthly,25,EUR,"1,323.00 EUR",0,Paid,,Apr 23 2021,2023/08/22,0,5,0
INV-100050,ACC-6401,Cyberdyne LLC,billing@cyberdyne.com,LATAM,Fintech, Starter ,annually,50,EUR,22491,15,completed,wire,11/14/2022,02/05/2023,No,3,1
INV-100268,ACC-3654,Tyrell Co,billing@tyrell.com,NA,Logistics,PRO,Annual,3,USD,2970.00,0,Complete,ACH,2023-05-02,Dec 22 2025,N,,0
INV-102410,ACC-5131,Cyberdyne Ltd,billing@cyberdyne.com,EMEA,Education,starter,monthly,1,GBP,£62.23,0,Complete,wire,2021/12/31,2022/01/22,false,4,0
INV-104448,ACC-8182,Aperture Group,billing@aperture.com,EMEA,Retail,Professional,annual,50,USD,"$42,075.00",15,Paid,ach,2024-03-26,2024/10/10,false,3,1
INV-103690,ACC-3059,Stark Labs,billing@stark.com,NA,Retail,Professional,monthly,100,USD,9900,0,success,Credit Card,2022-09-02,2024/03/14,0,4,0
INV-101318,ACC-2455,Aperture Industries,billing@aperture.com,NA,Media, Starter ,Annual,10,USD,"$-4,900.00",0,charged_back,credit_card,05/30/2022,12/31/2022,FALSE,5,3
INV-103458,ACC-3280,Tyrell Group,billing@tyrell.com,EMEA,Education,pro,annually,50,USD,49500.00,0,PENDING,Wire Transfer,2024-04-03,2026/02/28,0,,0
INV-103000,ACC-3172,Oscorp Group,billing@oscorp.com,APAC,Media,Starter,annually,100,USD,49000,0,PAID,credit_card,2021/10/21,2024-01-29,1,3,0
INV-100983,ACC-9391,Vandelay Industries,billing_at_vandelay.com,APAC,Gaming,Starter,monthly,3,EUR,158.76,0,completed,,05/16/2024,04/22/2025,1,,0
INV-101425,ACC-1195,Massive Dynamic Partners,billing@massive.com,NA,Logistics, Starter ,monthly,250,USD,11025,10,PAID,ach,2021-02-21,02/04/2022,0,5,0
INV-102790,ACC-8623,Cyberdyne Labs,billing@cyberdyne.com,NA,Healthcare,PRO,Monthly,250,USD,22275.00,10,PAID,Credit Card,2022-03-05,2022-09-24,N,5,0
INV-103740,ACC-5394,Hooli Labs,billing@hooli.com,EMEA,Travel,Starter,annual,50,USD,24500.00,0,completed,ACH,06/07/2021,2023/12/09,0,2,0
INV-100621,ACC-2846,Initech LLC,billing@initech.com,EMEA,Travel,Starter,monthly,5,USD,245.00,0,in_review,wire,12/04/2022,2024-10-11,No,5,0
INV-101013,ACC-5006,Hooli Ltd,billing@hooli.com,APAC,Manufacturing,Pro ,annually,25,USD,22275.00,10,Complete,invoice,04/07/2024,10/13/2026,true,1,0
INV-102550,ACC-3048,Soylent Co,billing@soylent.com,APAC,Logistics,STARTER,Monthly,100,USD,4900.00,0,Complete,Wire Transfer,Oct 25 2021,2022-06-20,N,4,0
INV-104425,ACC-3427,Stark LLC,billing@stark.com,APAC,Media,PRO,Monthly,25,USD,"$2,475.00",0,Paid,wire,08-10-2023,05/20/2024,No,1,1
INV-103783,ACC-6103,Pied Piper Industries,billing@pied.com,LATAM,Fintech,Pro,Monthly,5,EUR,-534.60,0,Refunded,,2021-01-31,Aug 6 2022,N,1,0
INV-104677,ACC-8717,Initech Co,billing@initech.com,EMEA,Travel, Starter ,monthly,1,USD,-39.20,20,REFUND,credit_card,2024-01-01,2026-08-20,FALSE,5,1
INV-100326,ACC-9750,Dunder Holdings,billing@dunder.com,EMEA,Travel,Tier 1,annually,100,USD,"$49,000.00",0,success,wire,2021-04-02,11/30/2021,true,3,0
INV-104072,ACC-9875,Vandelay Co,billing@vandelay.com,APAC,Manufacturing,starter,annual,250,USD,122500.00,0,Complete,invoice,2022/08/27,2024/03/07,N,,8
INV-104446,ACC-8981,Acme Group,billing@acme.com,LATAM,Logistics,starter,monthly,3,USD,132.30,10,paid,Wire Transfer,2022-02-02,2024-08-30,FALSE,5,0
INV-102516,ACC-3166,Umbrella Industries,billing@umbrella.com,NA,Manufacturing, Starter ,Annual,5,USD,"$2,450.00",0,Complete,invoice,2022/01/25,06/29/2024,0,4,0
INV-102258,ACC-8808,Cyberdyne Partners,billing_at_cyberdyne.com,EMEA,Energy,Tier 1,annually,25,USD,11025.00,10,PAID,Wire Transfer,2021-07-04,Sep 30 2022,0,5,0
INV-101959,ACC-8207,Cyberdyne Industries,,NA,,STARTER,Annual,100,USD,"$49,000.00",0,completed,wire,02/06/2022,Dec 3 2023,false,3,1
INV-100081,ACC-7236,Cyberdyne Holdings,billing@cyberdyne.com,EMEA,, Starter ,annually,25,USD,"$-12,250.00",0,charged_back,invoice,2023-08-20,2025-10-07,FALSE,3,2
INV-104464,ACC-3469,Stark Holdings,billing@stark.com,NA,Logistics,PRO,yearly,50,USD,49500.00,0,success,Credit Card,2021-03-09,2021/04/24,0,4,1
INV-104415,ACC-9688,Globex Corp,billing@globex.com,LATAM,Travel,Professional,monthly,1,EUR,106.92,0,Complete,ach,2022-10-16,2023-03-13,No,,5
INV-102903,ACC-4211,Acme LLC,billing@acme.com,LATAM,Manufacturing,Starter,monthly,3,USD,147.00,0,completed,Credit Card,Apr 20 2023,09/28/2024,N,4,2
INV-101121,ACC-2320,Pied Piper Corp,billing@pied.com,LATAM,Travel,Starter,Monthly,100,USD,4900.00,0,PAID,,10/23/2021,07/21/2023,0,3,0
INV-104199,ACC-5190,Massive Dynamic Group,billing@massive.com,APAC,,pro,monthly,25,EUR,2673,0,Complete,Credit Card,2021-08-17,2023/05/28,N,5,0
INV-103942,ACC-9992,Prestige LLC,billing_at_prestige.com,EMEA,Fintech,STARTER,Annual,3,USD,1470.00,0,paid,credit_card,Aug 16 2023,2024-12-13,false,4,1
INV-103818,ACC-1094,Wayne Co,billing@wayne.com,EMEA,, Starter ,Annual,10,EUR,4498.20,15,success,ach,2023-09-03,2025/11/11,0,3,1
INV-101312,ACC-9101,Acme Corp,billing@acme.com,APAC,Logistics,Tier 3,Annual,1,EUR,3229.20,0,success,wire,2021/07/26,2024/02/18,1,4,0
INV-100846,ACC-8539,Hooli Labs,,EMEA,,Tier 1,Annual,5,USD,-2450.00,0,Refunded,credit_card,2024-01-01,06/07/2026,FALSE,3,0
INV-102047,ACC-1657,Wonka LLC,billing@wonka.com,LATAM,Logistics,Tier 1,Monthly,3,USD,147.00,0,PAID,Wire Transfer,2021-04-06,02/18/2022,FALSE,4,2
INV-103807,ACC-5935,Cyberdyne Industries,billing@cyberdyne.com,EMEA,Fintech,Enterprise,Monthly,10,USD,2990,0,FAILED,credit_card,2022/01/30,10/15/2023,No,4,2
INV-104382,ACC-9209,Wonka Group,billing@wonka.com,NA,,Starter,Monthly,250,EUR,9922.50,25,completed,Wire Transfer,2023/03/07,10/30/2023,0,5,0
INV-104456,ACC-2339,Prestige Group,billing@prestige.com,NA,Education,STARTER,annually,1,USD,441.00,10,Complete,Wire Transfer,09/14/2023,2023-09-19,No,2,1
INV-103988,ACC-1181,Soylent Group,billing@soylent.com,LATAM,Education,enterprise,annual,5,USD,"14,950.00 USD",0,success,credit_card,2021/04/04,2022-07-05,1,3,1
INV-104328,ACC-8163,Oscorp Partners,billing@oscorp.com,APAC,Energy,enterprise ,annual,100,USD,299000.00,0,completed,credit_card,2024-09-10,2025-01-22,0,5,0
INV-100612,ACC-2644,Prestige Corp,billing@prestige.com,LATAM,Fintech,STARTER,yearly,250,USD,122500.00,0,cancelled,ACH,Mar 31 2022,2023-06-07,false,5,2
INV-101857,ACC-6883,Massive Dynamic Holdings,billing@massive.com,LATAM,Logistics,enterprise,monthly,250,USD,"$67,275.00",10,PAID,wire,03/24/2022,03/16/2023,false,5,8
INV-101548,ACC-9371,Gekko Group,billing@gekko.com,NA,Fintech,Tier 1,monthly,10,USD,490.00 USD,0,Paid,Credit Card,2023-02-08,2023-04-01,No,3,0
INV-103479,ACC-7631,Wayne Inc,billing@wayne.com,EMEA,Energy,Professional,Monthly,5,USD,495.00,0,success,credit_card,2021/08/10,09/16/2021,0,4,0
INV-100178,ACC-4419,Initech Inc,,NA,,Pro,Monthly,100,USD,8415.00,15,cancelled,Credit Card,2021-04-30,2023-08-21,0,5,0
INV-104761,ACC-9522,Umbrella Co,billing@umbrella.com,LATAM,Retail,PRO,annual,100,USD,99000.00,0,Paid,invoice,Aug 25 2021,2022/10/07,0,4,0
INV-104297,ACC-5650,Vandelay LLC,billing@vandelay.com,EMEA,Travel,Tier 1,yearly,3,USD,"$1,470.00",0,Complete,,2022/07/29,2022-11-23,No,,8
INV-103116,ACC-9082,Acme Corp,billing@acme.com,NA,Manufacturing,Tier 2,monthly,5,USD,$495.00,0,Paid,credit_card,17-09-2024,2026/03/04,N,5,0
INV-100370,ACC-6355,Hooli Partners,,NA,Logistics,pro,annual,1,USD,792.00,20,failed,Credit Card,2022/08/06,2022-12-18,No,4,2
INV-104494,ACC-6807,Umbrella Ltd,billing@umbrella.com,APAC,Energy,starter,yearly,50,GBP,"£26,447.75",15,paid,Wire Transfer,2021-08-23,2022-09-02,Y,3,0
INV-100568,ACC-4215,Aperture Co,billing@aperture.com,EMEA,Education,ENT,annually,1,USD,2990.00,0,PAID,invoice,06/02/2023,2026/02/06,false,2,8
INV-102153,ACC-2839,Wonka Holdings,billing@wonka.com,APAC,Retail,Pro ,Monthly,250,EUR,"24,057.00 EUR",10,Complete,Wire Transfer,08/26/2024,2025-10-30,false,3,0
INV-101656,ACC-9000,Vandelay Labs,billing@vandelay.com,LATAM,Travel,Tier 3,annually,3,GBP,-8543.92,25,refunded,Wire Transfer,2023-03-15,2024-05-13,false,4,0
INV-104689,ACC-7330,Soylent Inc,billing@soylent.com,EMEA,Logistics,Starter,monthly,1,USD,44.10,10,success,ACH,2022-11-21,05/10/2024,No,4,1
INV-102498,ACC-3811,Soylent Labs,billing@soylent.com,LATAM,Fintech,Enterprise ,Monthly,25,GBP,9493.25,0,FAILED,ach,14-01-2022,2024/01/21,N,3,0
INV-101273,ACC-5504,Wonka Inc,billing@wonka.com,NA,Gaming,Tier 1,annually,10,EUR,"€4,498.20",15,completed,,23-06-2021,04/14/2023,0,5,1
INV-103252,ACC-9274,Prestige Co,billing@prestige.com,NA,Healthcare,starter,yearly,250,USD,"$98,000.00",20,PENDING,Wire Transfer,2021-06-10,02-12-2023,false,4,2
INV-102351,ACC-3764,Globex Group,billing@globex.com,EMEA,Gaming,Pro ,monthly,3,USD,-297.00,0,refunded,Wire Transfer,2024-01-06,11/17/2024,TRUE,4,8
INV-101870,ACC-8605,Acme Inc,billing@acme.com,EMEA,Logistics,PRO,yearly,100,GBP,"£100,584.00",20,PAID,ach,2022/12/11,2025-05-17,Yes,3,0
INV-100199,ACC-7780,Globex Holdings,billing_at_globex.com,LATAM,Gaming,starter,annually,25,USD,12250.00,0,paid,,2021/03/18,05/23/2023,No,2,3
INV-100346,ACC-9691,Hooli Labs,billing@hooli.com,NA,Retail,starter,Monthly,50,USD,2450,0,paid,ACH,2023-10-20,2025-08-27,0,4,0
INV-100013,ACC-3608,Wonka Holdings,billing@wonka.com,NA,Media,Pro,Monthly,50,USD,4950.00,0,declined,Wire Transfer,Apr 12 2022,2022-11-26,Yes,3,5
INV-103750,ACC-6635,Wayne Inc,billing@wayne.com,NA,Retail, Starter ,Monthly,5,GBP,233.36,25,Complete,ach,2022/05/27,2024/10/09,No,4,0
INV-101203,ACC-7946,Nakatomi Inc,billing@nakatomi.com,APAC,Manufacturing,Professional,annual,250,USD,247500,0,PENDING,invoice,2023-08-30,Mar 22 2024,false,5,0
INV-104506,ACC-5302,Cyberdyne Group,billing@cyberdyne.com,EMEA,Gaming,Start,annual,25,USD,"$12,250.00",0,paid,ach,04/07/2022,2023-05-03,FALSE,2,0
INV-101829,ACC-2765,Wayne Corp,billing@wayne.com,APAC,,STARTER,Monthly,50,USD,2450.00,0,cancelled,Wire Transfer,2022-08-04,2023-06-08,N,4,0
INV-101780,ACC-3142,Soylent Corp,billing@soylent.com,LATAM,Fintech,Tier 3,Annual,5,USD,14950.00,0,Complete,Wire Transfer,2023/09/07,May 23 2026,N,2,3
INV-101020,ACC-8081,Oscorp Group,billing@oscorp.com,NA,Retail, Starter ,yearly,10,EUR,"€5,292.00",0,in_review,ach,2021/05/09,2024/01/07,0,5,0
INV-102596,ACC-1263,Wonka Co,billing@wonka.com,EMEA,Manufacturing,pro,Monthly,3,GBP,377.19 GBP,0,Paid,invoice,2021-06-21,2022/05/23,false,,8
INV-100165,ACC-7216,Acme Group,billing@acme.com,APAC,Logistics,PRO,Annual,25,USD,18562.50,25,Complete,ACH,12/04/2022,13-12-2023,FALSE,4,1
INV-101137,ACC-6793,Tyrell Corp,billing_at_tyrell.com,NA,Healthcare,STARTER,Monthly,1,GBP,62.23,0,PAID,ach,2024-09-04,05/04/2025,No,4,0
INV-103183,ACC-7070,Nakatomi Group,billing@nakatomi.com,NA,Travel,enterprise ,Annual,10,EUR,32292,0,Paid,wire,2023-07-28,2024/04/21,N,1,3
INV-103504,ACC-8224,Soylent Co,billing@soylent.com,EMEA,Education,Tier 2,Annual,250,USD,247500.00,0,paid,Credit Card,Nov 19 2023,2024/02/14,0,5,0
INV-103545,ACC-1827,Gekko Ltd,billing@gekko.com,EMEA,Gaming,Tier 2,annually,50,GBP,56578.50,10,Complete,,2021-12-31,2024-09-24,No,,0
INV-103508,ACC-5772,Massive Dynamic Industries,billing@massive.com,APAC,,Professional,monthly,50,EUR,5346.00,0,completed,,2021/04/15,2023-11-20,0,3,1
INV-103134,ACC-3950,Vandelay Corp,billing@vandelay.com,EMEA,Fintech,enterprise ,monthly,1,USD,299.00,0,Complete,,2023-11-16,2026-06-02,false,5,0
INV-101260,ACC-3027,Wayne Holdings,billing@wayne.com,EMEA,Manufacturing,ENT,monthly,10,USD,2990.00,0,paid,credit_card,2021/05/07,2022-10-18,No,3,5
INV-104071,ACC-6181,Pied Piper Holdings,billing@pied.com,EMEA,Logistics,ENT,annual,50,EUR,121095.00,25,Complete,Wire Transfer,2023/10/21,09/08/2024,No,3,0
INV-102673,ACC-9730,Acme Industries,billing@acme.com,APAC,Manufacturing, Starter ,annually,10,USD,"4,900.00 USD",0,Paid,,2023-03-26,2023-06-04,N,2,0
INV-103920,ACC-3647,Wonka LLC,billing@wonka.com,LATAM,Fintech,Starter,annually,1,USD,490.00,0,Paid,ACH,11/09/2021,Oct 10 2022,false,4,0
INV-102343,ACC-3297,Prestige Ltd,billing@prestige.com,EMEA,Logistics, Starter ,Annual,10,EUR,5292.00,0,Paid,ach,2021/08/02,2023-01-28,0,,2
INV-103906,ACC-1351,Initech Industries,billing@initech.com,LATAM,,starter,monthly,10,USD,490.00,0,VOID,Wire Transfer,2024-04-08,02/10/2025,N,4,1
INV-104618,ACC-4059,Hooli Group,billing@hooli.com,APAC,,Starter,monthly,10,USD,490.00,0,declined,ach,2022-10-23,2023-03-06,false,4,0
INV-102762,ACC-8858,Soylent Group,billing@soylent.com,NA,Travel,pro,Annual,250,USD,247500.00,0,completed,,06/03/2022,2022/11/05,false,4,0
INV-104810,ACC-6908,Dunder Holdings,billing@dunder.com,LATAM,Retail,Tier 3,Monthly,10,USD,2990.00,0,Paid,credit_card,2024-10-01,12/31/2026,N,4,1
INV-101287,ACC-3229,Soylent Labs,billing@soylent.com,APAC,Manufacturing,Starter,Annual,100,USD,"$49,000.00",0,paid,wire,Feb 1 2023,Apr 2 2023,0,3,0
INV-100903,ACC-6641,Aperture Group,billing@aperture.com,EMEA,Education,Tier 1,Monthly,1,USD,49.00,0,Pending,Wire Transfer,09/15/2024,12-06-2026,0,5,0
INV-104462,ACC-4447,Oscorp Co,billing@oscorp.com,LATAM,Gaming,ENT,monthly,3,USD,$807.30,10,completed,ach,2023-06-06,28-09-2024,N,,0
INV-100087,ACC-6188,Soylent Labs,billing_at_soylent.com,APAC,Gaming,Starter,yearly,1,USD,$490.00,0,Paid,Wire Transfer,Jun 2 2023,2024-09-03,0,5,0
INV-100318,ACC-8125,Initech LLC,billing@initech.com,APAC,Manufacturing,Enterprise,yearly,5,EUR,"€16,146.00",0,PAID,Credit Card,10/05/2024,2025-02-08,0,5,2
INV-103259,ACC-2369,Massive Dynamic Partners,billing@massive.com,APAC,Healthcare,Starter,annual,1,USD,490.00,0,error,invoice,2024-08-31,2026-04-27,FALSE,5,0
INV-102578,ACC-4189,Acme Co,billing@acme.com,EMEA,, Starter ,monthly,100,USD,"4,900.00 USD",0,paid,wire,2022/12/22,2023-11-18,false,3,0
INV-104149,ACC-8401,Soylent Co,billing@soylent.com,APAC,Gaming,starter,Monthly,1,EUR,44.98,15,Complete,credit_card,Dec 6 2022,2025-05-17,FALSE,1,2
INV-100212,ACC-5466,Tyrell Labs,billing@tyrell.com,APAC,,STARTER,yearly,3,USD,1323.00,10,Paid,Credit Card,2024-04-20,2026-06-17,false,4,0
INV-102015,ACC-3513,Aperture Group,billing@aperture.com,APAC,Manufacturing,PRO,annual,50,EUR,53460.00,0,Complete,,2021/03/12,2022/01/12,N,,2
INV-102251,ACC-4857,Aperture Ltd,billing@aperture.com,APAC,Retail,Enterprise,monthly,25,USD,7475.00,0,Void,ach,2023-01-13,2023-10-08,false,1,0
INV-100532,ACC-2956,Aperture Industries,billing@aperture.com,NA,Retail,Starter,monthly,25,EUR,1323,0,completed,wire,2021-09-18,2023-11-29,TRUE,4,0
INV-104396,ACC-7960,Nakatomi Holdings,billing@nakatomi.com,NA,Manufacturing,Start,Annual,3,USD,"$1,470.00",0,canceled,credit_card,2021-03-08,2022-04-30,0,5,1
INV-104355,ACC-2225,Initech Industries,billing@initech.com,APAC,Media,PRO,yearly,5,GBP,4714.88,25,paid,,2022-05-18,03/08/2023,FALSE,,0
INV-102131,ACC-2653,Hooli Partners,billing@hooli.com,LATAM,Gaming,enterprise ,Annual,10,EUR,"€32,292.00",0,success,wire,2021/04/08,2022-09-21,0,2,3
INV-101495,ACC-8680,Tyrell Partners,billing@tyrell.com,APAC,Retail,Tier 1,monthly,100,USD,4900.00,0,PAID,credit_card,2023-01-14,2025/05/19,N,5,0
INV-103734,ACC-9700,Oscorp Group,billing@oscorp.com,APAC,Education,Professional,Monthly,3,USD,297.00,0,PAID,ACH,2024/05/03,2024/12/06,false,4,1
INV-100047,ACC-2734,Initech Labs,billing@initech.com,APAC,Logistics,Tier 1,Monthly,50,EUR,"2,646.00 EUR",0,Pending,ACH,2021-12-11,2022-02-27,FALSE,2,0
INV-101998,ACC-1361,Acme Labs,billing@acme.com,NA,Retail,Tier 1,annual,50,USD,20825.00,15,Complete,invoice,2021-07-25,2021-10-19,FALSE,,0
INV-103896,ACC-5280,Tyrell Ltd,billing@tyrell.com,NA,Energy,Enterprise ,Annual,250,EUR,807300.00,0,Paid,credit_card,07/11/2023,2025/04/26,N,,2
INV-101389,ACC-6641,Wonka Ltd,,EMEA,Gaming,Start,yearly,50,USD,24500,0,PAID,ach,2023-04-28,2025-06-04,false,5,0
INV-103318,ACC-7709,Stark Co,billing@stark.com,EMEA,Manufacturing,Enterprise,yearly,25,USD,74750,0,PAID,,14-03-2022,06/05/2022,No,5,5
INV-100226,ACC-6454,Initech Labs,billing@initech.com,APAC,Energy,PRO,Annual,50,EUR,48114.00,10,PAID,ACH,04/23/2021,2022/10/02,N,4,0
INV-100479,ACC-6152,Prestige Partners,billing@prestige.com,EMEA,Retail,Tier 3,annual,1,EUR,3229.20,0,paid,Credit Card,2021-11-27,2023-12-17,0,5,5
INV-104320,ACC-6666,Dunder Group,billing@dunder.com,NA,Travel,Starter,yearly,100,EUR,52920.00,0,paid,invoice,Jul 15 2021,04/28/2022,FALSE,4,0
INV-103444,ACC-8251,Acme Partners,billing@acme.com,EMEA,Gaming,enterprise,annual,250,USD,"$560,625.00",25,Paid,Wire Transfer,Jun 5 2024,2024-06-22,No,5,5
INV-100342,ACC-4592,Acme Industries,billing@acme.com,EMEA,Logistics,PRO,annual,5,USD,"$4,950.00",0,canceled,invoice,2023-02-22,2025-10-17,0,5,3
INV-104487,ACC-1280,Hooli Corp,billing@hooli.com,EMEA,Media, Starter ,Annual,100,USD,49000,0,completed,wire,12/12/2021,2024-08-11,0,1,5
INV-104115,ACC-5604,Umbrella Group,billing@umbrella.com,APAC,Travel,pro,Monthly,100,USD,"$9,900.00",0,success,,Apr 30 2023,2025-07-27,No,3,0
INV-102303,ACC-3912,Dunder Co,billing@dunder.com,NA,Retail,Tier 3,Monthly,3,USD,897.00,0,PAID,Wire Transfer,28-04-2022,2023-08-07,1,4,0
INV-101353,ACC-7220,Hooli Corp,billing@hooli.com,APAC,Manufacturing, Starter ,monthly,10,EUR,529.20 EUR,0,PAID,ach,08/24/2022,10/25/2022,N,5,2
INV-104075,ACC-8747,Wonka Group,billing@wonka.com,APAC,Fintech,enterprise ,monthly,250,USD,74750.00,0,PENDING,invoice,2024-04-19,26-02-2026,FALSE,4,0
INV-104046,ACC-2066,Vandelay Corp,billing@vandelay.com,EMEA,Manufacturing,starter,Monthly,10,EUR,€476.28,10,PAID,ACH,2022/07/25,2024-03-02,Yes,2,0
INV-103417,ACC-8382,Wonka Industries,billing@wonka.com,APAC,,STARTER,Monthly,3,GBP,£-186.69,0,REFUND,invoice,2021-04-04,2023-10-02,false,2,2
INV-102178,ACC-6985,Stark Partners,,APAC,Media,STARTER,Annual,5,EUR,1984.50,25,PAID,ACH,2024-10-22,2026/09/20,0,5,2
INV-102617,ACC-8599,Umbrella Co,billing@umbrella.com,APAC,Retail,starter,Annual,100,USD,49000.00,0,in_review,Wire Transfer,2021-10-11,2023-01-26,No,2,0
INV-102117,ACC-9646,Initech Industries,billing@initech.com,LATAM,Fintech,Pro,Monthly,100,EUR,9088.20,15,paid,credit_card,2022-01-17,2024-07-08,false,3,0
INV-100176,ACC-4057,Pied Piper Group,billing@pied.com,NA,Travel,PRO,Annual,100,USD,"$84,150.00",15,PAID,ach,2024-01-15,2025-01-24,N,5,0
INV-102201,ACC-1778,Pied Piper Labs,billing@pied.com,LATAM,Media,STARTER,Annual,1,USD,490.00 USD,0,success,credit_card,2022-10-08,2023-10-27,1,2,8
INV-103660,ACC-7526,Tyrell LLC,billing@tyrell.com,LATAM,,Start,annually,5,USD,2450.00,0,completed,invoice,2022-04-04,11/09/2024,FALSE,4,2
INV-101587,ACC-2189,Nakatomi Ltd,billing@nakatomi.com,NA,Education,ENT,Monthly,10,EUR,3229.20,0,success,credit_card,2021-07-30,11/30/2022,No,3,0
INV-101148,ACC-7524,Stark Corp,billing@stark.com,APAC,Travel,pro,Annual,50,USD,42075.00,15,PAID,invoice,2022-02-11,2022-12-05,false,4,0
INV-101680,ACC-5580,Hooli Ltd,billing@hooli.com,NA,Energy,Tier 1,annually,10,USD,4900,0,paid,credit_card,12/23/2021,02/26/2023,No,5,0
INV-100317,ACC-6707,Oscorp LLC,billing@oscorp.com,LATAM,Fintech,Start,annually,3,USD,1250,15,awaiting,,10/31/2023,2023-12-02,TRUE,2,5
INV-103937,ACC-9323,Dunder Holdings,billing_at_dunder.com,NA,Healthcare,Starter,annually,5,USD,"$1,960.00",20,Complete,ACH,2023-06-12,2024-08-26,false,,0
INV-102643,ACC-4132,Vandelay Holdings,billing@vandelay.com,EMEA,Energy,PRO,Annual,100,USD,99000.00,0,failed,invoice,2024-10-31,2024-12-16,FALSE,4,5
INV-101247,ACC-4911,Pied Piper Co,billing@pied.com,NA,Travel,Tier 1,Annual,25,USD,"$12,250.00",0,completed,wire,2023-08-20,09/27/2025,TRUE,4,0
INV-100051,ACC-7937,Dunder LLC,billing@dunder.com,NA,Logistics,Pro,Annual,25,GBP,"£31,432.50",0,Complete,invoice,2021-10-09,2022-03-16,Y,2,0
INV-104781,ACC-8279,Stark Corp,billing@stark.com,LATAM,,Enterprise,annual,5,USD,11212.50,25,awaiting,ACH,12/30/2021,2023/06/21,false,2,5
INV-102813,ACC-1508,Hooli Co,billing@hooli.com,APAC,Media,Tier 1,Monthly,3,EUR,€158.76,0,Complete,ach,2024-01-14,2024-09-21,FALSE,4,0
INV-100835,ACC-1875,Dunder Ltd,billing@dunder.com,APAC,,Professional,Monthly,100,GBP,12573.00,0,Paid,ACH,2024/10/23,2026-10-25,true,5,0
INV-104068,ACC-2222,Cyberdyne Co,billing@cyberdyne.com,EMEA,,Start,monthly,10,USD,$490.00,0,paid,Wire Transfer,2023/12/26,2025/12/19,FALSE,,0
INV-100285,ACC-5544,Aperture LLC,billing@aperture.com,NA,Gaming,Professional,monthly,5,USD,$495.00,0,paid,,2024-03-13,2026-08-06,false,5,0
INV-104632,ACC-2864,Vandelay Partners,billing@vandelay.com,EMEA,Travel,Professional,yearly,1,EUR,855.36,20,PAID,Wire Transfer,2024/10/15,05/12/2026,TRUE,5,0
INV-100669,ACC-6234,Globex LLC,billing@globex.com,EMEA,Fintech,starter,annually,5,USD,"$-2,450.00",0,REFUND,Wire Transfer,2022/08/02,09/15/2022,No,5,3
INV-101535,ACC-1909,Umbrella Labs,billing@umbrella.com,APAC,Retail,Tier 1,Monthly,1,USD,$-39.20,20,REFUND,Credit Card,Mar 28 2021,Oct 19 2022,Yes,5,1
INV-100070,ACC-5712,Wayne Inc,billing@wayne.com,EMEA,Retail,Enterprise,annually,25,EUR,80730.00,0,completed,ach,2024-02-26,2026-02-07,0,,2
INV-104401,ACC-5853,Hooli Co,billing@hooli.com,APAC,Media,Tier 2,Monthly,3,USD,297.00 USD,0,pending,wire,2023/09/02,Feb 9 2025,0,4,0
INV-100315,ACC-5359,Acme Inc,billing@acme.com,APAC,Logistics,Pro,monthly,1,USD,99,0,completed,invoice,2022-06-29,2025-02-07,No,4,2
INV-102398,ACC-1156,Hooli LLC,billing@hooli.com,NA,Manufacturing,Enterprise,annual,10,EUR,32292,0,pending,invoice,04-11-2022,May 9 2025,No,4,0
INV-101218,ACC-6513,Dunder LLC,billing@dunder.com,NA,,Tier 3,monthly,1,GBP,£341.76,10,Complete,wire,06/24/2024,2025-05-26,false,4,2
INV-103119,ACC-9284,Umbrella LLC,billing@umbrella.com,APAC,Fintech, Starter ,annually,10,USD,"$-4,900.00",0,charged_back,Credit Card,2023-02-16,2024-04-05,0,4,0
INV-101414,ACC-5380,Gekko Group,billing@gekko.com,APAC,Gaming,Tier 1,Monthly,100,USD,4900.00,0,error,ach,04-02-2022,05/15/2024,false,4,2
INV-104402,ACC-2813,Stark Partners,billing@stark.com,EMEA,Manufacturing, Starter ,Annual,3,USD,1102.50,25,PAID,wire,2023-04-16,2025-09-14,N,4,1
INV-100780,ACC-4181,Stark Holdings,billing@stark.com,APAC,Education,pro,Annual,10,USD,9900.00,0,declined,,02/27/2023,2024-11-04,0,4,0
INV-100144,ACC-5329,Stark Ltd,billing@stark.com,APAC,Healthcare,Tier 1,Monthly,10,USD,490.00,0,void,ach,23-10-2022,06/25/2024,Y,5,0
INV-101701,ACC-7172,Wonka Group,billing@wonka.com,APAC,Logistics,Start,Monthly,10,USD,$490.00,0,Failed,,2023/10/01,Nov 2 2025,FALSE,3,1
INV-101667,ACC-6756,Prestige Inc,billing@prestige.com,LATAM,Energy,enterprise ,Monthly,250,GBP,94932,0,completed,ach,2022-05-27,2023-04-21,No,,0
INV-102675,ACC-9349,Massive Dynamic Industries,billing@massive.com,APAC,Healthcare, Starter ,Annual,250,EUR,105840.00,20,PAID,invoice,2023/01/12,2024-06-03,N,3,0
INV-104428,ACC-1885,Soylent Ltd,billing@soylent.com,APAC,,starter,annual,10,USD,4900.00,0,Complete,,03/30/2021,2022-09-23,N,4,0
INV-100386,ACC-3797,Soylent Group,billing@soylent.com,LATAM,Education,Pro ,Monthly,250,USD,18562.50,25,paid,wire,10/07/2023,10/17/2024,false,4,0
INV-101480,ACC-5766,Hooli LLC,,EMEA,Retail,starter,monthly,100,USD,3920.00,20,void,invoice,2022-02-09,2023/09/24,1,,0
INV-103703,ACC-7749,Pied Piper LLC,billing@pied.com,NA,Fintech,STARTER,Monthly,50,EUR,2116.80,20,in_review,wire,2021-07-30,2022/08/29,FALSE,4,0
INV-101057,ACC-1621,Globex Partners,billing@globex.com,APAC,Education,Starter,annual,10,EUR,5292.00,0,awaiting,ach,11/18/2023,2025-05-08,N,2,0
INV-102484,ACC-1478,Soylent Holdings,billing@soylent.com,EMEA,Manufacturing,enterprise,monthly,10,USD,-2990.00,0,REFUND,ACH,06/21/2023,10/06/2023,false,4,0
INV-104335,ACC-8838,Oscorp Co,billing_at_oscorp.com,APAC,Healthcare,Tier 1,annual,10,USD,"$3,920.00",20,PAID,,2021/07/19,Aug 19 2022,FALSE,5,2
INV-101109,ACC-3742,Acme LLC,billing_at_acme.com,LATAM,Retail,Tier 1,Monthly,250,USD,"12,250.00 USD",0,PAID,wire,2022-10-26,03/15/2023,No,4,8
INV-103845,ACC-9382,Cyberdyne Inc,billing@cyberdyne.com,EMEA,Education,STARTER,annual,10,USD,4900.00,0,in_review,Wire Transfer,2022/11/09,2022-12-25,N,3,1
INV-100753,ACC-8780,Aperture Holdings,billing@aperture.com,EMEA,Education,STARTER,monthly,3,USD,117.60,20,paid,ACH,16-12-2022,Jul 1 2023,false,4,0
INV-101920,ACC-1779,Umbrella Partners,billing@umbrella.com,LATAM,Manufacturing,Tier 2,monthly,100,USD,"$8,415.00",15,success,Wire Transfer,2022-05-05,2024/05/05,FALSE,5,0
INV-100289,ACC-2682,Vandelay LLC,billing@vandelay.com,APAC,Travel, Starter ,monthly,3,USD,147,0,Complete,Wire Transfer,2024-06-25,Sep 23 2025,FALSE,3,0
INV-101400,ACC-6669,Wonka Inc,billing@wonka.com,LATAM,Travel,Pro ,yearly,1,USD,990.00,0,PAID,Credit Card,2022-04-01,Feb 2 2024,N,2,0
INV-101856,ACC-7186,Hooli Co,billing@hooli.com,EMEA,Retail,STARTER,Annual,10,USD,4410.00,10,completed,Credit Card,2022/08/17,2023-10-29,0,4,3
INV-104439,ACC-1205,Vandelay Corp,billing@vandelay.com,EMEA,Manufacturing,starter,Annual,25,GBP,"£15,557.50",0,PAID,ACH,05/27/2022,02/10/2025,false,5,1
INV-101551,ACC-9120,Oscorp Corp,billing@oscorp.com,LATAM,Retail,Starter,Annual,1,EUR,423.36,20,Complete,,2023/05/29,11/06/2024,0,1,0
INV-103024,ACC-9591,Acme Group,billing@acme.com,APAC,Travel,Enterprise,monthly,5,EUR,"€1,614.60",0,PAID,,2022/03/04,2022-09-24,TRUE,5,1
INV-102294,ACC-5047,Dunder Labs,billing@dunder.com,EMEA,Travel,Tier 1,annually,100,USD,49000.00,0,paid,,12-08-2022,03/01/2023,FALSE,4,0
INV-101822,ACC-5274,Pied Piper Group,billing@pied.com,LATAM,Retail,pro,yearly,250,USD,210375.00,15,completed,Credit Card,2022-07-05,2024-03-02,0,3,3
INV-102222,ACC-7201,Gekko Corp,billing@gekko.com,LATAM,Energy,Pro ,annual,1,EUR,"€1,069.20",0,completed,Credit Card,10/23/2024,2024-12-25,No,4,8
INV-101362,ACC-1879,Massive Dynamic Holdings,billing@massive.com,APAC,Gaming,STARTER,Monthly,100,USD,4410.00,10,Paid,Credit Card,01/10/2023,Jun 12 2024,N,5,0
INV-100654,ACC-7328,Prestige Co,billing@prestige.com,NA,Travel,Tier 1,Annual,3,USD,1470.00,0,FAILED,,2022-04-27,2024/11/01,N,4,0
INV-102227,ACC-1030,Hooli Partners,billing@hooli.com,NA,Education,Pro ,monthly,50,EUR,5346.00,0,paid,,2022-04-12,2023-08-16,Yes,,2
INV-103679,ACC-2241,Aperture Group,billing@aperture.com,NA,Energy,enterprise ,annual,100,USD,"299,000.00 USD",0,error,Wire Transfer,2022-08-06,2022/12/12,No,2,0
INV-103565,ACC-4425,Vandelay Holdings,billing@vandelay.com,APAC,Education,STARTER,annually,100,USD,49000.00,0,completed,ach,07/16/2024,Nov 14 2025,N,3,0
INV-104770,ACC-2678,Wonka Co,billing@wonka.com,EMEA,,Start,Monthly,10,USD,490,0,VOID,Wire Transfer,Jan 26 2023,04/26/2024,true,5,0
INV-102273,ACC-7502,Globex Labs,billing@globex.com,NA,Gaming,STARTER,yearly,1,USD,490.00,0,Complete,credit_card,2022/05/11,09/06/2023,FALSE,4,0
INV-104417,ACC-1122,Prestige Industries,billing@prestige.com,APAC,Manufacturing,pro,yearly,50,USD,49500.00,0,FAILED,credit_card,2024-08-15,02/07/2027,N,3,0
INV-101475,ACC-3474,Wayne Partners,billing@wayne.com,NA,Logistics,ENT,monthly,10,USD,"$2,392.00",20,success,,11/18/2021,2024-04-23,FALSE,,0
INV-100430,ACC-5924,Dunder Corp,billing@dunder.com,NA,Fintech,enterprise ,monthly,250,USD,56062.50,25,paid,wire,2022-09-26,2024-12-15,FALSE,4,1
INV-102645,ACC-3139,Oscorp Partners,billing@oscorp.com,EMEA,Travel,Enterprise ,annual,5,USD,"$14,950.00",0,success,wire,18-04-2024,04/21/2026,N,2,0
INV-100801,ACC-5167,Prestige Group,billing@prestige.com,EMEA,Manufacturing,Pro ,monthly,25,EUR,"€2,405.70",10,VOID,invoice,2023-09-17,2025-02-02,Y,5,0
INV-101433,ACC-2007,Umbrella LLC,billing@umbrella.com,APAC,Manufacturing,Tier 1,Annual,10,EUR,5292,0,Failed,wire,2021-06-23,2023-04-11,N,5,1
INV-101007,ACC-7320,Wayne Ltd,billing@wayne.com,APAC,,pro,annually,50,EUR,48114.00,10,failed,invoice,2024-06-21,2025-11-07,0,4,0
INV-104381,ACC-5201,Prestige Industries,billing@prestige.com,NA,Retail,Tier 3,yearly,25,USD,"74,750.00 USD",0,paid,wire,2022-08-18,08/08/2024,N,4,1
INV-103557,ACC-5922,Massive Dynamic Co,billing@massive.com,LATAM,Manufacturing,Tier 1,annually,10,USD,"4,900.00 USD",0,declined,Credit Card,2024/04/26,2025-02-24,true,1,5
INV-102628,ACC-6167,Acme Co,billing@acme.com,EMEA,Retail, Starter ,Annual,100,USD,49000.00,0,completed,ach,04/19/2023,05-09-2024,0,4,5
INV-103967,ACC-6871,Oscorp Corp,billing@oscorp.com,EMEA,Fintech,Starter,Monthly,1,USD,49.00,0,Complete,,2022-07-14,2023-06-25,false,5,0
INV-100331,ACC-1119,Oscorp Group,billing@oscorp.com,EMEA,,Pro ,Annual,250,GBP,"314,325.00 GBP",0,completed,Wire Transfer,28-03-2021,2022-12-09,0,3,5
INV-102803,ACC-6353,Initech Group,billing@initech.com,EMEA,,Pro,annually,100,GBP,"£-125,730.00",0,REFUND,,2021/11/08,11/17/2022,No,,0
INV-100173,ACC-3393,Cyberdyne LLC,billing@cyberdyne.com,EMEA,Retail,Start,Annual,3,USD,"$1,249.50",15,declined,Credit Card,09/07/2021,31-05-2024,0,3,5
INV-100088,ACC-9537,Prestige Group,billing@prestige.com,LATAM,Travel,Start,Monthly,5,USD,245.00,0,paid,ACH,2022-07-20,Sep 24 2023,No,2,0
INV-100542,ACC-8816,Dunder Ltd,billing_at_dunder.com,EMEA,Gaming,Start,annually,3,USD,1470.00,0,Void,Wire Transfer,2021/07/27,12/23/2021,N,5,0
INV-102592,ACC-8065,Soylent Group,billing_at_soylent.com,EMEA,Energy,starter,annually,50,EUR,23814.00,10,void,ach,04-09-2023,04/10/2024,true,2,3
INV-103168,ACC-9762,Cyberdyne Holdings,billing@cyberdyne.com,EMEA,Education,Starter,monthly,3,USD,132,10,paid,ach,2024-09-30,04/25/2025,N,1,5
INV-100378,ACC-1740,Pied Piper LLC,billing@pied.com,LATAM,Media,Tier 3,monthly,10,EUR,3229.20,0,pending,Wire Transfer,2022-11-19,2024-02-25,N,4,3
INV-102382,ACC-5331,Wonka Group,billing@wonka.com,APAC,Education,Start,Annual,50,USD,22050.00,10,paid,Wire Transfer,2022-03-04,06/30/2023,TRUE,5,0
INV-101385,ACC-4185,Wayne Holdings,billing@wayne.com,LATAM,Manufacturing,Starter,Monthly,250,USD,"12,250.00 USD",0,awaiting,,2024-07-21,Apr 20 2026,N,,0
INV-100240,ACC-7948,Tyrell Labs,billing@tyrell.com,LATAM,Media,starter,Monthly,50,USD,"$2,450.00",0,Paid,,2023-01-10,2024-12-31,0,1,0
INV-101190,ACC-1116,Pied Piper Corp,billing@pied.com,LATAM,Healthcare,Enterprise ,yearly,50,USD,149500.00,0,paid,,2024-01-12,2025-07-24,FALSE,4,0
INV-104966,ACC-2119,Wonka LLC,billing@wonka.com,LATAM,Retail,Start,monthly,1,USD,$36.75,25,Paid,ACH,2024-10-26,2025-03-22,FALSE,4,0
INV-101693,ACC-9966,Aperture Corp,billing@aperture.com,NA,Energy,Professional,Monthly,1,USD,84.15,15,success,invoice,Jul 5 2022,2024-05-29,No,3,2
INV-100003,ACC-5304,Prestige Ltd,billing@prestige.com,NA,Education,Professional,Annual,50,GBP,62865,0,Complete,wire,07-04-2021,Sep 5 2023,true,3,0
INV-104043,ACC-8572,Pied Piper Labs,billing@pied.com,LATAM,Manufacturing,Starter,Monthly,25,EUR,"€1,190.70",10,error,Credit Card,2023-07-15,09/24/2023,TRUE,3,8
INV-102796,ACC-2136,Tyrell Co,billing@tyrell.com,NA,Media,starter,yearly,50,EUR,26460.00,0,error,ach,2023-09-22,2024-12-03,false,4,0
INV-104263,ACC-9855,Pied Piper LLC,billing@pied.com,EMEA,Logistics,Pro,yearly,25,USD,18562.50,25,declined,invoice,05/17/2021,2023-07-16,FALSE,2,5
INV-104832,ACC-7281,Massive Dynamic Holdings,billing@massive.com,LATAM,Gaming,Pro,annual,1,USD,990.00,0,PAID,ach,2021-08-05,2023-11-26,FALSE,1,0
INV-101958,ACC-2741,Acme Labs,billing@acme.com,NA,Gaming, Starter ,yearly,50,USD,22050.00,10,Pending,invoice,03/05/2021,2023-10-14,No,5,0
INV-103223,ACC-8469,Initech Industries,billing@initech.com,EMEA,Healthcare,Tier 2,annual,10,USD,8415.00,15,Paid,,Oct 2 2021,11/03/2023,Y,5,5
INV-102739,ACC-5265,Stark Group,billing@stark.com,APAC,Travel,Tier 1,yearly,3,USD,1102.50,25,FAILED,wire,2023-02-05,2025-08-17,1,2,0
INV-100414,ACC-1553,Wonka Group,,EMEA,Healthcare,Starter,Annual,50,EUR,"€-26,460.00",0,refunded,ach,2023/10/31,Nov 8 2025,No,4,1
INV-103053,ACC-4052,Hooli Ltd,billing@hooli.com,NA,Energy,Starter,Monthly,10,EUR,529.20,0,paid,invoice,05/08/2021,2022/07/27,N,4,0
INV-101670,ACC-7968,Stark Co,billing@stark.com,NA,Manufacturing,starter,yearly,5,EUR,"€2,116.80",20,PAID,wire,2021-08-24,10/20/2022,false,2,2
INV-102631,ACC-8338,Hooli Partners,billing@hooli.com,LATAM,Energy,Tier 2,monthly,1,EUR,€90.88,15,success,Wire Transfer,2024-03-02,2025/05/20,0,3,0
INV-101613,ACC-9899,Umbrella Inc,billing@umbrella.com,LATAM,Media,Tier 1,yearly,50,GBP,"28,003.50 GBP",10,paid,invoice,2023-02-23,Dec 11 2023,N,4,0
INV-100932,ACC-5286,Massive Dynamic Group,billing@massive.com,LATAM,Travel,ENT,monthly,100,USD,29900.00,0,success,ach,05-10-2023,2026/04/07,1,3,0
INV-101909,ACC-9802,Wonka Inc,billing@wonka.com,EMEA,Logistics,STARTER,monthly,25,USD,1225.00,0,void,invoice,2023-03-02,10/10/2023,No,3,0
INV-100355,ACC-3031,Gekko Corp,billing@gekko.com,LATAM,Media,Enterprise ,annually,1,USD,2990,0,Failed,credit_card,11/16/2023,03/30/2026,FALSE,4,0
INV-102948,ACC-7514,Pied Piper Partners,billing@pied.com,APAC,Travel,PRO,Annual,50,USD,42075.00,15,Complete,credit_card,2024/02/03,2026-06-10,Yes,3,0
INV-103404,ACC-2447,Tyrell Group,billing@tyrell.com,EMEA,Travel,pro,annually,50,USD,42075,15,PAID,ach,Apr 12 2023,2023-07-10,Yes,1,0
INV-103953,ACC-8029,Aperture Group,billing@aperture.com,APAC,Gaming,Starter,Monthly,25,USD,1225.00,0,Paid,Wire Transfer,2023-01-07,2025/08/10,TRUE,1,3
INV-104182,ACC-2634,Cyberdyne Industries,billing@cyberdyne.com,NA,Media,Tier 1,Annual,250,USD,"$104,125.00",15,Failed,credit_card,09/10/2021,Aug 30 2023,0,4,0
INV-103990,ACC-8600,Gekko Holdings,billing@gekko.com,APAC,,Tier 1,yearly,5,USD,2450,0,Void,ach,2023-12-13,2025-07-25,false,,2
INV-100919,ACC-1396,Globex Co,billing@globex.com,APAC,, Starter ,monthly,250,USD,11025,10,Paid,,2022-01-31,2023/05/01,false,3,0
INV-102586,ACC-2624,Gekko Inc,,EMEA,Retail,enterprise ,Monthly,250,USD,74750.00,0,paid,ACH,Jan 9 2024,2025-03-12,Y,,2
INV-100734,ACC-7100,Vandelay Labs,billing@vandelay.com,LATAM,Gaming,Enterprise,Monthly,1,GBP,379.73,0,PAID,Wire Transfer,2024-05-04,Dec 20 2026,1,5,2
INV-104210,ACC-1069,Nakatomi Labs,billing@nakatomi.com,EMEA,Fintech,PRO,Monthly,10,USD,990.00,0,success,wire,2024-03-05,2025-05-07,No,2,0
INV-102623,ACC-1102,Globex Corp,billing@globex.com,APAC,Manufacturing,starter,Annual,3,USD,"$1,470.00",0,awaiting,,2023/04/22,2023-07-02,Y,5,0
INV-102571,ACC-7938,Soylent Inc,billing@soylent.com,EMEA,Gaming,Enterprise,annual,1,EUR,"€2,906.28",10,declined,,09/10/2024,Aug 18 2026,No,5,0
INV-100350,ACC-5698,Gekko Inc,billing@gekko.com,EMEA,Media,Starter,monthly,1,USD,49.00,0,declined,ACH,2022/06/13,2025-01-09,false,4,0
INV-103478,ACC-3823,Acme Co,,NA,,Tier 2,monthly,50,USD,4950.00,0,PAID,invoice,2024-07-31,2026-02-25,true,3,0
INV-101858,ACC-1011,Oscorp Ltd,billing@oscorp.com,NA,Logistics,starter,annual,100,EUR,52920.00,0,PAID,invoice,2023/09/14,2026-06-04,Yes,4,0
INV-103911,ACC-9873,Globex Partners,billing@globex.com,APAC,Logistics,enterprise ,Annual,25,USD,"74,750.00 USD",0,PAID,Credit Card,09/07/2022,08/20/2024,FALSE,4,0
INV-103480,ACC-6365,Initech Labs,billing@initech.com,LATAM,Gaming,STARTER,yearly,10,USD,"4,410.00 USD",10,VOID,,01-02-2021,12/31/2021,0,2,1
INV-104806,ACC-8407,Nakatomi Ltd,billing_at_nakatomi.com,LATAM,Education,Tier 2,monthly,10,EUR,962.28 EUR,10,Paid,credit_card,08/14/2021,04-06-2023,Y,5,2
INV-104683,ACC-3345,Dunder Labs,billing@dunder.com,LATAM,Retail,Tier 1,annual,50,USD,24500,0,paid,,2023-02-15,07/31/2024,FALSE,5,0
INV-100090,ACC-8563,Prestige Inc,billing@prestige.com,LATAM,Healthcare,enterprise,annual,100,EUR,"€322,920.00",0,declined,invoice,10/13/2021,Jul 23 2023,0,4,2
INV-104321,ACC-1940,Soylent Industries,billing@soylent.com,LATAM,Travel,enterprise,Monthly,25,USD,-7475.00,0,refunded,ACH,2024/04/21,2025/10/13,false,4,0
INV-100278,ACC-9863,Aperture Industries,billing@aperture.com,NA,Travel, Starter ,annual,100,EUR,"€52,920.00",0,awaiting,credit_card,2022-09-25,Apr 21 2024,FALSE,5,0
INV-102460,ACC-4196,Initech Industries,billing@initech.com,EMEA,Healthcare,Tier 1,annual,250,EUR,132300.00,0,PAID,wire,2023/05/30,2025-09-29,1,2,1
INV-103457,ACC-9472,Cyberdyne Ltd,billing@cyberdyne.com,APAC,Healthcare,Professional,Monthly,3,USD,297.00,0,Complete,wire,11/17/2023,2025-12-01,1,3,0
INV-100990,ACC-7743,Stark Co,billing@stark.com,EMEA,Manufacturing, Starter ,monthly,50,EUR,2646.00,0,PENDING,ACH,05/14/2024,2026-01-04,0,5,3
INV-104216,ACC-4837,Vandelay Labs,billing@vandelay.com,EMEA,Travel, Starter ,yearly,5,GBP,3112,0,PAID,ACH,2021-01-13,06/11/2023,N,3,2
INV-103030,ACC-5257,Aperture Co,billing@aperture.com,APAC,Healthcare,Professional,monthly,25,USD,2475.00,0,Complete,ach,2021/03/29,2022-06-13,N,5,0
INV-104288,ACC-2399,Hooli Industries,billing@hooli.com,NA,Manufacturing,Tier 3,Monthly,3,EUR,968.76,0,canceled,ACH,26-04-2024,2024/08/14,0,3,0
INV-104215,ACC-4517,Stark Industries,billing@stark.com,EMEA,Media,enterprise,Monthly,50,EUR,16146.00,0,success,ach,2022-02-02,2024/03/01,FALSE,4,3
INV-100873,ACC-2176,Massive Dynamic Ltd,billing@massive.com,LATAM,,PRO,Monthly,3,EUR,321,0,Complete,ACH,04/30/2021,2023-04-22,FALSE,5,2
INV-104080,ACC-2852,Stark Partners,billing@stark.com,APAC,Logistics,starter,annual,3,EUR,"1,428.84 EUR",10,Paid,ACH,2024/01/07,2026-07-24,false,4,0
INV-102979,ACC-5318,Stark Industries,billing@stark.com,EMEA,Fintech,pro,monthly,5,EUR,534.60 EUR,0,success,ACH,01/30/2022,04/04/2024,N,3,0
INV-100498,ACC-1314,Oscorp Inc,billing@oscorp.com,APAC,Media,starter,yearly,100,USD,49000.00,0,success,wire,2023-01-22,2025-04-23,false,4,3
INV-100549,ACC-2574,Hooli Ltd,billing@hooli.com,LATAM,Education,starter,Monthly,10,EUR,529.20,0,success,wire,07/16/2023,2024-07-17,0,4,0
INV-100290,ACC-7042,Cyberdyne Holdings,billing@cyberdyne.com,LATAM,Energy,Tier 3,monthly,5,USD,1495.00,0,failed,Wire Transfer,02/05/2022,2024-10-31,FALSE,,3
INV-101241,ACC-8281,Gekko Labs,billing@gekko.com,LATAM,Travel,STARTER,Annual,3,GBP,1866.90,0,Pending,Credit Card,05/22/2021,2021-07-19,0,4,0
INV-104132,ACC-7601,Initech LLC,billing@initech.com,NA,Travel,PRO,Monthly,100,USD,8910.00,10,PAID,ach,07/27/2024,07/08/2025,N,5,0
INV-104169,ACC-7098,Stark Holdings,billing@stark.com,EMEA,Healthcare,Professional,annual,100,USD,74250.00,25,failed,wire,20-04-2021,2021-11-21,0,2,0
INV-102792,ACC-4624,Prestige LLC,billing@prestige.com,NA,,Pro,monthly,1,USD,99.00,0,pending,Wire Transfer,12/27/2023,Aug 21 2025,N,4,0
INV-103151,ACC-8349,Initech Co,billing@initech.com,EMEA,Retail,STARTER,Monthly,10,EUR,529.20,0,awaiting,Wire Transfer,07/14/2023,2025/03/11,Yes,,1
INV-100851,ACC-4564,Umbrella Ltd,,APAC,Travel,enterprise ,annual,100,USD,"$-299,000.00",0,charged_back,ACH,2024/06/24,2026/12/21,0,4,0
INV-104482,ACC-4561,Gekko Group,billing@gekko.com,APAC,Education,pro,monthly,50,USD,"$4,950.00",0,paid,ACH,2023/02/15,2024-10-28,FALSE,4,0
INV-102916,ACC-4763,Aperture Ltd,billing@aperture.com,EMEA,Fintech,ENT,Monthly,3,EUR,€726.57,25,paid,ach,2023-02-26,2024-02-15,Y,2,0
INV-104255,ACC-2953,Stark Labs,billing@stark.com,EMEA,Healthcare,Tier 2,monthly,10,USD,990.00,0,Paid,ACH,2021-05-15,2023-10-20,false,3,0
INV-104157,ACC-7723,Stark Co,billing@stark.com,APAC,Fintech,ENT,monthly,5,USD,"$1,495.00",0,PAID,,03/28/2022,2023/01/13,FALSE,4,0
INV-103772,ACC-5606,Tyrell Group,billing@tyrell.com,APAC,Gaming,Start,annual,50,USD,24500.00,0,success,,06/11/2021,2024-02-28,No,5,2
INV-101195,ACC-6787,Aperture Labs,billing@aperture.com,EMEA,Gaming,Starter,Annual,100,USD,49000,0,Void,ACH,01/06/2022,2024/03/22,0,5,0
INV-101537,ACC-7261,Acme Co,billing@acme.com,LATAM,Education,Pro,monthly,100,USD,9900.00,0,PAID,credit_card,2023-01-08,2024-08-20,0,3,0
INV-104389,ACC-5277,Vandelay Group,,NA,Logistics,Professional,Monthly,50,USD,"$4,950.00",0,Paid,ach,21-12-2022,2024-03-07,No,5,0
INV-101939,ACC-4775,Umbrella Industries,billing@umbrella.com,NA,Logistics,Starter,monthly,1,USD,49.00,0,Complete,ach,05/30/2022,23-12-2024,No,3,0
INV-101210,ACC-1519,Hooli Labs,billing@hooli.com,EMEA,Travel,Start,yearly,1,USD,490.00 USD,0,pending,invoice,Jul 27 2024,Dec 10 2026,N,,0
INV-103078,ACC-5698,Aperture Group,billing@aperture.com,APAC,Travel, Starter ,annual,5,USD,2450.00,0,completed,wire,19-06-2021,2023/07/24,No,2,5
INV-104371,ACC-2362,Wonka Industries,billing@wonka.com,APAC,Fintech,Start,monthly,50,USD,2450,0,paid,ach,Aug 15 2021,May 21 2023,No,1,0
INV-103611,ACC-6123,Dunder Ltd,billing@dunder.com,APAC,Travel,starter,yearly,250,USD,122500.00,0,success,ACH,2023-04-27,2023-12-29,No,5,0
INV-101981,ACC-7428,Stark Holdings,billing@stark.com,LATAM,Media,Tier 3,annual,10,USD,29900,0,paid,,2023-08-16,2025-02-03,No,1,5
INV-103519,ACC-8332,Soylent Industries,billing@soylent.com,NA,Travel,STARTER,Annual,1,USD,441.00 USD,10,failed,ach,16-12-2021,2023-02-20,false,3,0
INV-100759,ACC-4009,Wayne Corp,billing@wayne.com,LATAM,Energy,Starter,monthly,50,USD,2450.00,0,completed,credit_card,2021-06-18,2021-11-10,No,1,0
INV-104937,ACC-6876,Pied Piper LLC,billing@pied.com,APAC,Energy,starter,Monthly,3,GBP,186.69 GBP,0,completed,,2021/03/19,12/12/2022,false,2,0
INV-102158,ACC-3207,Globex Inc,,LATAM,Logistics,starter,annual,100,USD,49000.00,0,success,wire,Oct 25 2021,May 22 2023,No,,0
INV-104625,ACC-7159,Oscorp Corp,billing@oscorp.com,LATAM,Energy,pro,Monthly,100,GBP,11315.70,10,pending,ACH,2022-03-31,08/26/2024,N,,2
INV-101398,ACC-7269,Initech Inc,billing@initech.com,NA,Education,Professional,monthly,1,EUR,-106.92,0,REFUND,wire,2021-02-06,20-11-2022,1,4,0
INV-101115,ACC-3877,Hooli Group,billing@hooli.com,LATAM,Logistics,Starter,annually,5,GBP,"£3,111.50",0,declined,,2023/08/02,2025-06-22,FALSE,4,0
INV-100334,ACC-6885,Nakatomi Inc,billing@nakatomi.com,NA,Education,enterprise ,monthly,10,USD,2691.00,10,Complete,ACH,2021-03-06,2021/08/17,0,5,5
INV-103712,ACC-9686,Soylent Partners,billing@soylent.com,EMEA,Gaming,enterprise ,yearly,25,EUR,80730.00,0,success,wire,06/23/2022,09/29/2023,0,,0
INV-102150,ACC-8843,Umbrella LLC,billing@umbrella.com,NA,Logistics,starter,Monthly,25,EUR,-992.25,25,refunded,Wire Transfer,09/27/2022,2024-06-11,false,1,0
INV-101851,ACC-6944,Soylent Corp,,EMEA,Logistics,Start,Monthly,10,USD,490.00,0,Complete,invoice,2021-08-11,2021-10-14,FALSE,5,5
INV-101706,ACC-3234,Aperture Partners,billing@aperture.com,NA,Logistics,pro,monthly,100,USD,9900.00,0,success,wire,24-07-2024,2026-06-08,0,2,3
INV-101221,ACC-6087,Wayne Ltd,billing@wayne.com,LATAM,Healthcare,Pro ,annually,50,GBP,62865.00,0,failed,ach,2021-09-29,2022-04-19,FALSE,4,0
INV-101445,ACC-1908,Dunder Co,billing@dunder.com,EMEA,Energy,Tier 3,monthly,3,EUR,823.45 EUR,15,Paid,Wire Transfer,09/03/2023,10/08/2025,0,3,1
INV-100582,ACC-9621,Tyrell Group,billing@tyrell.com,EMEA,Manufacturing,STARTER,Annual,3,EUR,"€1,587.60",0,failed,ach,05/13/2024,2025-08-21,No,2,0
INV-100597,ACC-7223,Hooli Inc,billing@hooli.com,NA,Fintech,Start,Annual,10,USD,4900.00,0,PAID,ACH,Jan 25 2022,2022-09-05,false,5,0
INV-102202,ACC-4570,Acme Industries,billing@acme.com,EMEA,Media,starter,Monthly,100,USD,4900.00,0,success,Credit Card,2022-04-05,08/22/2023,0,5,2
INV-103771,ACC-6591,Stark Partners,billing@stark.com,APAC,Travel,Tier 1,Monthly,25,GBP,1555.75,0,paid,Wire Transfer,06/10/2023,13-10-2025,false,5,0
INV-103003,ACC-1740,Globex Co,,LATAM,,Enterprise ,annual,3,USD,"$-8,970.00",0,charged_back,Credit Card,2023-09-29,2026-04-20,false,1,3
INV-101760,ACC-9338,Gekko Partners,billing@gekko.com,EMEA,Healthcare,Pro ,annually,3,USD,2970.00,0,completed,wire,2023-01-24,2023/07/14,0,4,1
INV-102447,ACC-2325,Cyberdyne Partners,billing@cyberdyne.com,LATAM,Travel,Starter,Annual,5,USD,2082.50,15,paid,invoice,2022-05-17,10/13/2022,FALSE,,5
INV-103431,ACC-2736,Wayne Co,billing@wayne.com,EMEA,Energy,Professional,annually,10,USD,"$-7,920.00",20,charged_back,credit_card,2021-06-19,27-06-2023,1,,0
INV-100477,ACC-3109,Wonka Ltd,billing@wonka.com,NA,Energy,Tier 1,annual,100,EUR,52920.00,0,success,invoice,2024-08-13,09-05-2027,false,3,0
INV-102199,ACC-8336,Nakatomi Holdings,billing@nakatomi.com,NA,,Professional,monthly,10,USD,891.00,10,completed,wire,2021-12-04,2023-08-14,Y,2,0
INV-104833,ACC-7685,Initech Labs,billing@initech.com,APAC,Gaming,Start,annual,5,GBP,3111.50,0,Complete,Credit Card,2023-05-03,10/10/2023,No,5,1
INV-103512,ACC-6464,Gekko Corp,billing@gekko.com,NA,Travel,Starter,Monthly,100,USD,3920,20,completed,Credit Card,2024/10/06,2026-12-31,false,1,0
INV-103138,ACC-2151,Cyberdyne Group,billing@cyberdyne.com,APAC,Logistics, Starter ,annually,1,USD,$490.00,0,completed,Credit Card,2024/07/21,06/22/2025,false,4,3
INV-100012,ACC-3426,Massive Dynamic Ltd,billing@massive.com,EMEA,Fintech,Starter,annual,10,EUR,"5,292.00 EUR",0,Paid,invoice,2022-12-26,2025/03/03,No,4,0
INV-102298,ACC-9117,Soylent Co,billing@soylent.com,NA,Gaming, Starter ,monthly,25,USD,1041.25,15,paid,wire,2022-04-11,2023/05/24,No,5,1
INV-101666,ACC-6645,Tyrell Partners,billing@tyrell.com,NA,Logistics,Pro ,Monthly,10,USD,$841.50,15,success,invoice,2024-10-31,2027/07/23,FALSE,,5
INV-103157,ACC-1339,Prestige Inc,billing@prestige.com,NA,Energy,starter,Annual,100,USD,"$49,000.00",0,success,ach,2024-01-09,2026/01/13,TRUE,1,5
INV-101269,ACC-1882,Hooli Group,billing@hooli.com,NA,Retail,enterprise ,annual,25,USD,74750.00,0,error,ACH,2021-02-08,2021/10/15,false,4,0
INV-102133,ACC-5902,Initech Partners,billing@initech.com,NA,Fintech,Pro ,annual,250,EUR,-267300.00,0,REFUND,Wire Transfer,Jun 13 2021,2022/04/27,Y,5,2
INV-104647,ACC-7555,Massive Dynamic Labs,billing@massive.com,NA,Fintech,Professional,annual,5,USD,"4,950.00 USD",0,Complete,,2024-03-29,04/21/2025,N,4,3
INV-102782,ACC-9811,Prestige Corp,billing@prestige.com,APAC,Travel,pro,annually,3,USD,"$2,970.00",0,failed,wire,2022-10-18,May 18 2025,No,3,0
INV-102939,ACC-3826,Nakatomi Industries,billing@nakatomi.com,EMEA,,Pro,Monthly,250,USD,"$24,750.00",0,Paid,wire,2023-03-01,2025-06-11,0,1,2
INV-101518,ACC-6816,Acme Ltd,billing@acme.com,LATAM,,Start,monthly,25,USD,1102.50,10,declined,wire,2022/03/12,06/04/2024,0,5,8
INV-102919,ACC-7900,Acme LLC,billing@acme.com,NA,Fintech,Start,monthly,50,USD,2082,15,Paid,Wire Transfer,2022-11-11,2024-07-10,No,4,0
INV-100528,ACC-8853,Wonka Corp,billing@wonka.com,NA,Logistics,Tier 2,monthly,50,USD,4950.00,0,paid,Wire Transfer,2021-03-05,05/06/2022,Yes,2,3
INV-102874,ACC-1498,Massive Dynamic Ltd,billing@massive.com,LATAM,Education,Start,monthly,50,USD,2450,0,completed,Wire Transfer,09/01/2022,2024-10-19,false,1,2
INV-102920,ACC-5103,Globex LLC,billing_at_globex.com,NA,Media,Start,Annual,10,EUR,5292.00,0,paid,credit_card,2021-07-06,08/19/2021,No,4,0
INV-102242,ACC-6322,Aperture Holdings,billing@aperture.com,NA,Education,Tier 2,yearly,25,EUR,"26,730.00 EUR",0,cancelled,ACH,2022-03-26,09-11-2024,TRUE,3,1
INV-101248,ACC-7885,Massive Dynamic LLC,billing@massive.com,EMEA,Gaming,Tier 3,Monthly,10,USD,"$2,990.00",0,success,,2024-02-11,2025-06-14,No,1,1
INV-103329,ACC-6994,Dunder Labs,,LATAM,Energy,Pro,annual,10,GBP,-9429.75,25,charged_back,Wire Transfer,12/08/2023,2025-09-22,0,,5
INV-104118,ACC-6537,Wonka LLC,billing@wonka.com,APAC,Healthcare,Starter,Monthly,10,GBP,560.07,10,Paid,credit_card,04/26/2021,2023-11-25,No,4,0
INV-100360,ACC-7185,Hooli Partners,billing@hooli.com,LATAM,Gaming,starter,Monthly,10,EUR,529.20,0,PAID,ACH,09/13/2021,2023-08-30,N,5,0
INV-101436,ACC-3143,Cyberdyne Group,billing@cyberdyne.com,NA,Gaming,Pro,annually,5,USD,"$4,950.00",0,declined,invoice,2022-08-17,2023-10-12,false,5,3
INV-101773,ACC-9517,Cyberdyne Ltd,,LATAM,Energy, Starter ,monthly,25,USD,1225.00,0,PAID,credit_card,Feb 25 2021,2023-05-25,TRUE,3,0
INV-103762,ACC-8709,Cyberdyne Labs,billing@cyberdyne.com,NA,Energy,Pro ,Monthly,5,USD,445.50,10,Paid,,Apr 27 2022,Sep 11 2024,N,5,0
INV-100726,ACC-7515,Aperture Corp,billing@aperture.com,EMEA,Logistics,starter,annual,50,USD,24500.00,0,Paid,Credit Card,11/18/2021,2022-06-11,false,5,3
INV-104261,ACC-2195,Globex Group,billing@globex.com,LATAM,,Starter,annual,250,EUR,"132,300.00 EUR",0,paid,wire,2024-02-26,2025-06-12,No,5,3
INV-104561,ACC-6717,Wonka Co,billing@wonka.com,APAC,Gaming,Pro,yearly,250,EUR,"267,300.00 EUR",0,success,credit_card,2022-08-30,2022-12-24,false,3,0
INV-101544,ACC-9134,Acme Ltd,billing@acme.com,NA,Media,Enterprise ,Monthly,10,USD,2990.00,0,FAILED,credit_card,2024-06-04,03/01/2027,Yes,4,8
INV-101177,ACC-4342,Soylent Partners,billing@soylent.com,EMEA,Media,Tier 2,Monthly,25,GBP,3143.25,0,awaiting,ACH,2021-11-11,Jul 23 2024,No,,0
INV-100687,ACC-2848,Gekko Corp,billing@gekko.com,APAC,Gaming,enterprise,annually,1,USD,2990.00,0,success,ACH,Sep 1 2021,2022/05/31,No,2,3
INV-102858,ACC-3295,Aperture Group,billing@aperture.com,APAC,Media,starter,monthly,100,EUR,-4762.80,10,charged_back,credit_card,10/12/2021,25-12-2022,N,4,0
INV-102487,ACC-9185,Hooli Ltd,billing@hooli.com,EMEA,Logistics,ENT,yearly,25,USD,63537.50,15,canceled,Wire Transfer,2023-07-30,12-02-2024,Yes,2,0
INV-102883,ACC-7713,Nakatomi Industries,billing@nakatomi.com,APAC,Healthcare,Enterprise,monthly,1,USD,299.00,0,in_review,,2022-09-04,04/30/2024,FALSE,3,1
INV-100943,ACC-1256,Umbrella Ltd,billing@umbrella.com,LATAM,Logistics,Starter,Annual,1,USD,441,10,PAID,wire,28-02-2023,12/25/2024,No,3,2
INV-102377,ACC-6768,Vandelay Ltd,billing@vandelay.com,LATAM,Fintech, Starter ,annually,10,USD,4410.00,10,pending,Wire Transfer,2022-11-06,2024-09-28,TRUE,3,0
INV-100255,ACC-4747,Prestige Partners,billing@prestige.com,LATAM,Energy,Enterprise ,Annual,10,USD,29900.00,0,completed,ach,2021/07/02,2024-03-09,No,5,0
INV-104936,ACC-9593,Dunder Co,billing@dunder.com,EMEA,,Pro ,annually,100,USD,99000.00,0,paid,ACH,2023-07-31,2023-11-02,N,4,3
INV-101027,ACC-2132,Globex LLC,billing@globex.com,NA,Travel,PRO,monthly,250,USD,24750,0,completed,ACH,2021/01/23,2022-05-11,FALSE,2,0
INV-104917,ACC-8682,Globex Labs,billing@globex.com,LATAM,Travel,Starter,yearly,25,USD,12250.00,0,paid,wire,2024-08-31,Jul 17 2026,0,5,0
INV-100743,ACC-6710,Pied Piper Industries,billing@pied.com,EMEA,Travel,pro,monthly,250,USD,24750.00,0,success,Credit Card,01/09/2024,Sep 23 2025,N,2,3
INV-101003,ACC-5539,Pied Piper Partners,billing@pied.com,EMEA,Gaming,Professional,monthly,3,USD,$267.30,10,paid,wire,2022-06-10,11/03/2024,false,5,2
INV-100367,ACC-5822,Initech Industries,billing@initech.com,LATAM,Education,Start,Annual,50,USD,24500.00,0,success,wire,2023/03/16,06/29/2023,N,5,0
INV-102944,ACC-2364,Massive Dynamic LLC,billing@massive.com,LATAM,Gaming, Starter ,annually,3,USD,"1,470.00 USD",0,success,,2023-06-11,08/24/2024,FALSE,2,0
INV-100476,ACC-8917,Acme Partners,billing@acme.com,APAC,Logistics,Enterprise ,Monthly,250,USD,74750,0,Complete,Wire Transfer,03/04/2023,2025-04-06,FALSE,4,2
INV-100283,ACC-6269,Stark Group,billing@stark.com,LATAM,Gaming,Start,monthly,25,USD,"1,225.00 USD",0,Complete,Credit Card,01/20/2021,Dec 9 2022,1,5,0
INV-104219,ACC-5836,Prestige Labs,billing@prestige.com,EMEA,Gaming,enterprise,yearly,10,EUR,"32,292.00 EUR",0,completed,invoice,2024-10-18,2026/10/16,0,4,2
INV-101196,ACC-4374,Vandelay Partners,billing@vandelay.com,EMEA,Healthcare,Starter,yearly,10,USD,3920.00,20,paid,wire,2023-04-02,2025-02-05,No,1,8
INV-103592,ACC-7095,Soylent Corp,billing@soylent.com,NA,Travel,Enterprise ,monthly,25,EUR,"8,073.00 EUR",0,PAID,Wire Transfer,08/08/2022,2023-01-15,0,3,0
INV-102321,ACC-1517,Wonka Group,billing@wonka.com,APAC,Media,ENT,Monthly,5,USD,1121.25,25,VOID,wire,12/26/2023,2026/03/02,No,4,0
INV-103290,ACC-1046,Prestige Holdings,,EMEA,Education,starter,annually,250,USD,-122500,0,charged_back,Credit Card,2021-09-14,2023-03-12,N,5,3
INV-100870,ACC-4799,Wayne Inc,billing@wayne.com,APAC,Travel,Enterprise ,annual,50,USD,149500.00,0,Paid,ACH,09/10/2023,2024/04/20,FALSE,5,0
INV-104542,ACC-7190,Oscorp Group,billing@oscorp.com,EMEA,Education,Pro,Monthly,250,USD,24750.00,0,completed,Credit Card,2024-06-19,2026-03-02,No,3,0
INV-104670,ACC-3933,Nakatomi Inc,billing@nakatomi.com,NA,Healthcare,Tier 3,monthly,50,USD,12707.50,15,Pending,wire,10/18/2024,Jan 14 2025,FALSE,4,0
INV-104616,ACC-1390,Wayne Corp,billing@wayne.com,LATAM,Healthcare,Pro,annually,3,USD,2970.00,0,Complete,Credit Card,2022-12-22,2024-01-11,false,,0
INV-102260,ACC-5702,Wayne Ltd,billing@wayne.com,NA,Manufacturing,Start,annually,5,EUR,2646.00,0,Void,Credit Card,06/27/2024,03/16/2025,Yes,4,1
INV-101949,ACC-2704,Nakatomi Industries,billing@nakatomi.com,APAC,Travel, Starter ,annually,10,USD,4900.00,0,Complete,,2021-02-17,2022-03-15,N,4,0
INV-101497,ACC-7979,Wayne LLC,,NA,Education,Enterprise,annually,3,USD,8970.00,0,in_review,Credit Card,2023-09-27,03/05/2025,false,5,0
INV-100243,ACC-2578,Soylent Holdings,billing@soylent.com,NA,Education,Pro ,yearly,250,USD,247500.00,0,Complete,,2024-01-16,2025-01-01,0,,0
INV-103180,ACC-9667,Aperture LLC,billing@aperture.com,NA,Manufacturing,STARTER,monthly,10,USD,490.00,0,completed,credit_card,04/24/2024,2024-05-26,false,5,0
INV-100827,ACC-9463,Acme Group,billing@acme.com,EMEA,Media,Enterprise ,Monthly,25,USD,7475.00,0,completed,ACH,2022-11-02,2025-03-03,No,4,0
INV-101479,ACC-6293,Globex LLC,billing@globex.com,LATAM,Education,Tier 3,Monthly,100,USD,29900.00,0,completed,ach,2024-03-01,2025-11-17,0,4,2
INV-101473,ACC-6899,Stark LLC,billing@stark.com,APAC,Gaming,Starter,Annual,25,EUR,"€11,245.50",15,Paid,,2022-11-26,2022-12-02,0,5,0
INV-103487,ACC-9144,Massive Dynamic Labs,billing_at_massive.com,NA,Education,Start,Monthly,50,USD,2450.00,0,awaiting,ACH,2022-07-18,2022-12-31,0,2,0
INV-100227,ACC-9841,Cyberdyne Group,billing@cyberdyne.com,NA,Energy,Start,Monthly,10,USD,$490.00,0,success,wire,04/22/2021,2021-06-25,false,5,3
INV-103848,ACC-5324,Cyberdyne Inc,billing@cyberdyne.com,NA,Fintech, Starter ,annual,3,USD,1323.00,10,FAILED,ACH,Feb 23 2024,2026-08-24,Y,2,0
INV-104583,ACC-1555,Aperture Co,billing@aperture.com,NA,Education,Start,Monthly,50,USD,2450.00,0,Complete,Credit Card,2024/04/15,04/12/2025,Y,4,0
INV-103882,ACC-4424,Oscorp Holdings,billing@oscorp.com,LATAM,,enterprise,Monthly,10,GBP,"£3,417.57",10,completed,Credit Card,2022-12-13,12/10/2023,N,,1
INV-101184,ACC-2981,Aperture LLC,billing@aperture.com,LATAM,Energy,Professional,yearly,5,USD,4950.00,0,completed,Wire Transfer,2022-07-08,2024/10/12,0,5,0
INV-102533,ACC-1105,Gekko Industries,billing@gekko.com,NA,Travel,Starter,annual,10,USD,"$4,900.00",0,paid,ACH,03/10/2023,2025-01-27,FALSE,4,0
INV-104441,ACC-5813,Umbrella Co,billing@umbrella.com,EMEA,, Starter ,monthly,100,GBP,"£6,223.00",0,Paid,credit_card,2021-05-07,03/05/2023,1,4,2
INV-102656,ACC-3596,Umbrella Co,billing@umbrella.com,LATAM,Education,Tier 2,monthly,25,USD,"$2,103.75",15,completed,invoice,2022-03-10,06/04/2024,N,5,0
INV-100713,ACC-9113,Umbrella Co,billing@umbrella.com,EMEA,Logistics,STARTER,monthly,50,GBP,3112,0,PAID,ACH,2022-04-11,10/12/2023,N,5,0
INV-101824,ACC-3321,Globex Ltd,billing@globex.com,APAC,Energy,Starter,annually,10,USD,"$4,900.00",0,PENDING,wire,03-10-2023,03/13/2025,No,5,0
INV-102268,ACC-2649,Initech Group,billing@initech.com,LATAM,Education,Start,annual,1,USD,-490.00 USD,0,refunded,Wire Transfer,2023-09-23,2023-11-30,FALSE,,5
INV-104588,ACC-8402,Prestige Holdings,billing@prestige.com,EMEA,Education,Pro ,Annual,25,USD,"$24,750.00",0,success,credit_card,2022-06-03,11/16/2024,No,3,8
INV-104997,ACC-5236,Umbrella Labs,billing@umbrella.com,APAC,Gaming,Start,monthly,25,EUR,992.25,25,paid,ACH,2021-07-28,04/04/2022,false,3,0
INV-103200,ACC-8865,Aperture Holdings,billing@aperture.com,APAC,,Professional,yearly,10,USD,7920,20,Paid,invoice,2024-08-13,2025-08-10,0,3,3
INV-104593,ACC-8877,Vandelay LLC,billing_at_vandelay.com,LATAM,Retail,Tier 1,annual,3,USD,1470,0,paid,invoice,2023-04-07,2024-07-20,0,4,3
INV-101873,ACC-4531,Prestige LLC,billing@prestige.com,EMEA,Healthcare,Tier 2,annual,5,USD,4207.50,15,completed,Credit Card,02/19/2024,2026-06-29,0,5,0
INV-100505,ACC-9499,Soylent Group,billing@soylent.com,APAC,Logistics,enterprise,annual,50,GBP,"189,865.00 GBP",0,PAID,Wire Transfer,11/01/2024,07/27/2026,false,2,0
INV-103227,ACC-9721,Wayne Industries,billing_at_wayne.com,EMEA,Media,enterprise ,Annual,10,USD,"29,900.00 USD",0,Complete,Credit Card,2024-06-30,2025/06/06,FALSE,4,0
INV-101319,ACC-9195,Gekko Labs,billing@gekko.com,NA,Retail,starter,Monthly,100,GBP,"6,223.00 GBP",0,Complete,invoice,2024-05-17,10-12-2026,No,5,3
INV-102435,ACC-2890,Stark Co,billing@stark.com,LATAM,Education,Starter,monthly,100,USD,4900,0,paid,ach,2024-02-23,08/26/2024,N,3,0
INV-103733,ACC-6523,Stark LLC,billing@stark.com,LATAM,Healthcare,starter,monthly,250,GBP,"£15,557.50",0,declined,credit_card,29-07-2024,2024-09-24,FALSE,1,0
INV-104286,ACC-7749,Gekko Industries,billing@gekko.com,NA,Media,Tier 2,monthly,100,USD,9900.00,0,completed,Wire Transfer,17-04-2021,2021-08-11,FALSE,,0
INV-102359,ACC-6230,Globex LLC,billing@globex.com,EMEA,Energy,Pro ,Monthly,5,EUR,534.60,0,paid,,06-02-2021,2022-03-30,1,4,2
INV-100616,ACC-5967,Massive Dynamic LLC,billing@massive.com,LATAM,Energy,Tier 1,monthly,5,USD,220.50 USD,10,Paid,wire,2024-01-12,2024-08-07,No,4,0
INV-102229,ACC-2305,Pied Piper Group,billing@pied.com,NA,,Start,Annual,5,USD,"$2,450.00",0,void,,2021/03/25,2022/01/28,Y,3,0
INV-104006,ACC-7644,Stark Ltd,billing@stark.com,APAC,Retail,Tier 1,yearly,5,USD,"$2,450.00",0,declined,ach,2021-01-15,2022-04-27,Y,2,0
INV-102091,ACC-4507,Tyrell Partners,billing@tyrell.com,LATAM,,Pro,Monthly,3,USD,267,10,Complete,Wire Transfer,05/30/2024,Feb 21 2026,false,3,3
INV-100070,ACC-5712,Wayne Inc,billing@wayne.com,EMEA,Retail,Enterprise,annually,25,EUR,80730.00,0,completed,ach,2024-02-26,2026-02-07,0,,2
INV-102626,ACC-5130,Aperture Co,billing@aperture.com,NA,Energy,Pro,yearly,3,EUR,-2566.08,20,charged_back,credit_card,04/14/2024,2025-12-17,0,4,1
INV-102989,ACC-8334,Hooli Industries,billing@hooli.com,NA,Media,Enterprise ,Monthly,100,USD,22425,25,completed,,2023-10-17,2024-06-03,Y,3,2
INV-100463,ACC-7800,Pied Piper Co,billing@pied.com,LATAM,Travel,Tier 3,monthly,100,USD,29900.00,0,PAID,ACH,2024/09/06,2026-03-12,false,5,1
INV-100336,ACC-4250,Wonka Labs,billing@wonka.com,LATAM,Retail,Starter,monthly,250,GBP,15557.50,0,success,credit_card,2021-09-04,01/17/2022,FALSE,4,0
INV-104592,ACC-3967,Prestige Corp,billing@prestige.com,LATAM,,starter,monthly,100,USD,4900.00,0,Complete,ACH,07/06/2024,Jun 2 2025,0,1,0
INV-101859,ACC-2853,Prestige LLC,billing@prestige.com,EMEA,Healthcare,Start,annual,50,USD,19600.00,20,Paid,credit_card,07/08/2023,12/25/2025,false,,1
INV-100695,ACC-2738,Dunder Inc,billing@dunder.com,LATAM,Retail,PRO,Monthly,10,USD,990.00 USD,0,success,Wire Transfer,2024-09-23,08/25/2026,0,3,3
INV-103429,ACC-5036,Oscorp Corp,billing@oscorp.com,APAC,Gaming,starter,Annual,3,EUR,"1,587.60 EUR",0,Paid,Credit Card,02/25/2024,10/03/2024,No,3,0
INV-101005,ACC-3732,Soylent Partners,billing@soylent.com,APAC,Education, Starter ,monthly,250,USD,9800.00,20,completed,invoice,08/15/2021,2023-02-05,0,3,1
INV-103694,ACC-5091,Massive Dynamic Ltd,billing@massive.com,EMEA,Energy,PRO,monthly,50,USD,4950.00,0,Paid,Wire Transfer,Jun 28 2024,2025-11-10,TRUE,4,0
INV-103938,ACC-2908,Dunder Group,billing@dunder.com,EMEA,Healthcare,enterprise,monthly,10,USD,2990,0,Complete,ACH,2023-12-22,2024-09-21,N,3,0
INV-103034,ACC-7629,Nakatomi Corp,billing_at_nakatomi.com,EMEA,Healthcare,Professional,monthly,100,EUR,"€-10,692.00",0,charged_back,ACH,2021-08-02,13-11-2022,No,1,0
INV-102935,ACC-6169,Initech Labs,billing@initech.com,NA,Retail, Starter ,Monthly,250,USD,12250.00,0,declined,invoice,Mar 1 2024,29-06-2024,false,5,0
INV-102706,ACC-4027,Vandelay Industries,billing@vandelay.com,LATAM,Healthcare,Tier 2,monthly,100,USD,9900.00,0,Paid,wire,2023-09-03,04/02/2026,N,3,0
INV-102713,ACC-4221,Cyberdyne Group,billing@cyberdyne.com,EMEA,Education, Starter ,Monthly,3,USD,147.00,0,awaiting,invoice,2023/04/13,05/04/2025,No,2,0
INV-104248,ACC-3338,Dunder Labs,billing@dunder.com,EMEA,Manufacturing,Starter,yearly,25,GBP,15558,0,PAID,credit_card,2022-06-20,2023-03-17,No,4,0
INV-102658,ACC-6517,Nakatomi LLC,billing@nakatomi.com,NA,Energy,enterprise ,annually,10,USD,29900,0,Pending,Wire Transfer,2024/07/14,2026-11-05,Yes,,0
INV-104457,ACC-4721,Globex Holdings,billing@globex.com,NA,Education,STARTER,monthly,10,USD,$490.00,0,paid,Wire Transfer,2024/09/10,11/19/2025,No,3,0
INV-100092,ACC-2712,Acme Co,billing@acme.com,NA,Retail,Starter,Monthly,3,USD,$147.00,0,Paid,ACH,Dec 15 2022,2024/04/15,Y,5,0
INV-102769,ACC-2965,Tyrell Industries,,LATAM,Manufacturing,Tier 1,annual,250,USD,"$122,500.00",0,completed,credit_card,2021-02-01,Oct 20 2022,true,2,0
INV-104047,ACC-3743,Aperture LLC,billing@aperture.com,EMEA,Education,enterprise,annually,50,USD,149500.00,0,cancelled,Credit Card,12/05/2023,2025-09-04,TRUE,2,0
INV-102074,ACC-1072,Globex Labs,billing@globex.com,NA,Logistics,Tier 3,Monthly,10,USD,2990.00,0,cancelled,ach,2023-01-15,2025-09-18,FALSE,5,8
INV-100765,ACC-8864,Prestige Labs,billing@prestige.com,LATAM,Healthcare,Enterprise ,monthly,10,USD,2990.00,0,completed,Credit Card,2022-03-25,12/05/2022,N,2,1
INV-103147,ACC-8091,Aperture LLC,billing@aperture.com,APAC,Travel,Enterprise ,yearly,3,EUR,"€-7,265.70",25,REFUND,Credit Card,2021-08-31,2021-11-26,false,5,0
INV-100185,ACC-8719,Wayne Co,billing@wayne.com,NA,Media,starter,monthly,250,USD,12250.00,0,awaiting,wire,2021-10-17,09/28/2023,false,,1
INV-103968,ACC-3727,Oscorp Corp,billing@oscorp.com,LATAM,Manufacturing,STARTER,monthly,25,EUR,1323.00,0,PAID,ACH,2021-03-27,2022/07/20,No,5,0
INV-102549,ACC-3887,Wonka Ltd,billing@wonka.com,NA,Fintech,Tier 1,yearly,100,USD,"$49,000.00",0,completed,,2024-08-28,2025-05-13,FALSE,,5
INV-102557,ACC-8666,Umbrella Co,billing@umbrella.com,APAC,Logistics,STARTER,Annual,100,USD,49000.00,0,success,credit_card,2021-05-23,2022-01-11,false,,2
INV-102519,ACC-8977,Hooli Partners,billing@hooli.com,NA,Retail,pro,annually,5,USD,"$4,455.00",10,Paid,ach,2021/09/13,03/28/2024,0,,0
INV-102471,ACC-4211,Initech Partners,billing@initech.com,APAC,Fintech,enterprise ,Annual,5,USD,"$14,950.00",0,success,ach,06/07/2022,2023-08-15,TRUE,5,1
INV-102833,ACC-6017,Massive Dynamic Co,billing@massive.com,EMEA,,Pro ,annually,250,GBP,"£251,460.00",20,Paid,Credit Card,2024-10-31,05/15/2025,FALSE,2,0
INV-104978,ACC-8467,Gekko Holdings,billing@gekko.com,EMEA,Manufacturing,STARTER,Annual,1,USD,490.00,0,Pending,Wire Transfer,Sep 19 2021,2022/04/05,No,4,0
INV-101833,ACC-2639,Stark Industries,billing@stark.com,NA,Education,Tier 2,annual,250,USD,-247500.00,0,REFUND,Wire Transfer,2021-09-03,2023/01/24,FALSE,5,0
INV-102492,ACC-2395,Initech Corp,billing@initech.com,APAC,Fintech,Enterprise,Monthly,100,EUR,29062.80,10,paid,Credit Card,2023/08/31,03/26/2024,No,,0
INV-101390,ACC-1845,Dunder Labs,billing@dunder.com,APAC,Logistics, Starter ,yearly,10,USD,4410.00,10,Paid,Wire Transfer,Mar 29 2024,Aug 30 2024,0,5,5
INV-100028,ACC-9090,Dunder Ltd,billing@dunder.com,EMEA,Energy,Tier 1,annually,1,USD,367.50,25,Paid,wire,2024-03-24,11/15/2025,0,4,0
INV-100401,ACC-1732,Tyrell Ltd,billing@tyrell.com,APAC,,PRO,Monthly,3,USD,$297.00,0,Paid,Wire Transfer,2023-01-31,2025-05-29,No,4,8
INV-102255,ACC-2770,Oscorp Inc,billing@oscorp.com,APAC,Manufacturing,ENT,annually,1,USD,"2,990.00 USD",0,PAID,,2024-06-27,2025-12-08,N,,2
INV-101474,ACC-4471,Hooli Partners,billing@hooli.com,APAC,Gaming,Starter,Monthly,10,USD,490.00 USD,0,Paid,wire,2023/04/19,08/25/2023,0,4,0
INV-104779,ACC-2377,Cyberdyne Industries,billing@cyberdyne.com,LATAM,Energy,Starter,monthly,250,USD,"$12,250.00",0,paid,ach,2022-12-29,2023-08-15,No,5,3
INV-104816,ACC-5512,Initech Partners,,NA,Healthcare,Start,annual,100,USD,"$36,750.00",25,Paid,,31-03-2024,10/08/2026,0,4,0
INV-100114,ACC-1916,Stark Ltd,billing@stark.com,EMEA,Energy,pro,Annual,50,USD,49500.00,0,success,credit_card,2024-04-26,2024-05-24,FALSE,,0
INV-103067,ACC-9872,Soylent Ltd,billing@soylent.com,LATAM,Logistics,Starter,Monthly,10,USD,392,20,paid,,02/05/2024,06/27/2026,No,1,0
INV-102502,ACC-9566,Initech Holdings,billing@initech.com,EMEA,Education,Pro,annually,250,GBP,"£314,325.00",0,completed,,2022-09-04,2023-10-26,FALSE,2,0
INV-104437,ACC-9602,Acme Labs,billing@acme.com,LATAM,Logistics,Starter,yearly,10,USD,"$4,900.00",0,success,Wire Transfer,2022-01-22,05/04/2024,0,4,3
INV-103798,ACC-9151,Vandelay Group,,LATAM,Retail,Tier 2,monthly,1,EUR,90.88,15,Paid,credit_card,07/24/2022,02-02-2024,N,4,0
INV-101356,ACC-6245,Cyberdyne Co,billing@cyberdyne.com,APAC,Fintech, Starter ,annual,250,EUR,"€112,455.00",15,completed,credit_card,2023-02-08,01/30/2025,FALSE,,2
INV-102966,ACC-2772,Aperture Inc,billing@aperture.com,EMEA,Retail, Starter ,annual,25,USD,12250.00,0,paid,invoice,07-11-2021,02-06-2023,FALSE,3,3
INV-103940,ACC-5302,Umbrella Labs,billing@umbrella.com,APAC,Logistics,Tier 3,yearly,100,USD,"$239,200.00",20,Complete,credit_card,05/11/2024,02/01/2026,Yes,3,1
INV-100743,ACC-6710,Pied Piper Industries,billing@pied.com,EMEA,Travel,pro,monthly,250,USD,24750.00,0,success,Credit Card,01/09/2024,Sep 23 2025,N,2,3
INV-101671,ACC-6807,Acme Inc,billing@acme.com,NA,Energy,Enterprise ,annual,10,USD,29900.00,0,completed,Wire Transfer,09/03/2022,12/29/2022,FALSE,3,0
INV-100785,ACC-2667,Initech Co,billing@initech.com,APAC,Manufacturing,starter,annual,1,USD,$490.00,0,declined,,2024-08-06,2026-09-15,No,1,0
INV-103699,ACC-1024,Acme LLC,billing@acme.com,NA,Travel,STARTER,Monthly,10,USD,490.00,0,completed,ACH,2022-01-24,2023-09-30,FALSE,4,0
INV-100406,ACC-8816,Nakatomi Holdings,billing@nakatomi.com,NA,Manufacturing,Pro ,monthly,5,EUR,534.60,0,PAID,invoice,2023-07-18,2024-08-09,FALSE,3,0
INV-102965,ACC-7688,Dunder LLC,billing@dunder.com,EMEA,Healthcare,starter,monthly,3,EUR,€158.76,0,Paid,Credit Card,07-05-2023,2024-08-14,No,4,1
INV-100083,ACC-8471,Vandelay Ltd,billing@vandelay.com,LATAM,Fintech,Tier 1,annual,100,USD,49000.00,0,paid,ACH,2022-07-17,01/16/2024,No,1,0
INV-101895,ACC-1499,Oscorp Labs,billing@oscorp.com,NA,Energy,pro,Monthly,10,USD,742.50,25,Paid,,2021/11/12,01/04/2023,0,4,1
INV-103601,ACC-1655,Initech LLC,billing@initech.com,APAC,Healthcare,Tier 1,Annual,10,USD,"$4,900.00",0,Paid,ACH,2023/11/22,2025-06-25,No,4,1
INV-102476,ACC-8290,Soylent Co,billing@soylent.com,EMEA,Healthcare, Starter ,Annual,25,USD,"$12,250.00",0,in_review,ach,2021-05-31,2022-12-04,No,5,0
INV-101861,ACC-2296,Wayne Group,billing@wayne.com,LATAM,Media,Professional,Monthly,25,GBP,"2,671.76 GBP",15,PAID,wire,Jan 16 2022,04/03/2023,FALSE,4,1
INV-102778,ACC-6229,Prestige Group,billing@prestige.com,APAC,Retail,Pro,annually,3,USD,2970.00,0,paid,,2021-09-20,09/25/2022,0,2,1
INV-100733,ACC-4330,Oscorp Industries,billing@oscorp.com,LATAM,Retail,STARTER,annual,50,USD,20825.00,15,Pending,ACH,2024-01-14,11/24/2025,false,,1
INV-100883,ACC-2237,Oscorp Inc,billing@oscorp.com,APAC,Logistics,starter,Annual,10,USD,4900.00,0,Paid,wire,2023-01-15,2023-07-19,FALSE,2,0
INV-103330,ACC-9576,Globex LLC,billing@globex.com,EMEA,Media,starter,yearly,250,USD,122500.00,0,paid,ach,2024-06-01,2024/07/27,FALSE,,8
INV-100986,ACC-5699,Oscorp Holdings,billing@oscorp.com,LATAM,Education,PRO,Annual,250,USD,"$222,750.00",10,declined,wire,2022-06-04,Nov 19 2024,false,1,0
INV-100441,ACC-9107,Wonka Labs,billing@wonka.com,LATAM,Education,PRO,monthly,100,USD,8910.00,10,PAID,ach,2024-09-05,02/28/2025,false,2,1
INV-102583,ACC-6476,Umbrella LLC,billing@umbrella.com,LATAM,Education, Starter ,Annual,10,USD,4900.00,0,paid,invoice,2021/06/03,2023-09-29,Y,3,8
INV-100253,ACC-5489,Nakatomi Inc,billing@nakatomi.com,APAC,Energy,Enterprise ,annually,100,EUR,"€-274,482.00",15,refunded,ACH,06/19/2022,2023/11/19,TRUE,,0
INV-100703,ACC-6730,Hooli Industries,billing@hooli.com,APAC,Travel,Tier 1,yearly,5,USD,1838,25,Paid,invoice,10/06/2022,2024-06-25,No,5,3
INV-103960,ACC-5599,Hooli Corp,billing@hooli.com,APAC,Education,Start,yearly,10,USD,4900.00,0,declined,Wire Transfer,11/10/2022,2024-01-21,false,4,0
INV-104299,ACC-7198,Vandelay Inc,,APAC,Manufacturing,Starter,Monthly,10,EUR,529.20,0,error,ACH,12/07/2021,2024-05-19,0,1,0
INV-102757,ACC-4119,Soylent Labs,billing@soylent.com,APAC,Travel,STARTER,yearly,25,USD,12250.00,0,PAID,Wire Transfer,2024-02-16,07/04/2024,0,,8
INV-100893,ACC-9677,Globex Corp,billing@globex.com,EMEA,Media,Professional,Monthly,50,GBP,"£5,343.52",15,void,Wire Transfer,2024-05-18,2024-06-27,FALSE,3,0
INV-104203,ACC-9470,Stark Group,billing@stark.com,APAC,Retail,enterprise ,monthly,50,USD,-12707.50,15,refunded,invoice,2022-07-04,11/16/2024,1,4,0
INV-102345,ACC-2687,Acme Holdings,billing@acme.com,LATAM,Energy, Starter ,annual,25,USD,12250.00,0,Paid,wire,2024/02/29,04/09/2026,false,1,0
INV-102246,ACC-8575,Massive Dynamic Co,billing_at_massive.com,NA,,Start,monthly,3,USD,132.30,10,paid,wire,2022-11-03,2023-03-19,true,1,2
INV-101333,ACC-4517,Acme Industries,billing@acme.com,NA,Healthcare, Starter ,monthly,3,USD,$132.30,10,Pending,wire,2023-02-27,10-08-2023,FALSE,1,0
INV-103300,ACC-6709,Cyberdyne Corp,billing@cyberdyne.com,NA,Healthcare,starter,Monthly,10,USD,490.00,0,Complete,wire,02/10/2021,2023/03/30,0,,2
INV-102690,ACC-6193,Gekko Co,billing@gekko.com,LATAM,Gaming,Start,Annual,10,USD,3675.00,25,PENDING,Credit Card,2022/12/29,2025/07/10,N,5,0
INV-101910,ACC-6729,Globex Industries,billing@globex.com,APAC,Energy,enterprise ,Monthly,10,USD,"$2,392.00",20,paid,credit_card,06-10-2022,07/09/2023,No,5,1
INV-104263,ACC-9855,Pied Piper LLC,billing@pied.com,EMEA,Logistics,Pro,yearly,25,USD,18562.50,25,declined,invoice,05/17/2021,2023-07-16,FALSE,2,5
INV-102238,ACC-1493,Acme Ltd,billing@acme.com,APAC,Energy, Starter ,Annual,250,USD,110250.00,10,completed,ach,02/04/2021,09/04/2023,1,1,0
INV-104000,ACC-9318,Aperture LLC,billing@aperture.com,APAC,Education,Tier 1,Annual,50,USD,"$20,825.00",15,completed,,2022-08-04,2024-04-11,No,1,0
INV-102659,ACC-6628,Soylent Holdings,billing@soylent.com,APAC,Logistics,Pro ,monthly,3,USD,$297.00,0,success,Credit Card,2022-07-07,2022-12-27,Y,4,0
INV-101188,ACC-4555,Wonka LLC,billing@wonka.com,LATAM,Manufacturing,Tier 1,monthly,250,USD,12250.00,0,canceled,,09/29/2022,2023-03-14,No,4,0
INV-104762,ACC-1980,Pied Piper Co,billing@pied.com,LATAM,Fintech,Tier 2,Annual,3,USD,2970.00,0,Complete,invoice,2024-10-26,Jun 8 2026,false,5,0
INV-104459,ACC-3135,Oscorp LLC,billing@oscorp.com,EMEA,Retail,Tier 2,Monthly,250,USD,"24,750.00 USD",0,completed,,2021/01/05,2021/03/05,TRUE,3,2
INV-100146,ACC-9468,Wayne Inc,billing@wayne.com,EMEA,Manufacturing,ENT,yearly,250,USD,-747500.00,0,Refunded,Credit Card,2021-06-18,2024/02/13,1,5,5
INV-100663,ACC-3230,Gekko Inc,billing@gekko.com,APAC,Gaming,Starter,Monthly,100,USD,"$3,675.00",25,pending,ach,2022/06/10,2024-12-23,N,2,0
INV-101363,ACC-2352,Oscorp Industries,billing@oscorp.com,NA,, Starter ,Monthly,25,USD,918.75,25,FAILED,wire,Jun 5 2023,17-02-2024,N,3,0
INV-101571,ACC-8270,Vandelay Corp,billing@vandelay.com,EMEA,Energy,STARTER,Monthly,10,USD,490.00,0,Complete,,04/18/2021,2022-01-04,FALSE,1,1
INV-103028,ACC-5434,Gekko Inc,billing@gekko.com,NA,Travel,Professional,annual,50,GBP,62865.00,0,Paid,ACH,08/05/2023,03/20/2026,true,2,1
INV-101012,ACC-8304,Aperture Inc,billing@aperture.com,APAC,Media,Pro,annual,100,USD,-99000.00,0,refunded,ACH,2021-05-13,08/23/2022,0,4,1
INV-103446,ACC-5017,Dunder Labs,billing@dunder.com,EMEA,Logistics,STARTER,monthly,250,USD,12250.00,0,declined,Credit Card,2022-09-10,2024-06-24,No,5,1
INV-102020,ACC-3278,Hooli Group,billing@hooli.com,LATAM,Gaming,ENT,Annual,5,USD,-14950.00,0,Refunded,credit_card,2021-06-10,11/19/2021,false,2,0
INV-100712,ACC-5437,Acme Group,billing@acme.com,EMEA,,pro,Monthly,1,USD,84.15,15,canceled,,2021/02/03,2021/05/07,No,3,0
INV-102155,ACC-6509,Aperture Industries,billing@aperture.com,EMEA,Energy,Tier 1,monthly,25,EUR,1323.00,0,completed,ACH,25-01-2022,2023/08/05,0,5,0
INV-101876,ACC-9762,Cyberdyne Holdings,billing@cyberdyne.com,LATAM,Logistics,Professional,monthly,5,USD,$495.00,0,PAID,wire,2022-02-18,2022-12-05,No,5,0
INV-103556,ACC-9983,Tyrell Ltd,billing@tyrell.com,EMEA,Energy,Tier 1,monthly,1,USD,$49.00,0,Paid,Credit Card,04/23/2021,07/13/2021,FALSE,5,2
INV-103649,ACC-1381,Gekko Industries,billing@gekko.com,NA,Fintech,PRO,monthly,100,EUR,"10,692.00 EUR",0,failed,Credit Card,2024-03-02,08-04-2024,No,5,0
INV-103254,ACC-7692,Gekko Co,billing@gekko.com,LATAM,Fintech,Enterprise ,monthly,10,USD,2691.00,10,Paid,Wire Transfer,11/09/2021,10/25/2022,FALSE,,0
INV-104635,ACC-4941,Massive Dynamic Co,billing@massive.com,NA,Manufacturing,Tier 3,monthly,10,USD,2990.00,0,Complete,wire,2023-01-18,02/08/2025,false,,1
INV-104105,ACC-1812,Soylent Ltd,billing@soylent.com,NA,Fintech,Professional,Annual,10,EUR,10692.00,0,success,ach,2023-12-23,2026-05-22,false,3,3
INV-101874,ACC-8062,Globex Ltd,billing@globex.com,LATAM,Education,Pro ,monthly,25,USD,"$2,475.00",0,paid,,Nov 28 2023,2025-08-18,FALSE,,1
INV-100006,ACC-4681,Umbrella Group,billing@umbrella.com,EMEA,Gaming,Starter,monthly,250,USD,12250,0,pending,,2021-03-06,08/03/2023,0,5,0
INV-101449,ACC-6746,Tyrell Group,billing@tyrell.com,EMEA,Gaming,Tier 3,yearly,50,GBP,"£189,865.00",0,success,Credit Card,19-10-2023,Jul 17 2024,false,4,0
INV-100284,ACC-6864,Aperture Partners,billing@aperture.com,APAC,Manufacturing, Starter ,Monthly,1,USD,49.00,0,paid,Wire Transfer,2021-02-10,03/28/2023,N,4,0
INV-102154,ACC-6622,Tyrell Group,billing@tyrell.com,APAC,Manufacturing,Start,Monthly,5,GBP,280.04,10,paid,ach,2024-05-06,2026/08/07,N,5,1
INV-101705,ACC-8815,Hooli Industries,billing@hooli.com,LATAM,Logistics,starter,monthly,10,USD,$490.00,0,paid,wire,05/19/2024,2026/08/29,0,4,0
INV-100774,ACC-7548,Hooli Inc,billing_at_hooli.com,LATAM,Manufacturing,PRO,monthly,10,USD,891.00,10,in_review,wire,01/25/2024,Aug 10 2025,TRUE,3,0
INV-100954,ACC-4686,Oscorp Industries,billing@oscorp.com,EMEA,Education,Enterprise,Monthly,1,USD,299,0,paid,Credit Card,Apr 16 2023,2023-09-13,FALSE,2,2
INV-102712,ACC-2373,Cyberdyne Corp,billing@cyberdyne.com,APAC,Fintech,Pro,Monthly,5,USD,495.00,0,Complete,credit_card,2022-05-22,12/18/2023,1,5,0
INV-102198,ACC-8694,Umbrella Ltd,billing@umbrella.com,NA,Gaming,Enterprise,Annual,5,EUR,"€16,146.00",0,Complete,ach,2022-04-19,2022-07-19,FALSE,4,2
INV-101038,ACC-5193,Dunder Inc,billing@dunder.com,LATAM,Gaming,STARTER,monthly,10,USD,441,10,cancelled,invoice,2022-09-12,2025-06-01,TRUE,4,5
INV-100279,ACC-8278,Vandelay Group,billing@vandelay.com,NA,Gaming,Tier 1,annual,25,USD,12250.00,0,VOID,wire,2023/04/30,2023-05-24,0,4,0
INV-104979,ACC-1166,Wonka LLC,billing_at_wonka.com,EMEA,Logistics,Pro,yearly,50,USD,"49,500.00 USD",0,PAID,Wire Transfer,2023-04-16,2024-01-07,No,5,2
INV-100330,ACC-4748,Nakatomi Ltd,billing@nakatomi.com,LATAM,Retail,Starter,annually,10,EUR,4762.80,10,paid,ACH,07/11/2021,12/27/2021,N,2,0
INV-103130,ACC-8715,Tyrell Labs,billing@tyrell.com,APAC,Logistics, Starter ,Monthly,25,USD,"1,225.00 USD",0,Complete,wire,2021-10-13,Nov 27 2023,N,2,0
INV-101283,ACC-6096,Oscorp Partners,billing@oscorp.com,APAC,Retail,starter,Monthly,50,EUR,2646.00,0,Paid,wire,11-10-2022,2024-04-11,FALSE,4,0
INV-103653,ACC-9759,Nakatomi Industries,billing@nakatomi.com,APAC,Education,ENT,monthly,100,USD,29900.00,0,Complete,wire,2022/05/31,09/29/2023,FALSE,3,5
INV-102771,ACC-1710,Dunder Corp,billing@dunder.com,NA,Media,STARTER,Annual,50,USD,24500.00,0,in_review,wire,2021-11-01,09/29/2022,FALSE,5,0
INV-102344,ACC-8344,Gekko Corp,billing@gekko.com,EMEA,Healthcare, Starter ,monthly,100,EUR,5292.00,0,completed,ACH,2023/06/25,2023-09-08,Y,3,0
INV-102108,ACC-1903,Hooli Partners,billing@hooli.com,LATAM,Travel,enterprise ,annually,25,EUR,80730.00,0,paid,credit_card,2023/02/23,2024-07-16,N,3,0
INV-102857,ACC-2676,Umbrella Ltd,billing@umbrella.com,EMEA,Travel, Starter ,Monthly,250,USD,12250.00,0,in_review,Wire Transfer,Apr 25 2022,2024-02-02,false,2,0
INV-102938,ACC-1494,Gekko Labs,billing@gekko.com,NA,Gaming, Starter ,annually,25,USD,"$-12,250.00",0,charged_back,Credit Card,02/08/2022,2024-03-02,No,3,2
INV-102942,ACC-6505,Dunder Industries,billing@dunder.com,NA,,Starter,monthly,100,USD,3920.00,20,Complete,ach,2021/09/22,2022/10/09,false,,1
INV-100523,ACC-1462,Acme Corp,billing@acme.com,APAC,,Enterprise ,Monthly,3,USD,$897.00,0,completed,invoice,2021-04-10,2021-12-25,false,5,0
INV-103590,ACC-8198,Stark Inc,billing@stark.com,NA,Energy,pro,Annual,1,GBP,1257.30,0,success,ach,28-07-2024,12/24/2026,N,3,0
INV-103913,ACC-8227,Soylent Industries,billing@soylent.com,APAC,Logistics,ENT,monthly,3,EUR,968.76,0,Paid,ach,2023-08-13,2024-07-18,TRUE,5,1
INV-103415,ACC-6684,Nakatomi Group,billing@nakatomi.com,EMEA,Travel,Pro ,monthly,25,USD,1856.25,25,PAID,Wire Transfer,2023-03-05,2024-01-29,false,4,0
INV-103732,ACC-4786,Vandelay Industries,,APAC,Healthcare,Professional,annual,25,USD,"24,750.00 USD",0,completed,Credit Card,11/06/2022,2024-10-03,No,4,0
INV-102684,ACC-6329,Umbrella Corp,billing@umbrella.com,EMEA,,pro,Monthly,5,EUR,534.60,0,Paid,wire,06/06/2022,03/08/2023,FALSE,4,1
INV-103880,ACC-1210,Cyberdyne Labs,billing@cyberdyne.com,NA,,PRO,Monthly,100,USD,"$9,900.00",0,Complete,wire,02/24/2022,05/13/2023,false,4,3
INV-103286,ACC-4522,Vandelay Group,billing@vandelay.com,APAC,Logistics,ENT,yearly,50,USD,"$149,500.00",0,PAID,invoice,2021/09/06,Feb 6 2022,FALSE,5,1
INV-101134,ACC-9104,Wayne Industries,billing@wayne.com,APAC,Media,STARTER,annual,25,EUR,"€13,230.00",0,success,Wire Transfer,Jul 12 2024,08/12/2025,TRUE,2,1
INV-102891,ACC-7827,Aperture Partners,billing@aperture.com,NA,Manufacturing,Professional,Annual,1,USD,990.00,0,PENDING,ach,2024-06-17,2026-03-23,false,5,0
INV-101118,ACC-1439,Stark Industries,billing@stark.com,NA,Gaming,Tier 2,Annual,250,USD,"$247,500.00",0,Paid,Credit Card,23-06-2023,2025-07-16,0,2,1
INV-104432,ACC-8622,Umbrella Holdings,billing@umbrella.com,LATAM,Logistics,PRO,Monthly,25,USD,2475.00,0,Paid,Wire Transfer,10/08/2021,06/28/2024,Yes,4,2
INV-100823,ACC-7016,Prestige Co,billing@prestige.com,APAC,Media,PRO,Monthly,1,EUR,106.92,0,completed,ACH,01-09-2021,27-08-2022,FALSE,5,0
INV-100068,ACC-8225,Vandelay Inc,billing@vandelay.com,LATAM,Gaming,starter,Monthly,50,USD,2082,15,Complete,,May 8 2021,2023-04-30,Yes,3,3
INV-101359,ACC-8498,Nakatomi Co,billing@nakatomi.com,NA,Travel,Professional,annually,10,EUR,"10,692.00 EUR",0,PAID,wire,2022-09-04,2023/08/08,false,,0
INV-102937,ACC-9019,Oscorp Group,billing@oscorp.com,LATAM,Fintech,Tier 1,monthly,25,USD,1225,0,Complete,wire,2021-10-13,02/12/2024,No,3,5
INV-102159,ACC-8107,Globex Corp,billing@globex.com,EMEA,Travel,Starter,Monthly,10,USD,416.50 USD,15,PENDING,credit_card,2023-10-03,2025/01/24,No,3,0
INV-103790,ACC-4268,Globex Industries,billing@globex.com,NA,,Professional,monthly,3,EUR,320.76,0,Complete,ACH,09/24/2024,01/07/2027,false,3,0
INV-101122,ACC-9400,Stark Industries,billing@stark.com,NA,Logistics,Start,monthly,10,USD,392.00,20,completed,,2021-10-06,15-10-2023,N,3,0
INV-104788,ACC-1904,Hooli Inc,billing@hooli.com,LATAM,Education,Professional,Monthly,250,EUR,20047.50,25,completed,Wire Transfer,2023-01-08,2025/09/01,No,5,0
INV-102296,ACC-6326,Soylent Group,billing@soylent.com,EMEA,Manufacturing,Professional,Annual,250,EUR,"€267,300.00",0,Paid,wire,06/27/2024,07/30/2025,Y,3,0
INV-101316,ACC-5047,Umbrella Industries,billing@umbrella.com,EMEA,Manufacturing,Tier 2,Annual,5,USD,3712.50,25,Paid,,12/10/2022,2023/02/08,N,2,0
INV-103559,ACC-2406,Gekko Inc,billing@gekko.com,EMEA,Fintech,Starter,monthly,25,GBP,1555.75,0,Complete,ACH,21-03-2024,2025-07-19,FALSE,,5
INV-101650,ACC-8057,Oscorp Inc,billing@oscorp.com,APAC,Media,Tier 1,Annual,25,USD,"$11,025.00",10,Paid,credit_card,04/21/2022,2022-08-20,false,,8
INV-100105,ACC-3877,Globex Holdings,billing@globex.com,NA,Logistics, Starter ,monthly,5,USD,220.50,10,completed,Credit Card,2022-06-15,02-12-2022,false,4,0
INV-104183,ACC-7337,Stark Corp,billing@stark.com,LATAM,Media,Start,yearly,1,USD,490.00,0,PAID,Wire Transfer,2021-03-24,2021-08-31,No,2,0
INV-101526,ACC-6853,Vandelay Co,,EMEA,Retail,enterprise ,Monthly,10,USD,"$2,990.00",0,Complete,,07/09/2024,2026-01-23,false,4,0
INV-102683,ACC-1610,Wayne Ltd,billing@wayne.com,APAC,Energy,enterprise,Monthly,10,EUR,"3,229.20 EUR",0,PENDING,ACH,08/09/2023,04/30/2026,N,1,0
INV-103696,ACC-6300,Initech Group,billing@initech.com,LATAM,Logistics,Tier 2,Monthly,5,USD,$495.00,0,completed,wire,07/02/2024,2026-12-31,0,4,0
INV-100352,ACC-5410,Globex Group,billing@globex.com,LATAM,Logistics,Tier 1,annual,1,USD,$490.00,0,PAID,Credit Card,2023-01-01,Feb 8 2025,N,,2
INV-102078,ACC-1031,Soylent Group,billing_at_soylent.com,EMEA,Travel,Enterprise,monthly,250,USD,-63537.50,15,charged_back,ach,09/04/2021,Nov 11 2023,false,4,0
INV-102980,ACC-9331,Gekko Inc,billing@gekko.com,APAC,Energy,PRO,monthly,250,USD,22275.00,10,success,ach,2021-01-30,2023-09-02,No,4,1
INV-103809,ACC-5246,Cyberdyne Co,billing@cyberdyne.com,LATAM,Fintech,Start,yearly,3,USD,1470.00,0,Complete,ach,2023-05-22,2024/03/05,0,4,0
INV-102237,ACC-6820,Nakatomi Holdings,billing@nakatomi.com,APAC,Retail,starter,annual,5,EUR,2646.00,0,cancelled,wire,2024-05-09,2025-06-24,N,4,0
INV-104284,ACC-5222,Stark Industries,billing@stark.com,LATAM,Logistics,Starter,annually,50,USD,24500.00,0,success,ACH,2021-12-25,01/26/2023,FALSE,5,0
INV-104582,ACC-1007,Oscorp Ltd,billing@oscorp.com,EMEA,Gaming,enterprise,annually,3,EUR,"€9,687.60",0,PAID,,2023-02-05,2023-03-14,TRUE,2,0
INV-101696,ACC-1693,Dunder Labs,billing@dunder.com,APAC,Retail,STARTER,Annual,25,EUR,13230.00,0,error,Wire Transfer,2024-07-01,03/24/2027,No,,0
INV-104715,ACC-5079,Oscorp Partners,billing@oscorp.com,APAC,Fintech,starter,yearly,100,USD,44100.00,10,void,ach,2024-03-12,2025-05-25,No,1,0
INV-101836,ACC-8219,Hooli Inc,billing@hooli.com,APAC,Retail,Tier 1,Annual,3,EUR,"1,587.60 EUR",0,paid,credit_card,2024-03-04,2025-06-21,false,5,0
INV-103370,ACC-5157,Gekko LLC,billing@gekko.com,EMEA,Media,STARTER,annual,1,USD,416.50,15,PAID,ach,2023/12/04,Sep 16 2024,N,4,2
INV-102160,ACC-4092,Stark Industries,billing@stark.com,APAC,Media,pro,Annual,1,USD,$990.00,0,paid,ach,2024-03-07,2025-10-03,false,3,0
INV-102641,ACC-6820,Wonka Corp,billing_at_wonka.com,APAC,Gaming,STARTER,Monthly,10,USD,490,0,Pending,ach,06/21/2021,2024-01-21,true,4,0
INV-101447,ACC-4195,Dunder Partners,billing@dunder.com,NA,Gaming,STARTER,monthly,50,USD,"$2,082.50",15,completed,Wire Transfer,2022-08-12,10/28/2022,0,5,0
INV-104829,ACC-3375,Umbrella Inc,billing@umbrella.com,NA,Retail,Tier 2,monthly,3,EUR,€320.76,0,cancelled,invoice,2021-02-08,2022-11-14,false,5,1
INV-102193,ACC-8617,Acme Co,billing@acme.com,LATAM,Travel,Starter,Monthly,250,USD,12250.00,0,completed,wire,2022-02-20,2024/10/23,0,5,0
INV-102995,ACC-9599,Hooli Group,billing@hooli.com,APAC,Fintech,pro,yearly,3,EUR,3208,0,success,ach,2023/01/25,2024-01-15,FALSE,5,0
INV-104439,ACC-1205,Vandelay Corp,billing@vandelay.com,EMEA,Manufacturing,starter,Annual,25,GBP,"£15,557.50",0,Complete,ACH,05/27/2022,02/10/2025,false,5,1
INV-101950,ACC-9482,Acme Inc,billing@acme.com,EMEA,Retail, Starter ,Monthly,10,EUR,529,0,completed,,2021/06/04,2023-05-22,No,,0
INV-104433,ACC-1952,Umbrella Corp,billing@umbrella.com,APAC,Logistics,pro,annual,1,USD,990.00,0,PAID,,2024-06-10,2026-10-13,false,4,5
INV-103406,ACC-7457,Initech Ltd,billing@initech.com,NA,Travel,Tier 1,Monthly,3,USD,$147.00,0,Paid,ACH,2021-10-25,2022-07-15,0,,1
INV-100322,ACC-2594,Prestige Labs,billing@prestige.com,NA,Logistics,Tier 1,yearly,1,USD,$490.00,0,Complete,ACH,2022-08-20,23-02-2025,TRUE,3,0
INV-102059,ACC-4265,Wayne Partners,billing@wayne.com,APAC,,Tier 3,yearly,5,USD,14950.00,0,paid,ach,2024/07/19,2026-06-13,No,3,2
INV-104750,ACC-9002,Gekko Holdings,billing@gekko.com,APAC,Media,enterprise ,annual,25,USD,63537.50,15,Complete,ach,2023-09-30,Jan 22 2024,Yes,3,0
INV-103506,ACC-1544,Vandelay Ltd,billing@vandelay.com,APAC,Travel,Start,monthly,5,USD,220.50,10,in_review,credit_card,2023-12-14,2025-08-07,TRUE,4,0
INV-100830,ACC-7865,Globex Group,billing@globex.com,EMEA,Media,Tier 1,monthly,5,USD,245.00 USD,0,error,wire,2021-05-26,2023-01-20,N,5,2
INV-103832,ACC-1387,Stark Partners,billing@stark.com,NA,Energy,Tier 2,annually,25,USD,"24,750.00 USD",0,failed,ACH,2023-02-03,2024/02/11,FALSE,2,0
INV-101804,ACC-2925,Vandelay Inc,billing@vandelay.com,LATAM,Energy,Starter,annually,50,EUR,"€26,460.00",0,PAID,ach,2024-03-05,2024/11/08,FALSE,4,1
INV-104554,ACC-5053,Soylent Labs,,LATAM,Manufacturing,Tier 1,Monthly,5,USD,245.00 USD,0,Failed,invoice,2023-08-21,2024/07/11,1,,0
INV-100924,ACC-9993,Pied Piper Co,billing@pied.com,NA,Healthcare,Starter,Monthly,1,EUR,42,20,Complete,invoice,16-12-2023,11/25/2025,0,,0
INV-101078,ACC-2622,Soylent Co,billing_at_soylent.com,NA,Healthcare,Professional,Monthly,50,USD,"$4,950.00",0,success,Credit Card,2021/02/18,2022-11-16,0,,0
INV-100965,ACC-2871,Initech Ltd,billing@initech.com,LATAM,Travel,Tier 1,Monthly,50,USD,2205.00,10,completed,ACH,2023-12-03,2025-10-04,No,5,0
INV-104449,ACC-9860,Initech Holdings,billing@initech.com,EMEA,Media,starter,monthly,250,EUR,11907.00,10,success,wire,2021-10-10,2021-11-09,0,5,5
INV-102475,ACC-2715,Hooli Ltd,billing@hooli.com,LATAM,Logistics,Enterprise ,Monthly,25,USD,7475.00,0,completed,credit_card,2021-02-07,2022-04-24,0,,0
INV-103773,ACC-7283,Hooli Industries,billing_at_hooli.com,LATAM,Fintech,Tier 1,monthly,25,EUR,"€1,058.40",20,Pending,invoice,2022-12-08,2023-03-05,false,3,0
INV-100637,ACC-2061,Wayne Corp,billing@wayne.com,EMEA,Media,starter,annual,250,USD,122500.00,0,PAID,ach,05/13/2022,Sep 4 2024,FALSE,4,0
INV-102899,ACC-1078,Stark Labs,billing@stark.com,APAC,Manufacturing,Tier 1,annual,5,USD,2205.00,10,PAID,Credit Card,2023-09-23,2025/10/23,0,2,0
INV-102573,ACC-3145,Cyberdyne Industries,billing@cyberdyne.com,APAC,,PRO,annual,10,EUR,"8,553.60 EUR",20,paid,ACH,12/21/2021,01/12/2024,FALSE,4,0
INV-101732,ACC-4643,Gekko Holdings,billing@gekko.com,NA,Logistics,pro,Monthly,1,EUR,€90.88,15,success,,2023/06/27,Nov 28 2024,0,5,1
INV-101465,ACC-7008,Initech Industries,billing@initech.com,EMEA,Fintech,Professional,Monthly,3,USD,297.00,0,success,credit_card,Apr 3 2021,2021-05-16,Y,4,1
INV-103494,ACC-6438,Massive Dynamic Co,billing@massive.com,EMEA,Education,ENT,annual,25,USD,"$74,750.00",0,success,wire,2024-04-24,2024-06-07,false,4,0
INV-100878,ACC-1013,Wonka Partners,billing@wonka.com,APAC,Healthcare,starter,Monthly,10,GBP,£560.07,10,success,,06/21/2021,07/08/2022,No,4,0
INV-103700,ACC-2023,Oscorp Group,billing@oscorp.com,NA,Logistics,starter,Monthly,5,USD,$183.75,25,Paid,wire,2021/03/26,2022-05-12,Y,5,8
INV-103483,ACC-2948,Prestige Ltd,billing@prestige.com,APAC,Logistics, Starter ,Monthly,250,USD,9187.50,25,Pending,Credit Card,Jan 8 2022,01/30/2024,FALSE,1,0
INV-104952,ACC-6187,Dunder LLC,billing@dunder.com,APAC,Manufacturing,Starter,annual,250,GBP,116681.25,25,Complete,ach,01/11/2022,2022-10-07,0,5,8
INV-103723,ACC-2747,Umbrella Holdings,billing@umbrella.com,APAC,Gaming,Tier 1,Annual,25,EUR,13230.00,0,failed,ACH,2024-06-23,2026-03-03,FALSE,4,0
INV-102333,ACC-7668,Dunder Corp,billing@dunder.com,EMEA,Logistics,Pro ,monthly,250,USD,"$19,800.00",20,PAID,Wire Transfer,12-08-2024,11/16/2026,0,5,5
INV-103970,ACC-5431,Massive Dynamic Inc,billing@massive.com,LATAM,Logistics, Starter ,Monthly,1,USD,49,0,Paid,ACH,2024-03-19,2025-11-20,N,2,0
INV-101314,ACC-4106,Dunder Holdings,billing@dunder.com,LATAM,Retail,PRO,annually,1,USD,990.00,0,awaiting,wire,May 21 2022,2025-01-09,false,1,0
INV-102282,ACC-4784,Prestige LLC,billing@prestige.com,EMEA,Media,enterprise ,Annual,50,EUR,161460.00,0,paid,invoice,03/31/2022,2024-08-16,N,3,2
INV-102581,ACC-4105,Prestige LLC,billing@prestige.com,LATAM,Gaming,STARTER,Monthly,250,USD,"$12,250.00",0,completed,ACH,02/12/2022,2023-09-04,false,4,0
INV-101199,ACC-2178,Prestige Labs,billing@prestige.com,LATAM,Fintech,STARTER,annually,3,GBP,"£1,866.90",0,PAID,credit_card,02/12/2024,03/07/2024,0,,3
INV-104253,ACC-7152,Oscorp Holdings,billing@oscorp.com,APAC,Retail,Start,Monthly,100,EUR,5292.00,0,Paid,credit_card,06/25/2022,2024-03-16,N,4,5
INV-103527,ACC-4264,Tyrell Holdings,billing@tyrell.com,APAC,Healthcare,Starter,yearly,50,USD,24500.00,0,success,wire,2024-06-08,2025-01-06,false,5,0
INV-102204,ACC-9539,Soylent Industries,billing@soylent.com,LATAM,,Tier 3,monthly,10,USD,2990.00,0,Complete,Wire Transfer,2023-03-04,2024-02-22,FALSE,5,1
INV-104605,ACC-4580,Oscorp Ltd,billing@oscorp.com,EMEA,Travel,Pro ,yearly,1,USD,$990.00,0,Paid,invoice,2021-09-17,2022/12/15,No,5,0
INV-103430,ACC-4414,Pied Piper Holdings,billing@pied.com,EMEA,Energy,Pro,monthly,5,USD,495.00,0,in_review,ach,Feb 11 2023,21-11-2023,false,5,0
INV-103741,ACC-8836,Vandelay LLC,billing@vandelay.com,APAC,Energy,starter,Monthly,1,USD,49.00,0,void,invoice,2022-07-15,2023-12-12,false,4,5
INV-101997,ACC-8353,Initech Co,billing@initech.com,NA,Gaming,Start,monthly,1,USD,49.00,0,paid,,03/03/2024,2025-07-14,Y,5,1
INV-102403,ACC-1560,Globex Co,billing@globex.com,APAC,Manufacturing,pro,Monthly,10,USD,842,15,Complete,credit_card,2023-08-25,2025/12/09,No,5,0
INV-103835,ACC-3435,Stark Co,billing@stark.com,APAC,Retail,enterprise ,monthly,5,EUR,"€1,614.60",0,PENDING,Credit Card,2024/03/05,04/22/2024,TRUE,1,0
INV-101749,ACC-6445,Tyrell Holdings,billing@tyrell.com,APAC,Healthcare,Pro ,Monthly,5,USD,495.00,0,canceled,ACH,2024-06-26,2026/09/22,No,5,0
INV-104233,ACC-5205,Cyberdyne Group,billing@cyberdyne.com,LATAM,Media,Pro,annual,50,USD,"49,500.00 USD",0,paid,invoice,Oct 14 2021,2024-04-10,1,4,0
INV-104332,ACC-4231,Nakatomi Labs,billing@nakatomi.com,NA,Energy,pro,Annual,5,USD,"4,950.00 USD",0,success,credit_card,2021-12-29,2022-07-11,0,4,0
INV-101206,ACC-4255,Prestige Group,billing@prestige.com,NA,Energy,PRO,monthly,50,EUR,5346.00,0,Complete,wire,2022-09-13,2025-06-08,0,1,2
INV-101672,ACC-9794,Wayne Ltd,billing@wayne.com,NA,Retail,Starter,Annual,10,USD,4165.00,15,success,,Sep 30 2022,11/21/2023,true,4,2
INV-101419,ACC-8077,Soylent Inc,billing@soylent.com,APAC,Manufacturing,Start,annually,50,USD,"$24,500.00",0,success,invoice,Jul 23 2022,12/30/2022,false,2,3
INV-100852,ACC-5214,Wonka Partners,billing@wonka.com,APAC,Manufacturing,Enterprise,monthly,5,EUR,1372.41,15,completed,Credit Card,2021-06-02,04/09/2023,FALSE,2,0
INV-100208,ACC-8917,Globex Partners,billing@globex.com,NA,Gaming,Pro,monthly,100,EUR,10692.00,0,PAID,credit_card,Jun 10 2021,11/27/2022,false,2,0
INV-103884,ACC-8719,Umbrella Industries,billing@umbrella.com,LATAM,Healthcare,Tier 1,monthly,100,USD,"$3,675.00",25,completed,ACH,2023-09-22,Aug 31 2024,FALSE,4,0
INV-104507,ACC-1618,Umbrella Holdings,billing@umbrella.com,LATAM,Logistics,Tier 1,Annual,3,GBP,1866.90,0,Paid,wire,01/21/2022,2024-04-30,N,4,0
INV-102018,ACC-3013,Cyberdyne Partners,billing@cyberdyne.com,NA,Media,starter,monthly,25,GBP,1556,0,Complete,credit_card,01/18/2024,2026-06-14,0,3,0
INV-102613,ACC-9327,Wayne LLC,billing@wayne.com,LATAM,Manufacturing,starter,annual,50,USD,-24500.00,0,REFUND,,2024-05-09,12/21/2024,No,3,5
INV-103575,ACC-9674,Nakatomi Co,billing@nakatomi.com,EMEA,Media,Tier 1,Annual,250,USD,122500.00,0,Paid,ACH,2021-08-06,2023-10-09,0,5,5
INV-103820,ACC-1760,Nakatomi Industries,billing@nakatomi.com,APAC,Education,STARTER,Monthly,25,USD,"1,225.00 USD",0,error,ach,02/09/2023,2023-08-04,N,,0
INV-101230,ACC-9432,Initech Group,billing@initech.com,LATAM,Logistics,STARTER,yearly,250,USD,110250.00,10,PAID,invoice,11/03/2022,2024-06-23,No,4,2
INV-101747,ACC-3776,Pied Piper Ltd,billing@pied.com,NA,Healthcare,Tier 1,Annual,10,EUR,5292.00,0,paid,Wire Transfer,11/06/2021,Nov 16 2023,0,5,0
INV-103084,ACC-5104,Prestige Partners,billing@prestige.com,APAC,Media,enterprise,Monthly,10,EUR,"€2,744.82",15,PENDING,Credit Card,2022-12-31,2024-11-07,N,5,0
INV-102650,ACC-4947,Oscorp Industries,billing@oscorp.com,APAC,Education,pro,Monthly,100,EUR,8553.60,20,awaiting,ACH,01/25/2021,2023/04/16,FALSE,,2
INV-102360,ACC-3385,Umbrella Co,billing@umbrella.com,LATAM,Gaming,pro,Monthly,50,EUR,5346.00,0,PAID,Credit Card,2024-01-20,2024/11/19,false,1,1
INV-104385,ACC-1391,Cyberdyne LLC,billing@cyberdyne.com,EMEA,Manufacturing,Tier 1,yearly,10,USD,4900.00,0,success,Credit Card,22-04-2024,16-10-2026,N,,0
INV-101612,ACC-4055,Gekko Labs,billing@gekko.com,APAC,Gaming,Tier 3,annually,1,GBP,3797.30,0,PAID,ach,07/17/2021,2022-08-18,N,5,1
INV-102142,ACC-1752,Vandelay Co,billing@vandelay.com,NA,Healthcare,Enterprise,monthly,5,USD,1495.00,0,success,ACH,03/22/2022,Apr 17 2024,false,5,0
INV-101289,ACC-3376,Wonka Corp,billing@wonka.com,NA,Media,ENT,monthly,1,USD,239.20,20,success,invoice,2023-09-02,2024-10-02,true,4,0
INV-101471,ACC-9195,Wayne Industries,billing@wayne.com,LATAM,Education,pro,annually,50,USD,"$44,550.00",10,completed,ach,2021-08-23,12/26/2023,No,5,0
INV-103456,ACC-3267,Nakatomi Group,billing@nakatomi.com,APAC,Fintech,STARTER,annual,250,USD,"122,500.00 USD",0,success,Credit Card,2022-01-22,05/22/2023,No,5,0
INV-104512,ACC-2596,Oscorp Holdings,billing@oscorp.com,EMEA,Logistics,Pro ,annual,25,USD,24750.00,0,paid,ach,2023-07-31,12/10/2025,No,1,0
INV-101331,ACC-1127,Massive Dynamic Inc,billing@massive.com,EMEA,Gaming,Pro ,Monthly,3,USD,252.45,15,Paid,Wire Transfer,Dec 23 2021,2024-08-10,0,4,1
INV-103485,ACC-1674,Aperture Ltd,billing@aperture.com,NA,,Start,Monthly,1,USD,$-49.00,0,charged_back,,2024-08-12,2025-03-11,N,3,5
INV-102538,ACC-7091,Oscorp Corp,,LATAM,, Starter ,Monthly,3,GBP,186.69 GBP,0,failed,Credit Card,2021-04-13,09/16/2022,N,4,0
INV-103563,ACC-2049,Cyberdyne Co,,APAC,Education,Tier 2,yearly,5,USD,4950.00,0,paid,,05/11/2023,01/06/2024,0,3,0
INV-101540,ACC-2675,Dunder Partners,billing@dunder.com,APAC,Education,Starter,annually,25,USD,12250.00,0,Complete,ach,2023-12-29,2026/05/28,N,2,0
INV-101135,ACC-2010,Tyrell Corp,billing@tyrell.com,APAC,,enterprise ,monthly,250,USD,74750.00,0,paid,ACH,01/14/2022,2022-04-18,N,4,0
INV-103954,ACC-8752,Tyrell Industries,billing@tyrell.com,EMEA,,enterprise,annual,5,USD,14950,0,Complete,credit_card,11/07/2022,2024-11-19,N,,2
INV-104466,ACC-5474,Pied Piper Co,billing_at_pied.com,LATAM,Energy,pro,monthly,25,USD,"$2,475.00",0,failed,Credit Card,10/04/2024,2025-01-01,TRUE,4,0
INV-101798,ACC-8991,Stark Group,billing@stark.com,EMEA,Travel,pro,Annual,50,USD,42075.00,15,Complete,credit_card,2023-06-15,06/28/2024,N,4,2
INV-101790,ACC-6985,Globex Corp,billing@globex.com,LATAM,Manufacturing,Pro ,annual,250,USD,"$247,500.00",0,Paid,ach,2021-02-19,2021-12-21,false,4,5
INV-104023,ACC-1329,Prestige LLC,billing@prestige.com,APAC,Travel,pro,monthly,1,USD,74.25 USD,25,PAID,,2023/10/31,01/11/2025,0,4,3
INV-102261,ACC-2234,Dunder Partners,billing@dunder.com,NA,Travel,Professional,Monthly,10,EUR,1069.20,0,PAID,ach,Dec 6 2022,12/09/2022,No,3,3
INV-102758,ACC-5943,Nakatomi Ltd,billing@nakatomi.com,APAC,Energy,Professional,yearly,100,USD,99000.00,0,Paid,ach,2024-03-31,07/15/2026,FALSE,3,8
INV-101105,ACC-6105,Prestige Partners,,EMEA,Manufacturing,enterprise,Monthly,10,USD,2691.00,10,canceled,ACH,May 7 2021,2022-01-31,N,,5
INV-103041,ACC-8142,Umbrella Partners,billing@umbrella.com,EMEA,Gaming,STARTER,monthly,50,USD,2450.00,0,Complete,credit_card,2024-03-05,2025/08/20,N,5,3
INV-100139,ACC-6592,Wonka Inc,billing@wonka.com,LATAM,Manufacturing, Starter ,annual,10,USD,"$4,165.00",15,Paid,Wire Transfer,2023-04-19,2023-08-06,N,3,3
INV-102197,ACC-8491,Nakatomi Labs,billing@nakatomi.com,NA,Travel,Start,Annual,10,USD,"$4,900.00",0,Paid,credit_card,08/02/2022,01/19/2024,false,,0
INV-102627,ACC-7250,Acme Industries,billing@acme.com,NA,Retail, Starter ,annual,10,USD,"$3,675.00",25,success,Wire Transfer,11/23/2023,2025-05-16,false,4,1
INV-100869,ACC-4251,Cyberdyne Inc,billing@cyberdyne.com,EMEA,Manufacturing,Start,yearly,3,EUR,1587.60,0,awaiting,wire,2021-03-18,11/04/2022,No,5,0
INV-103891,ACC-9224,Umbrella Industries,billing@umbrella.com,APAC,Manufacturing,Pro,annually,10,EUR,9622.80,10,void,Wire Transfer,14-07-2024,05/18/2026,FALSE,2,0
INV-101041,ACC-2347,Hooli Inc,,APAC,Education,Professional,annually,25,GBP,"31,432.50 GBP",0,PAID,Wire Transfer,06/22/2024,2024-11-09,false,2,0
INV-103675,ACC-5907,Stark Holdings,billing@stark.com,EMEA,Energy,Starter,annual,10,USD,4900.00,0,Complete,credit_card,2022-06-27,Mar 14 2023,false,,1
INV-102470,ACC-5505,Prestige Inc,billing@prestige.com,NA,Healthcare,Start,annual,10,EUR,4234,20,Pending,credit_card,11-07-2023,2026-03-14,N,5,0
INV-102038,ACC-3370,Hooli Industries,billing@hooli.com,APAC,Fintech,Enterprise ,Monthly,25,EUR,"€7,265.70",10,Void,ACH,2024-10-10,2024/11/28,false,4,2
INV-104805,ACC-7792,Gekko Partners,billing@gekko.com,LATAM,Travel,Enterprise,Monthly,100,USD,29900.00,0,VOID,credit_card,12-08-2024,03/06/2025,0,5,0
INV-104730,ACC-6876,Wonka LLC,billing@wonka.com,LATAM,Logistics,Start,Monthly,25,USD,1225.00,0,Void,Wire Transfer,05/15/2023,12/08/2023,FALSE,3,0
INV-104159,ACC-7736,Oscorp Partners,billing@oscorp.com,APAC,,STARTER,Monthly,1,EUR,39.69,25,Complete,Wire Transfer,Nov 6 2021,2022/02/19,Yes,4,0
INV-100250,ACC-5882,Initech Industries,billing@initech.com,APAC,Energy,Enterprise ,Monthly,25,GBP,9493.25,0,Pending,Credit Card,2024/03/15,2026-04-06,N,2,2
INV-104548,ACC-6971,Dunder LLC,billing@dunder.com,APAC,Logistics,Start,monthly,3,EUR,127.01,20,declined,ACH,06/18/2023,2024-10-12,0,5,0
INV-100416,ACC-2785,Tyrell Co,billing@tyrell.com,EMEA,Retail,PRO,monthly,5,USD,495.00,0,Complete,wire,2021/06/21,2021/11/12,false,5,0
INV-104659,ACC-9567,Tyrell Group,billing@tyrell.com,APAC,Manufacturing,enterprise,yearly,1,USD,2990,0,PAID,,19-07-2022,03/19/2024,Y,3,0
INV-104362,ACC-6860,Oscorp Labs,billing@oscorp.com,EMEA,Fintech,Tier 1,monthly,10,USD,490.00,0,completed,invoice,06/03/2024,Feb 25 2027,1,3,0
INV-102752,ACC-7154,Acme Holdings,billing@acme.com,APAC,Travel,STARTER,yearly,1,USD,416.50,15,awaiting,credit_card,11/23/2022,May 20 2025,No,5,1
INV-100384,ACC-1890,Dunder Co,billing@dunder.com,EMEA,Gaming,STARTER,annual,3,EUR,"€1,587.60",0,success,,2021-05-05,Sep 6 2021,FALSE,5,0
INV-101682,ACC-5476,Aperture Corp,billing@aperture.com,APAC,,PRO,annual,10,USD,9900,0,VOID,,03/23/2021,Apr 29 2022,No,5,0
INV-102458,ACC-4984,Gekko Labs,billing@gekko.com,NA,Manufacturing,Start,monthly,250,USD,"$12,250.00",0,success,ACH,May 22 2022,2023-05-27,No,3,0
INV-100989,ACC-2274,Tyrell Labs,billing@tyrell.com,LATAM,Healthcare, Starter ,annually,250,GBP,155575.00,0,paid,,2022-10-14,2024-03-11,0,5,1
INV-101972,ACC-1358,Prestige Group,billing@prestige.com,EMEA,Fintech,Start,monthly,1,USD,36.75,25,pending,,Sep 24 2024,2026-01-04,0,3,0
INV-104747,ACC-5900,Wonka Holdings,,EMEA,Gaming,Tier 3,annual,10,GBP,37973.00,0,Paid,Wire Transfer,2023-09-13,2024-01-19,Y,5,2
INV-104912,ACC-1805,Dunder Corp,,NA,Education,Professional,annual,10,USD,9900.00,0,Complete,ach,09/04/2021,2023-08-17,No,3,0
INV-101228,ACC-8305,Aperture Ltd,billing@aperture.com,EMEA,Travel,PRO,Annual,10,GBP,12573,0,success,invoice,2021/07/08,10/15/2023,false,4,5
INV-101383,ACC-3061,Tyrell Holdings,billing_at_tyrell.com,APAC,Fintech,Tier 3,Monthly,10,USD,2990.00,0,completed,ACH,2022-02-07,2024-03-21,N,4,0
INV-101214,ACC-7090,Globex Co,billing@globex.com,LATAM,Education, Starter ,Monthly,25,USD,1102.50,10,failed,ACH,Nov 22 2021,2022-06-21,0,1,5
INV-102032,ACC-2847,Gekko Partners,billing@gekko.com,NA,Travel,starter,monthly,50,USD,2450.00,0,paid,credit_card,2024-05-02,2024-11-27,Y,4,1
INV-100493,ACC-7752,Gekko Holdings,billing@gekko.com,EMEA,Education,starter,Monthly,25,GBP,"1,555.75 GBP",0,Complete,ACH,2022-02-27,03/29/2023,FALSE,3,0
INV-100245,ACC-1440,Tyrell Industries,billing@tyrell.com,NA,Media,Pro ,annual,25,USD,24750.00,0,cancelled,Wire Transfer,2024-09-16,05/24/2025,0,4,3
INV-102917,ACC-7333,Oscorp Partners,billing@oscorp.com,APAC,Healthcare,ENT,Monthly,5,USD,1495.00,0,PAID,wire,Oct 20 2024,02/09/2026,N,2,0
INV-104323,ACC-5243,Aperture Corp,billing@aperture.com,APAC,Manufacturing,Pro,Annual,10,USD,9900.00,0,Paid,,2023-05-06,12/19/2023,No,4,1
INV-103530,ACC-7310,Wayne Labs,billing@wayne.com,EMEA,Education,Pro,Annual,5,USD,"$4,950.00",0,PAID,Credit Card,2023-08-31,12/12/2023,0,5,1
INV-101096,ACC-3974,Tyrell Corp,billing@tyrell.com,EMEA,Retail,starter,yearly,10,USD,-4900,0,Refunded,wire,2023-06-06,2025-05-03,false,3,1
INV-100274,ACC-5881,Umbrella Co,billing@umbrella.com,EMEA,Education,Pro,Annual,100,EUR,96228.00,10,canceled,Wire Transfer,07/09/2024,2026-05-21,No,5,0
INV-100373,ACC-6274,Pied Piper Holdings,billing@pied.com,LATAM,Retail,Professional,Monthly,10,EUR,"€1,069.20",0,PENDING,,2022/05/12,2024-03-17,false,3,2
INV-102053,ACC-1215,Vandelay Industries,billing@vandelay.com,APAC,Education,Tier 1,annually,250,USD,"$122,500.00",0,Complete,ACH,2022-12-10,Mar 16 2023,0,4,1
INV-103282,ACC-7456,Initech Labs,billing@initech.com,LATAM,Healthcare,PRO,Annual,1,GBP,1257.30,0,error,ACH,2023/06/12,06/25/2025,FALSE,2,0
INV-101247,ACC-4911,Pied Piper Co,billing@pied.com,NA,Travel,Tier 1,Annual,25,USD,"$12,250.00",0,completed,wire,2023-08-20,09/27/2025,TRUE,4,0
INV-102926,ACC-9184,Wayne Industries,billing@wayne.com,EMEA,Travel,Tier 2,Monthly,100,USD,"7,920.00 USD",20,Paid,credit_card,06/09/2024,2027-02-04,Yes,2,1
INV-103144,ACC-4137,Cyberdyne Holdings,billing@cyberdyne.com,EMEA,Gaming, Starter ,annual,50,USD,24500.00,0,Paid,credit_card,2022/02/25,2023-12-04,N,2,0
INV-101484,ACC-4874,Vandelay Group,billing@vandelay.com,APAC,,STARTER,annually,50,USD,24500,0,PAID,ACH,05-07-2021,2023/12/29,0,,0
INV-102786,ACC-8420,Cyberdyne Inc,billing@cyberdyne.com,NA,Retail,enterprise ,yearly,1,USD,"$2,691.00",10,paid,ACH,2022/03/03,02/09/2024,No,,5
INV-102517,ACC-4690,Umbrella Corp,billing@umbrella.com,APAC,Healthcare,Start,yearly,25,USD,12250,0,success,Credit Card,2024-05-29,2025/07/07,false,3,0
INV-101561,ACC-3636,Initech Holdings,billing@initech.com,LATAM,Healthcare,Start,annual,10,USD,"$4,900.00",0,success,Credit Card,2023-05-27,07/22/2024,0,4,2
INV-102334,ACC-9196,Massive Dynamic Labs,billing@massive.com,LATAM,Media,Start,annual,250,USD,122500.00,0,PAID,ACH,02/13/2022,12/16/2023,FALSE,5,2
INV-100010,ACC-8508,Initech Inc,billing@initech.com,NA,Gaming,Tier 2,monthly,3,USD,$237.60,20,PAID,ACH,2022-05-16,May 29 2023,N,5,0
INV-104725,ACC-8948,Globex Holdings,billing@globex.com,EMEA,Energy,Start,Annual,1,EUR,€529.20,0,Paid,Credit Card,02/22/2024,2025-06-25,0,5,0
INV-100816,ACC-8596,Vandelay Group,billing@vandelay.com,EMEA,Healthcare, Starter ,annually,1,USD,490.00,0,completed,Wire Transfer,2021-03-03,30-09-2021,N,5,0
INV-101029,ACC-6103,Initech Co,billing@initech.com,APAC,Gaming,STARTER,Monthly,50,USD,"$-2,450.00",0,refunded,,07/01/2021,2021-12-02,FALSE,3,2
INV-100865,ACC-3746,Oscorp Labs,billing@oscorp.com,EMEA,Healthcare,Tier 1,yearly,10,USD,"$3,675.00",25,Paid,credit_card,09/08/2023,2024-10-20,true,3,2
INV-100678,ACC-3216,Soylent Group,billing@soylent.com,APAC,Travel,pro,annual,1,USD,990.00,0,PAID,credit_card,09/27/2021,2024/04/30,false,5,1
INV-101171,ACC-5176,Massive Dynamic Holdings,billing@massive.com,NA,Gaming,enterprise,annual,10,EUR,32292.00,0,FAILED,wire,2024/03/18,2024-04-17,N,4,2
INV-103751,ACC-5258,Wayne Holdings,,EMEA,Energy,enterprise,Annual,25,USD,67275,10,paid,Credit Card,02/01/2024,2026-08-12,N,4,0
INV-101643,ACC-7427,Wonka Group,billing@wonka.com,APAC,Media,Tier 1,monthly,3,GBP,186.69,0,Complete,Wire Transfer,2024-06-13,2025-11-23,FALSE,1,5
INV-100474,ACC-7270,Pied Piper Corp,billing@pied.com,APAC,Gaming, Starter ,annually,100,EUR,-39690.00,25,Refunded,Credit Card,2022-10-24,2022-11-09,Y,5,1
INV-100171,ACC-1118,Oscorp Group,billing@oscorp.com,APAC,Media,pro,yearly,50,USD,42075.00,15,in_review,wire,2022-03-28,Dec 22 2022,TRUE,3,0
INV-103171,ACC-8924,Acme Co,billing@acme.com,LATAM,Travel,Starter,annually,10,EUR,4233.60,20,failed,wire,22-08-2024,05/28/2025,0,3,0
INV-101452,ACC-4581,Acme Corp,billing_at_acme.com,LATAM,Fintech,starter,Annual,250,USD,91875.00,25,PAID,,Aug 25 2021,05/01/2023,0,4,0
INV-100426,ACC-3990,Umbrella LLC,billing@umbrella.com,APAC,Retail,pro,monthly,25,EUR,2673.00,0,PAID,wire,2022-05-21,2023-04-01,FALSE,3,0
INV-100963,ACC-7810,Nakatomi Group,billing@nakatomi.com,EMEA,,Starter,annually,10,USD,4900.00,0,cancelled,,09/17/2023,Apr 23 2026,TRUE,4,0
INV-104247,ACC-5771,Cyberdyne Holdings,billing@cyberdyne.com,EMEA,Retail, Starter ,annually,5,USD,"$-2,450.00",0,Refunded,,2022-10-19,18-10-2023,0,4,0
INV-103881,ACC-6449,Dunder Industries,billing@dunder.com,APAC,Logistics,Pro ,monthly,10,USD,$990.00,0,Complete,invoice,2023-06-16,2025-12-20,0,1,2
INV-104442,ACC-1427,Prestige Group,billing@prestige.com,EMEA,Fintech,starter,yearly,250,EUR,"€132,300.00",0,success,ACH,05/11/2023,30-07-2023,false,3,2
INV-103507,ACC-5172,Globex LLC,billing@globex.com,LATAM,Healthcare,Enterprise ,Monthly,3,USD,807,10,success,ach,21-02-2021,01/26/2022,N,,0
INV-101343,ACC-2911,Stark Inc,billing@stark.com,LATAM,Fintech,starter,yearly,3,USD,1102.50,25,success,,2021-12-29,2024-09-19,No,3,1
INV-104735,ACC-7712,Umbrella Industries,billing@umbrella.com,EMEA,Retail,STARTER,yearly,100,USD,36750,25,PAID,Wire Transfer,03/01/2023,2023-04-09,0,5,1
INV-102214,ACC-8228,Umbrella Partners,,NA,Education,PRO,Monthly,3,USD,252.45 USD,15,VOID,invoice,04/30/2021,06/26/2022,1,2,0
INV-102066,ACC-6277,Hooli Holdings,billing@hooli.com,APAC,Manufacturing,Tier 3,yearly,5,EUR,14531.40,10,paid,Wire Transfer,2021-03-30,11/18/2022,0,,0
INV-100180,ACC-9939,Wonka Partners,billing@wonka.com,APAC,Manufacturing,Tier 1,yearly,10,USD,4900.00,0,success,wire,Aug 6 2022,04/07/2024,Y,3,0
INV-104930,ACC-1380,Tyrell LLC,billing@tyrell.com,APAC,Education,Start,Annual,10,GBP,5600.70,10,Paid,ACH,11/19/2021,05/23/2023,false,2,0
INV-104251,ACC-4520,Prestige Corp,billing@prestige.com,APAC,,Tier 3,annual,5,USD,"$-13,455.00",10,REFUND,invoice,2022-06-04,2023-02-03,Y,4,1
INV-101162,ACC-8118,Soylent Co,billing@soylent.com,APAC,Travel,STARTER,Monthly,5,USD,245.00,0,completed,ach,2021/10/14,2024/04/17,false,,1
INV-100674,ACC-8275,Aperture Labs,billing@aperture.com,EMEA,Healthcare,starter,annually,1,GBP,£622.30,0,cancelled,invoice,2024-02-27,2025-09-18,FALSE,5,0
INV-100623,ACC-2081,Tyrell Labs,billing@tyrell.com,APAC,Gaming,enterprise ,Monthly,1,USD,254.15,15,in_review,wire,2021/07/19,2022-03-10,false,2,0
INV-101771,ACC-6254,Tyrell Labs,,EMEA,Retail, Starter ,Annual,50,EUR,26460.00,0,Pending,wire,Nov 13 2021,2023-04-14,0,3,0
INV-102191,ACC-5393,Umbrella Group,billing@umbrella.com,APAC,Media,starter,monthly,5,USD,245.00,0,error,Wire Transfer,2022-10-27,07/29/2024,No,5,3
INV-101377,ACC-6569,Nakatomi Industries,billing@nakatomi.com,EMEA,Education, Starter ,Monthly,1,USD,49,0,in_review,wire,2021-10-18,06/12/2024,false,4,0
INV-102609,ACC-9114,Oscorp Industries,billing@oscorp.com,NA,Gaming,Tier 1,monthly,25,USD,1225.00,0,completed,wire,2022-02-11,2022-09-27,No,5,3
INV-101192,ACC-5443,Gekko Holdings,billing@gekko.com,LATAM,Travel,enterprise,annual,3,EUR,9687.60,0,PENDING,credit_card,2022/05/13,2024/11/06,No,5,0
INV-102354,ACC-2389,Umbrella Holdings,billing@umbrella.com,NA,Media,Starter,Monthly,1,USD,49.00 USD,0,paid,Wire Transfer,2024/06/04,2025/10/07,N,4,1
INV-101662,ACC-9914,Wonka Inc,billing@wonka.com,LATAM,Energy,Pro,Monthly,10,EUR,962.28,10,Paid,,2023-10-26,2023-11-16,false,,0
INV-102048,ACC-3992,Dunder Group,billing@dunder.com,LATAM,Logistics,Pro,Annual,5,USD,"$4,950.00",0,completed,Wire Transfer,2021-02-15,07/03/2022,N,4,0
INV-104591,ACC-8841,Cyberdyne Ltd,billing@cyberdyne.com,LATAM,Gaming,Tier 2,Annual,25,EUR,26730.00,0,in_review,Credit Card,2023-12-27,02/07/2024,0,5,0
INV-101994,ACC-5400,Vandelay Group,billing@vandelay.com,NA,Logistics,Starter,annual,25,USD,"12,250.00 USD",0,Complete,Credit Card,05/14/2023,2025-08-25,No,1,2
INV-102287,ACC-1965,Massive Dynamic Industries,billing@massive.com,APAC,Travel,pro,annually,25,USD,-24750,0,REFUND,Credit Card,2024-05-29,2026/11/26,false,3,3
INV-100018,ACC-8206,Wonka Holdings,billing@wonka.com,LATAM,,STARTER,annually,10,USD,"4,900.00 USD",0,Paid,invoice,Feb 24 2023,02/03/2025,true,3,2
INV-102009,ACC-3087,Acme Labs,,APAC,Gaming, Starter ,annually,3,USD,1470.00,0,completed,Credit Card,2023/10/05,2024/08/17,FALSE,5,0
INV-103536,ACC-9870,Aperture Group,billing@aperture.com,EMEA,Fintech,Tier 1,Monthly,10,USD,$490.00,0,paid,Credit Card,2022-12-19,2023-09-21,false,,5
INV-103824,ACC-8939,Soylent LLC,billing@soylent.com,EMEA,Manufacturing,Pro ,annual,5,USD,4950.00,0,success,wire,2021-06-19,2021/12/11,No,5,0
INV-100829,ACC-3505,Cyberdyne Co,billing@cyberdyne.com,APAC,Education,Pro ,Monthly,10,USD,990.00,0,PAID,,12/01/2021,10/22/2022,false,2,8
INV-104037,ACC-3583,Gekko Corp,billing@gekko.com,EMEA,Manufacturing,STARTER,yearly,250,USD,122500.00,0,PAID,ach,03/21/2021,2023/02/07,No,,1
INV-103466,ACC-4710,Dunder Labs,billing@dunder.com,LATAM,Manufacturing,STARTER,annually,1,USD,$490.00,0,completed,credit_card,2023-03-23,May 10 2024,No,5,2
INV-104312,ACC-4405,Stark Partners,billing@stark.com,EMEA,Education,Pro,Monthly,250,EUR,22720.50,15,Complete,credit_card,2023-10-06,2025-09-03,Yes,,0
INV-104285,ACC-9082,Initech LLC,billing@initech.com,LATAM,Media,STARTER,Annual,250,USD,122500.00,0,declined,ACH,2024/05/15,Jan 9 2025,N,5,2
INV-102679,ACC-5635,Vandelay Co,billing@vandelay.com,NA,Fintech,Pro,annually,3,USD,2970.00,0,paid,,03/22/2024,2024-07-03,0,4,0
INV-101649,ACC-5648,Wonka Ltd,,EMEA,,Enterprise ,monthly,25,EUR,8073.00,0,paid,Wire Transfer,2022/07/14,2024-04-07,Yes,,0
INV-102535,ACC-2650,Wayne Partners,billing@wayne.com,EMEA,Energy, Starter ,yearly,3,EUR,"1,587.60 EUR",0,Paid,wire,10/12/2024,Jun 11 2025,Y,5,0
INV-101156,ACC-4951,Cyberdyne Corp,billing@cyberdyne.com,EMEA,Healthcare, Starter ,yearly,100,USD,"$49,000.00",0,completed,credit_card,09/05/2021,2023-06-14,TRUE,3,0
INV-102561,ACC-7776,Hooli Corp,billing@hooli.com,NA,Retail,Tier 1,Monthly,50,USD,2205.00,10,Paid,Wire Transfer,2024-01-29,2026-06-01,N,5,0
INV-101100,ACC-7826,Pied Piper Industries,,LATAM,Healthcare,Tier 2,yearly,3,USD,"2,227.50 USD",25,Void,,18-10-2024,2024-11-26,FALSE,3,0
INV-101432,ACC-5547,Tyrell Group,billing@tyrell.com,NA,Education, Starter ,monthly,10,USD,441.00,10,Paid,wire,09/11/2021,01/05/2024,FALSE,4,1
INV-101054,ACC-1857,Massive Dynamic Holdings,billing@massive.com,NA,Energy,starter,yearly,10,USD,4900.00,0,completed,Credit Card,2023/02/02,2025/06/27,Yes,4,0
INV-100335,ACC-2797,Aperture Corp,billing@aperture.com,LATAM,Healthcare,Enterprise,Monthly,5,USD,1495.00,0,Pending,ACH,2022/12/02,2024-02-14,No,1,3
INV-103655,ACC-5204,Nakatomi Partners,billing@nakatomi.com,NA,Manufacturing,Pro ,Monthly,250,USD,24750.00,0,Paid,ACH,2021-12-20,2024-04-07,0,5,0
INV-103599,ACC-1096,Wonka Group,billing@wonka.com,LATAM,Manufacturing,STARTER,Annual,25,USD,12250.00,0,Paid,credit_card,2023/03/21,2024-01-24,1,3,3
INV-101848,ACC-7818,Vandelay LLC,billing@vandelay.com,LATAM,,enterprise,Annual,100,USD,"$299,000.00",0,paid,,2021-02-03,10/23/2023,FALSE,5,1
INV-104728,ACC-3783,Soylent Industries,billing@soylent.com,EMEA,Gaming,starter,Annual,5,USD,"2,450.00 USD",0,completed,wire,01/30/2023,2025-06-19,N,3,0
INV-102407,ACC-1209,Stark Partners,,NA,Energy,Starter,yearly,10,USD,3675,25,cancelled,Wire Transfer,2023-02-28,2023-05-16,true,4,8
INV-101149,ACC-3493,Nakatomi Corp,billing@nakatomi.com,APAC,Retail,starter,yearly,10,GBP,6223.00,0,pending,,2023-07-01,2025/07/31,FALSE,3,2
INV-100871,ACC-4414,Dunder Labs,billing@dunder.com,APAC,Healthcare,pro,annually,3,GBP,"£3,771.90",0,success,wire,04/10/2022,11/28/2022,1,,0
INV-100778,ACC-9685,Wonka Industries,billing@wonka.com,EMEA,Energy,Starter,Annual,1,USD,490.00,0,Complete,invoice,2021-01-08,05/05/2022,true,5,0
INV-102318,ACC-7189,Globex Co,billing@globex.com,LATAM,Education,enterprise ,annually,1,EUR,3229,0,success,,2023/08/07,2025-10-03,Yes,3,0
INV-104766,ACC-3629,Pied Piper Partners,,APAC,Fintech,Start,Monthly,1,USD,$49.00,0,Complete,wire,2022-07-07,Jul 19 2022,No,5,0
INV-103145,ACC-7809,Soylent Inc,billing@soylent.com,EMEA,Retail,Start,Annual,5,USD,"1,837.50 USD",25,success,,2024-02-27,03/28/2024,TRUE,2,1
INV-102228,ACC-2597,Nakatomi Corp,billing@nakatomi.com,APAC,Healthcare,starter,monthly,1,USD,49.00 USD,0,error,ach,09-04-2022,01/21/2024,Y,5,0
INV-101411,ACC-6436,Stark Ltd,billing@stark.com,NA,Fintech,Tier 1,annual,50,GBP,"£31,115.00",0,Complete,Wire Transfer,Jan 30 2024,2026-05-30,Y,3,0
INV-103782,ACC-7258,Initech LLC,,EMEA,Fintech,STARTER,Monthly,3,USD,$124.95,15,paid,,Dec 17 2023,2026-05-27,FALSE,5,0
INV-102544,ACC-4524,Nakatomi Group,billing@nakatomi.com,APAC,Logistics,PRO,Monthly,250,USD,24750.00,0,paid,invoice,2023-06-20,2024-04-21,No,5,0
INV-101512,ACC-3326,Massive Dynamic Partners,billing@massive.com,EMEA,Healthcare,Enterprise ,Monthly,50,USD,14950.00,0,Paid,ACH,08/22/2023,2025-04-29,N,2,0
INV-102956,ACC-3762,Aperture LLC,billing_at_aperture.com,NA,Retail,Starter,monthly,100,GBP,6223.00,0,success,ach,2022-08-22,2024/11/10,N,5,0
INV-103368,ACC-1098,Hooli Co,billing@hooli.com,APAC,Media,Start,monthly,250,USD,"$9,187.50",25,Paid,Credit Card,Aug 7 2022,06/27/2023,Yes,,3
INV-102943,ACC-6731,Stark Partners,billing@stark.com,LATAM,Education,STARTER,monthly,1,USD,-44.10,10,refunded,wire,2024-02-09,07/14/2025,0,5,0
INV-104759,ACC-2091,Stark Inc,billing@stark.com,EMEA,Energy,PRO,annual,100,USD,89100.00,10,paid,credit_card,2023-10-09,2025-10-01,Y,5,0
INV-101166,ACC-3093,Initech Inc,billing@initech.com,LATAM,Manufacturing,Start,yearly,50,USD,"$24,500.00",0,in_review,Credit Card,Apr 3 2022,2023-02-01,N,5,0
INV-101309,ACC-9220,Tyrell Holdings,billing@tyrell.com,APAC,Logistics,PRO,annually,250,USD,247500,0,PENDING,ach,2023-03-16,Jun 30 2023,N,4,0
INV-102264,ACC-1315,Tyrell Co,billing@tyrell.com,APAC,Healthcare,Start,monthly,50,EUR,2249,15,Failed,,2022-07-24,Nov 17 2023,Yes,5,8
INV-103851,ACC-6308,Initech Inc,billing@initech.com,NA,Retail,Enterprise ,monthly,1,USD,-299.00,0,charged_back,credit_card,Oct 5 2024,08/02/2025,FALSE,5,3
INV-101713,ACC-5313,Oscorp Group,billing@oscorp.com,LATAM,Manufacturing,Start,annually,3,USD,1249.50,15,success,ACH,2022-01-18,2024-09-13,false,3,8
INV-101573,ACC-3718,Massive Dynamic Industries,billing@massive.com,NA,Manufacturing,STARTER,annual,100,USD,"49,000.00 USD",0,Paid,Wire Transfer,Feb 24 2022,May 7 2022,N,5,1
INV-104698,ACC-9765,Gekko Co,billing@gekko.com,NA,Healthcare,Tier 1,monthly,3,USD,147.00,0,completed,credit_card,2022-07-23,2024-09-17,1,2,0
INV-100300,ACC-3572,Nakatomi Labs,billing@nakatomi.com,APAC,Travel,enterprise,yearly,250,EUR,"€807,300.00",0,Paid,,2022-02-26,2023-01-09,FALSE,5,2
INV-103657,ACC-7746,Wonka Corp,billing@wonka.com,LATAM,Logistics,Start,Monthly,5,USD,-245.00,0,Refunded,Credit Card,03/16/2022,08/01/2024,true,5,0
INV-103016,ACC-1890,Globex Holdings,billing@globex.com,APAC,Logistics,starter,Annual,100,USD,"$41,650.00",15,failed,Credit Card,2022-04-15,2023/09/22,0,5,0
INV-102209,ACC-7367,Wonka Labs,billing@wonka.com,APAC,Education,PRO,Monthly,10,USD,990,0,paid,Credit Card,2024-08-09,2025-01-01,No,5,1
INV-101637,ACC-6300,Vandelay Holdings,billing@vandelay.com,EMEA,Energy,Start,Monthly,1,USD,$49.00,0,completed,Wire Transfer,2022-05-27,2022/07/24,No,,0
INV-101531,ACC-7796,Gekko Industries,billing@gekko.com,NA,Retail,Enterprise ,monthly,10,GBP,"3,797.30 GBP",0,in_review,wire,03/13/2022,2022-11-09,false,5,8
INV-100422,ACC-2281,Cyberdyne Ltd,billing@cyberdyne.com,APAC,Energy,enterprise,Annual,5,EUR,16146.00,0,Complete,invoice,2022-05-29,04/29/2024,TRUE,4,0
INV-103924,ACC-1681,Umbrella LLC,billing@umbrella.com,APAC,Gaming,Tier 2,Monthly,10,USD,990.00,0,paid,,2021-12-25,2023/08/26,N,4,0
INV-100754,ACC-1570,Wonka LLC,billing@wonka.com,APAC,Logistics,PRO,Annual,100,USD,99000.00,0,pending,Credit Card,2023-10-11,09/16/2025,N,4,5
INV-100832,ACC-6761,Initech Holdings,billing@initech.com,LATAM,Logistics,STARTER,Monthly,1,USD,$44.10,10,completed,invoice,2021-07-15,06/08/2022,0,,0
INV-103746,ACC-7908,Globex LLC,billing@globex.com,APAC,Retail,Starter,Monthly,100,GBP,6223.00,0,Paid,,Jan 14 2024,04/21/2024,0,5,0
INV-104423,ACC-3292,Soylent Partners,billing@soylent.com,LATAM,Logistics,starter,Monthly,1,USD,49.00,0,PAID,ach,03/26/2021,2023-03-19,false,4,1
INV-102230,ACC-1564,Gekko Co,billing@gekko.com,EMEA,Healthcare,Professional,Annual,250,USD,247500.00,0,error,wire,2021-05-15,11/23/2021,No,4,0
INV-102543,ACC-3971,Initech LLC,billing@initech.com,LATAM,Energy,Enterprise,annual,5,USD,14950.00,0,success,,2021-08-31,2021-10-19,No,3,0
INV-100976,ACC-6006,Oscorp Group,billing@oscorp.com,EMEA,Manufacturing, Starter ,annual,5,USD,2205.00,10,completed,Credit Card,Jul 8 2022,2023/08/31,0,4,1
INV-103284,ACC-7275,Pied Piper Partners,billing@pied.com,NA,Retail,PRO,annually,3,EUR,3208,0,awaiting,ach,2024-06-30,2026-04-27,1,,0
INV-103288,ACC-2879,Tyrell Ltd,billing@tyrell.com,LATAM,Gaming,PRO,yearly,10,USD,-9900.00,0,Refunded,credit_card,31-07-2023,Mar 15 2026,No,3,1
INV-104639,ACC-2545,Cyberdyne Group,billing@cyberdyne.com,APAC,Logistics,Enterprise,Monthly,100,USD,25415.00,15,PAID,invoice,10/21/2023,2026-06-23,false,3,0
INV-100380,ACC-7836,Cyberdyne Labs,billing@cyberdyne.com,LATAM,Fintech,ENT,monthly,10,USD,2990.00,0,awaiting,wire,07/21/2023,02/20/2025,No,4,0
INV-104351,ACC-6502,Gekko Partners,billing@gekko.com,LATAM,Media,Enterprise,Monthly,50,USD,14950.00,0,Paid,Credit Card,2021-05-15,2022-11-20,N,2,3
INV-100408,ACC-7054,Pied Piper Inc,billing@pied.com,APAC,Healthcare,Tier 1,Annual,50,EUR,"23,814.00 EUR",10,paid,ach,2021/09/03,2022-12-02,N,5,0
INV-103935,ACC-3995,Wonka Holdings,billing@wonka.com,EMEA,Gaming, Starter ,Monthly,10,EUR,529.20,0,Paid,invoice,09/11/2021,11/09/2021,0,3,0
INV-100719,ACC-4577,Cyberdyne Labs,billing@cyberdyne.com,EMEA,Retail,Tier 1,yearly,25,USD,11025.00,10,success,wire,11/12/2021,2023-09-04,N,5,0
INV-100770,ACC-6748,Nakatomi LLC,billing@nakatomi.com,EMEA,Fintech,Starter,annual,10,USD,4900.00,0,PAID,ach,Jun 14 2022,2023-04-29,false,,0
INV-104270,ACC-5324,Hooli Co,billing@hooli.com,EMEA,Gaming,Professional,annual,10,EUR,10692.00,0,Complete,invoice,2023-01-19,2025/03/13,0,2,2
INV-102491,ACC-2796,Aperture Co,billing@aperture.com,APAC,Travel,Tier 2,annual,50,USD,49500.00,0,Complete,ach,Jul 9 2022,12-09-2022,false,5,0
INV-104705,ACC-6300,Hooli LLC,billing@hooli.com,APAC,Gaming,ENT,annually,3,USD,8970,0,success,invoice,2024-03-06,08/08/2025,N,4,1
INV-103841,ACC-6763,Wayne Corp,billing_at_wayne.com,NA,Education,PRO,monthly,10,USD,$891.00,10,completed,wire,2021/03/01,2022-09-02,No,5,8
INV-101754,ACC-8835,Globex Group,billing@globex.com,NA,Energy,Start,monthly,100,USD,4410.00,10,completed,Credit Card,2023/04/19,2024-11-19,false,4,0
INV-103668,ACC-2118,Cyberdyne LLC,billing@cyberdyne.com,NA,Travel,Pro ,Annual,10,USD,9900.00,0,FAILED,Wire Transfer,Nov 17 2023,06/05/2025,No,4,0
INV-101899,ACC-8654,Wayne Ltd,billing@wayne.com,LATAM,Energy,PRO,annually,100,USD,"$99,000.00",0,PAID,,02/21/2023,2025-07-01,FALSE,5,0
INV-102196,ACC-5888,Wonka Corp,billing@wonka.com,APAC,Logistics,STARTER,monthly,1,USD,36.75,25,Complete,credit_card,2024-08-03,2027-01-25,FALSE,4,0
INV-101223,ACC-6826,Wayne Industries,billing@wayne.com,LATAM,Education,PRO,Annual,25,GBP,"£23,574.38",25,completed,Wire Transfer,2024/09/20,2025-04-27,N,,0
INV-101768,ACC-1854,Aperture Labs,billing@aperture.com,LATAM,Energy,Tier 1,annual,50,USD,24500.00,0,Complete,wire,2021-12-12,2024-01-08,FALSE,5,0
INV-101660,ACC-2361,Stark Co,billing@stark.com,EMEA,Retail,Enterprise,annually,10,USD,"29,900.00 USD",0,FAILED,ACH,2021-03-30,10/01/2022,true,,0
INV-104782,ACC-7368,Wonka Ltd,billing@wonka.com,APAC,,STARTER,yearly,5,USD,1960.00,20,paid,wire,2024-03-22,2026-05-23,No,5,0
INV-100520,ACC-3551,Wonka Co,billing@wonka.com,EMEA,,enterprise,Monthly,1,USD,299.00,0,PAID,ach,2023-04-12,2024/02/16,false,,0
INV-102372,ACC-8836,Oscorp Industries,billing@oscorp.com,LATAM,Retail,Pro,monthly,250,USD,"18,562.50 USD",25,in_review,credit_card,03/29/2022,2024-01-05,N,2,0
INV-101154,ACC-8731,Hooli Ltd,billing@hooli.com,EMEA,Healthcare,Professional,monthly,100,USD,"9,900.00 USD",0,PAID,,29-07-2024,11/08/2025,N,5,0
INV-100466,ACC-5306,Cyberdyne Ltd,billing@cyberdyne.com,NA,Gaming,STARTER,monthly,50,USD,"2,450.00 USD",0,void,ach,2022-08-29,01/05/2023,false,4,1
INV-104852,ACC-3978,Dunder Inc,billing@dunder.com,APAC,Manufacturing,PRO,Annual,10,USD,"$9,900.00",0,canceled,invoice,2024/02/16,2026-06-12,N,3,8
INV-104713,ACC-7714,Wonka Labs,billing@wonka.com,EMEA,Healthcare,starter,Monthly,50,USD,2450.00,0,completed,ACH,12-08-2024,2027/04/29,No,,2
INV-100308,ACC-5556,Cyberdyne Corp,billing@cyberdyne.com,EMEA,Travel,Starter,annually,250,EUR,132300.00,0,success,ACH,2022-05-12,2022-12-08,0,,0
INV-104965,ACC-9845,Vandelay Ltd,billing@vandelay.com,LATAM,Fintech,Starter,monthly,250,USD,-12250.00,0,REFUND,Wire Transfer,2023-12-29,09/04/2026,false,5,1
INV-100312,ACC-1462,Globex Industries,billing@globex.com,LATAM,Education,Pro ,yearly,5,GBP,6286,0,Paid,Credit Card,09/19/2024,2027-01-28,1,2,0
INV-103537,ACC-8998,Oscorp LLC,billing@oscorp.com,LATAM,Gaming,Start,monthly,10,EUR,529.20,0,paid,ach,06/19/2021,2023-08-17,1,5,0
INV-103629,ACC-2388,Hooli Industries,billing@hooli.com,APAC,Gaming,Start,annual,10,USD,4900,0,Pending,,Jul 16 2023,05/04/2025,1,5,0
INV-104035,ACC-5883,Vandelay Industries,billing@vandelay.com,APAC,Travel,starter,annually,250,USD,"$98,000.00",20,paid,Credit Card,2021-07-15,2021-09-27,FALSE,5,1
INV-104983,ACC-4063,Cyberdyne Holdings,billing@cyberdyne.com,LATAM,Education,Pro ,yearly,50,GBP,62865.00,0,completed,Credit Card,2023-09-25,2024/07/24,N,4,0
INV-103125,ACC-5093,Tyrell Corp,billing@tyrell.com,APAC,Healthcare,pro,yearly,100,USD,99000.00,0,void,invoice,2021-12-26,07/30/2023,N,1,3
INV-100716,ACC-1351,Hooli Corp,billing@hooli.com,EMEA,Retail,STARTER,monthly,5,USD,245.00 USD,0,PAID,ach,18-06-2022,2024-02-13,0,4,2
INV-102355,ACC-8673,Umbrella Partners,billing@umbrella.com,LATAM,,Tier 3,yearly,3,USD,7624.50,15,completed,credit_card,Jul 30 2021,17-11-2021,N,3,2
INV-102668,ACC-1457,Oscorp Industries,billing@oscorp.com,EMEA,Gaming,Start,annual,3,USD,1470.00,0,completed,ACH,2024-09-13,12/01/2025,false,5,1
INV-104444,ACC-9764,Hooli Holdings,billing@hooli.com,LATAM,Travel,Tier 3,annual,250,USD,"$747,500.00",0,void,wire,01/31/2022,Aug 5 2023,FALSE,5,0
INV-101563,ACC-9176,Vandelay Inc,billing@vandelay.com,LATAM,Healthcare,pro,Monthly,5,GBP,628.65 GBP,0,Complete,Credit Card,2021-08-06,Sep 21 2021,false,1,0
INV-101727,ACC-1606,Wonka Labs,billing@wonka.com,APAC,Fintech,Pro,yearly,250,USD,247500.00,0,in_review,ACH,2023-06-26,07/31/2024,0,2,2
INV-101752,ACC-4445,Umbrella Labs,billing@umbrella.com,EMEA,Gaming,STARTER,yearly,1,EUR,€529.20,0,PAID,invoice,2024/08/04,2026-03-06,0,3,1
INV-100731,ACC-6352,Aperture Inc,billing@aperture.com,APAC,Logistics,Enterprise,Monthly,1,USD,$299.00,0,Complete,credit_card,02/07/2024,10/15/2025,N,1,1
INV-104086,ACC-4703,Pied Piper Ltd,billing@pied.com,APAC,Education,Start,monthly,10,USD,490.00 USD,0,success,invoice,10/21/2021,2022-05-05,Yes,5,8
INV-100058,ACC-7981,Gekko Partners,billing@gekko.com,EMEA,Retail,Start,annual,25,EUR,"€-13,230.00",0,charged_back,,2021-04-28,2021-07-13,No,4,5
INV-100025,ACC-3073,Acme Ltd,billing@acme.com,APAC,Energy,Starter,Annual,250,USD,104125.00,15,pending,,2024-03-21,01/06/2025,false,5,2
INV-104009,ACC-1665,Initech Partners,billing@initech.com,LATAM,Energy,PRO,monthly,3,USD,297.00 USD,0,completed,credit_card,2023/03/17,03/08/2025,Y,5,1
INV-103586,ACC-6077,Cyberdyne LLC,billing@cyberdyne.com,LATAM,Media,PRO,Monthly,50,USD,3712.50,25,success,invoice,2021-03-06,2021-12-06,N,3,8
INV-100186,ACC-1312,Tyrell LLC,billing@tyrell.com,NA,Retail, Starter ,Monthly,50,USD,2450.00,0,PENDING,Wire Transfer,05/07/2024,2025/11/02,true,3,0
INV-100848,ACC-1061,Umbrella Inc,billing@umbrella.com,NA,Education,Professional,monthly,10,USD,742.50,25,Complete,credit_card,05-11-2021,2024-05-28,Yes,5,0
INV-102448,ACC-7493,Wonka Inc,billing@wonka.com,NA,Healthcare,enterprise,monthly,10,USD,2990,0,canceled,invoice,2021-07-20,2023/05/28,No,4,2
INV-100100,ACC-3161,Nakatomi Group,billing@nakatomi.com,LATAM,Healthcare,ENT,annual,5,USD,14950.00,0,PAID,,2024-08-21,02/06/2025,Y,4,0
INV-103661,ACC-2069,Gekko Industries,billing@gekko.com,APAC,Manufacturing,Enterprise,Annual,10,USD,26910.00,10,PAID,credit_card,2024-04-22,2024-08-18,No,1,3
INV-100357,ACC-5560,Pied Piper LLC,billing@pied.com,EMEA,Retail,Tier 1,Annual,5,USD,1837.50,25,paid,invoice,2023-02-18,04/22/2023,false,4,0
INV-104972,ACC-9563,Umbrella Corp,billing_at_umbrella.com,APAC,Media,Pro ,annually,1,USD,990.00,0,declined,ach,05/22/2022,2023-05-25,No,5,0
INV-100221,ACC-4592,Prestige Ltd,billing@prestige.com,LATAM,Media, Starter ,annual,10,USD,"4,900.00 USD",0,declined,,2021-11-24,2023/10/11,N,1,2
INV-100737,ACC-8590,Wonka Corp,billing@wonka.com,EMEA,Logistics,Start,Monthly,10,USD,490.00,0,PENDING,Wire Transfer,12/17/2021,06/20/2022,0,,0
INV-103572,ACC-3093,Umbrella Industries,billing@umbrella.com,NA,Logistics,pro,annually,50,USD,"$49,500.00",0,paid,invoice,2024-01-10,01/28/2025,0,3,0
INV-103095,ACC-3708,Stark Industries,billing@stark.com,NA,Energy,Tier 2,Monthly,5,USD,$495.00,0,Failed,ach,Jun 3 2021,2021-08-18,false,4,0
INV-100157,ACC-7892,Nakatomi Ltd,billing@nakatomi.com,NA,Media,Starter,Annual,250,GBP,155575.00,0,Complete,wire,2024-03-25,2024/07/03,false,4,0
INV-104562,ACC-5372,Prestige Group,billing@prestige.com,EMEA,,ENT,monthly,25,USD,5980.00,20,PAID,wire,2024-09-18,2026-02-24,true,2,2
INV-101925,ACC-9451,Wonka Group,billing@wonka.com,EMEA,Travel,starter,monthly,10,USD,416.50,15,Pending,ach,11/19/2022,2023-09-10,FALSE,4,0
INV-103228,ACC-9417,Stark Ltd,billing@stark.com,EMEA,Gaming,starter,monthly,100,USD,4900.00,0,Complete,credit_card,01-09-2022,11/18/2022,N,1,0
INV-104724,ACC-6080,Tyrell Inc,billing@tyrell.com,EMEA,Education,Start,monthly,3,GBP,140.02,25,Void,Credit Card,2023/11/16,09/02/2024,false,4,1
INV-100583,ACC-2258,Nakatomi Inc,,EMEA,Manufacturing,Tier 3,annually,250,GBP,806926,15,completed,credit_card,02/06/2024,2026-02-12,0,,0
INV-102461,ACC-3296,Stark Labs,billing@stark.com,APAC,Fintech,Pro ,annually,1,USD,742.50,25,Paid,wire,2022-10-16,2025-03-24,N,5,5
INV-101651,ACC-6815,Vandelay LLC,billing@vandelay.com,EMEA,Education,Enterprise,Annual,100,USD,"299,000.00 USD",0,Failed,Wire Transfer,2021/03/19,2021-11-19,No,3,1
INV-104074,ACC-5827,Stark Inc,billing@stark.com,EMEA,Gaming,Starter,Monthly,3,USD,147.00,0,in_review,,07/05/2022,10/04/2023,false,4,8
INV-101828,ACC-9876,Oscorp Labs,billing@oscorp.com,APAC,Travel,Tier 3,monthly,25,EUR,8073.00,0,completed,,2024/04/14,11/22/2026,false,4,0
INV-100584,ACC-1214,Oscorp Ltd,billing@oscorp.com,APAC,Fintech,Start,yearly,25,USD,12250.00,0,completed,Credit Card,2023/05/01,Nov 24 2025,Y,5,0
INV-103103,ACC-2365,Acme Partners,billing@acme.com,EMEA,Fintech,Tier 1,monthly,5,EUR,€264.60,0,awaiting,,2021-05-08,2023-06-10,false,4,5
INV-100431,ACC-7131,Soylent Ltd,billing@soylent.com,EMEA,Logistics,starter,Monthly,25,USD,980.00,20,Paid,Wire Transfer,Sep 30 2024,2025/10/20,0,3,0
INV-104222,ACC-4367,Wonka Inc,billing@wonka.com,APAC,Manufacturing,Enterprise,Annual,50,USD,112125.00,25,paid,wire,21-12-2021,03/19/2022,No,5,0
INV-103726,ACC-7566,Tyrell Co,billing@tyrell.com,EMEA,Media, Starter ,Annual,1,GBP,£528.96,15,paid,Credit Card,05/08/2023,2024/12/31,false,2,1
INV-104864,ACC-6462,Nakatomi Inc,billing@nakatomi.com,EMEA,, Starter ,yearly,10,USD,4900.00,0,Complete,invoice,2023-09-17,05/22/2025,No,4,0
INV-101993,ACC-1284,Wayne Inc,billing@wayne.com,EMEA,Fintech,Starter,Monthly,3,USD,$147.00,0,PAID,ach,2021-07-19,2021-08-05,FALSE,3,0
INV-104914,ACC-7535,Acme Ltd,billing@acme.com,NA,Fintech,PRO,annually,10,USD,9900.00,0,success,Credit Card,2022-10-18,11/25/2023,0,5,5
INV-101253,ACC-2861,Oscorp Labs,billing@oscorp.com,NA,Manufacturing,starter,yearly,10,GBP,6223.00,0,completed,credit_card,10/27/2023,Apr 23 2026,0,2,5
INV-104116,ACC-1817,Acme Partners,billing@acme.com,APAC,Manufacturing,Enterprise ,yearly,25,USD,"$74,750.00",0,completed,,2023-04-17,Jun 9 2024,0,,0
INV-102163,ACC-6004,Soylent Ltd,billing@soylent.com,APAC,Manufacturing,Tier 1,Monthly,50,USD,2450.00,0,Paid,wire,2022-04-02,2024-05-23,Yes,3,1
INV-102913,ACC-2954,Soylent Inc,billing@soylent.com,APAC,Media,Enterprise,monthly,5,USD,"$1,495.00",0,success,Credit Card,2021-04-16,2021-12-24,0,2,1
INV-101421,ACC-7119,Hooli Partners,billing@hooli.com,APAC,Gaming,Start,annually,250,USD,122500.00,0,Paid,invoice,2024-10-11,2026-06-03,false,5,0
INV-104031,ACC-9522,Nakatomi Holdings,billing@nakatomi.com,EMEA,Retail,starter,Annual,100,USD,36750.00,25,declined,,12/30/2022,Dec 14 2024,N,3,0
INV-101151,ACC-5995,Cyberdyne LLC,billing@cyberdyne.com,APAC,Education,Tier 3,annually,25,USD,74750.00,0,completed,credit_card,11-10-2021,2024-02-13,true,5,0
INV-103568,ACC-8946,Pied Piper Partners,billing@pied.com,LATAM,Retail,Tier 2,yearly,5,USD,"$4,950.00",0,completed,ach,08/30/2022,2022-10-04,N,5,1
INV-104558,ACC-1222,Wayne Co,billing@wayne.com,LATAM,Energy, Starter ,monthly,50,USD,1960.00,20,PENDING,wire,Jun 4 2022,2024-01-04,No,4,0
INV-103948,ACC-2524,Dunder Partners,billing@dunder.com,LATAM,Education,starter,annual,100,EUR,52920.00,0,Complete,wire,2021/08/08,2022-02-03,Yes,4,0
INV-103893,ACC-8554,Massive Dynamic Partners,billing@massive.com,NA,Fintech,pro,Monthly,250,USD,"$24,750.00",0,void,,16-04-2023,06-04-2024,FALSE,4,0
INV-101564,ACC-5419,Acme Labs,billing@acme.com,NA,Logistics,Start,Annual,50,USD,22050.00,10,PAID,,04/28/2023,2024-04-08,true,4,0
INV-103199,ACC-7201,Aperture Corp,billing@aperture.com,LATAM,,Tier 1,annual,5,GBP,3111.50,0,PAID,wire,2021-06-20,10/06/2022,No,,3
INV-104854,ACC-5227,Wonka Labs,billing@wonka.com,NA,Travel,Pro ,monthly,3,USD,223,25,completed,ACH,2022/12/23,2023-09-08,N,4,0
INV-104802,ACC-8646,Oscorp Co,billing_at_oscorp.com,APAC,,Pro,monthly,5,USD,445.50,10,Complete,Credit Card,2024-02-14,2024/11/17,true,5,2
INV-101450,ACC-6178,Prestige Co,billing@prestige.com,LATAM,Travel,STARTER,Monthly,25,USD,1225,0,PAID,wire,08/11/2021,2021-08-12,FALSE,5,2
INV-102007,ACC-4912,Wonka Partners,billing@wonka.com,LATAM,Retail,STARTER,Monthly,3,USD,$147.00,0,PAID,ACH,2023-07-04,03/11/2024,FALSE,5,0
INV-102753,ACC-3778,Wonka Group,billing@wonka.com,APAC,Energy,Pro ,Monthly,10,EUR,€962.28,10,completed,ACH,09/15/2022,05/22/2023,0,5,2
INV-102750,ACC-5828,Acme Ltd,billing@acme.com,LATAM,Media,Pro ,Annual,100,USD,"99,000.00 USD",0,paid,ACH,05/12/2022,Sep 25 2024,FALSE,4,0
INV-100265,ACC-5961,Oscorp Co,billing@oscorp.com,EMEA,Education,Tier 2,annually,25,USD,"24,750.00 USD",0,Paid,ach,2021-02-02,2023/01/15,FALSE,1,0
INV-100347,ACC-3370,Nakatomi Holdings,billing@nakatomi.com,EMEA,Education,starter,annually,5,USD,1837.50,25,success,,05/17/2024,2026/08/07,0,,1
INV-102429,ACC-3646,Dunder Group,billing@dunder.com,LATAM,Fintech,Start,annually,10,EUR,"€5,292.00",0,paid,,2021-09-28,11-06-2024,FALSE,5,0
INV-103802,ACC-8712,Cyberdyne Group,billing@cyberdyne.com,NA,Media,Start,Monthly,3,EUR,142.88,10,failed,,2023/11/21,2024-10-19,FALSE,4,0
INV-102086,ACC-9098,Gekko Ltd,billing@gekko.com,LATAM,Travel,pro,yearly,10,EUR,"€8,553.60",20,in_review,ACH,Jun 5 2021,09/14/2022,0,4,0
INV-104656,ACC-7072,Acme LLC,billing@acme.com,EMEA,Gaming,Enterprise,Monthly,5,EUR,"€1,614.60",0,paid,,Oct 22 2023,2025/02/22,No,3,3
INV-104821,ACC-7122,Tyrell Co,billing@tyrell.com,APAC,Logistics,Tier 2,Monthly,100,USD,"8,415.00 USD",15,Paid,Wire Transfer,2022-01-10,Oct 7 2023,false,5,0
INV-101384,ACC-5045,Wonka Corp,billing@wonka.com,NA,Manufacturing,Pro ,yearly,100,USD,"99,000.00 USD",0,success,credit_card,12/05/2021,04/14/2024,0,5,0
INV-102169,ACC-4278,Wayne Partners,billing@wayne.com,NA,Travel,Start,Annual,10,USD,"4,900.00 USD",0,Paid,ach,2021-12-08,Jun 28 2024,0,5,2
INV-100777,ACC-8645,Pied Piper LLC,billing@pied.com,APAC,Energy,Tier 2,monthly,50,EUR,4811.40,10,Pending,Wire Transfer,Dec 28 2022,11/27/2024,false,1,0
INV-102924,ACC-7329,Stark Inc,billing@stark.com,LATAM,Fintech,STARTER,Annual,50,GBP,-31115.00,0,refunded,invoice,2024/01/31,Oct 17 2025,0,1,1
INV-103266,ACC-4749,Prestige Partners,billing@prestige.com,LATAM,Media,Pro,monthly,250,USD,24750.00,0,success,,09/07/2023,2026/03/08,0,5,5
INV-103502,ACC-2856,Tyrell Labs,billing@tyrell.com,LATAM,,Enterprise,yearly,1,USD,2990.00,0,Complete,Credit Card,06/24/2022,08/27/2023,FALSE,4,0
INV-102346,ACC-8967,Initech Inc,billing@initech.com,EMEA,Energy,Tier 2,yearly,250,USD,"$247,500.00",0,success,ach,2023-05-06,2025/11/26,0,4,0
INV-103966,ACC-6762,Oscorp Group,billing@oscorp.com,APAC,Manufacturing,Start,monthly,25,USD,$-980.00,20,charged_back,ACH,2023/02/17,2025-10-04,N,4,2
INV-100653,ACC-7420,Pied Piper Inc,billing@pied.com,NA,,enterprise,monthly,10,EUR,3229.20,0,Paid,,2021-09-06,2021-10-21,false,1,1
INV-103625,ACC-7259,Stark Partners,billing@stark.com,APAC,Fintech,Professional,annual,10,EUR,9622.80,10,Paid,ACH,27-04-2021,2023-10-21,N,5,1
INV-100007,ACC-7939,Nakatomi Industries,billing@nakatomi.com,NA,Energy, Starter ,monthly,1,USD,49.00 USD,0,paid,Credit Card,2022-01-25,28-07-2023,false,4,5
INV-100728,ACC-6733,Prestige Holdings,billing@prestige.com,LATAM,Manufacturing,pro,Monthly,1,USD,99.00,0,in_review,ACH,2021-12-16,2023-09-03,No,5,1
INV-104100,ACC-1454,Umbrella Ltd,billing@umbrella.com,APAC,Retail,enterprise,Annual,10,USD,26910,10,success,Credit Card,2023-10-14,Jul 23 2024,FALSE,1,0
INV-103652,ACC-9054,Massive Dynamic Industries,billing@massive.com,NA,Energy,PRO,Monthly,10,USD,-891.00,10,refunded,wire,2021-06-09,08/05/2021,No,4,0
INV-102274,ACC-5559,Gekko Inc,billing@gekko.com,EMEA,Energy,enterprise ,Annual,50,USD,149500.00,0,success,credit_card,2021-06-22,2024/01/09,0,2,0
INV-101152,ACC-8552,Stark Holdings,billing@stark.com,LATAM,Healthcare,PRO,monthly,25,USD,"$2,227.50",10,Complete,credit_card,2024-02-03,2024-09-23,0,4,5
INV-104955,ACC-2633,Tyrell Corp,billing@tyrell.com,APAC,Media,PRO,Annual,250,GBP,"£282,892.50",10,PAID,invoice,2022/05/22,2022/06/19,No,2,0
INV-102452,ACC-5562,Initech Partners,billing@initech.com,EMEA,Manufacturing,starter,Annual,50,USD,22050.00,10,Complete,,Jan 1 2022,2023-10-22,N,1,3
INV-103958,ACC-9705,Tyrell Corp,,EMEA,Education,Professional,Monthly,50,USD,"$4,950.00",0,in_review,ach,2021-12-25,2023-03-18,FALSE,,0
INV-102616,ACC-5009,Hooli Labs,billing@hooli.com,LATAM,Gaming, Starter ,Annual,50,USD,24500.00,0,void,ach,2022-06-01,12/04/2023,FALSE,5,0
INV-102413,ACC-3727,Initech Corp,billing@initech.com,NA,Logistics,STARTER,annually,10,GBP,6223.00,0,void,Credit Card,2021-03-06,06/02/2022,0,,0
INV-103274,ACC-9303,Wonka Inc,billing@wonka.com,LATAM,Media,Pro,Monthly,250,USD,24750.00,0,success,Wire Transfer,2022/02/17,09/25/2022,No,,2
INV-101753,ACC-2187,Tyrell Corp,billing@tyrell.com,EMEA,Logistics,ENT,annual,250,USD,"$747,500.00",0,canceled,Wire Transfer,04/23/2024,2024/05/07,Y,5,5
INV-101584,ACC-8410,Vandelay Labs,billing@vandelay.com,LATAM,Media,enterprise ,Monthly,3,USD,$672.75,25,awaiting,Credit Card,07/22/2022,2022-08-09,0,5,0
INV-100281,ACC-2663,Prestige Partners,billing@prestige.com,LATAM,Gaming,Tier 1,yearly,5,USD,2450.00,0,error,,19-10-2021,11/05/2022,FALSE,,5
INV-104567,ACC-3685,Initech Corp,billing@initech.com,NA,Media,pro,monthly,5,USD,396.00,20,PAID,credit_card,2024-05-26,06/16/2025,false,5,8
INV-102986,ACC-3048,Stark LLC,billing@stark.com,APAC,Education,Tier 3,annual,5,GBP,18986,0,error,invoice,May 2 2022,2022-10-31,1,4,3
INV-102002,ACC-5661,Acme Group,billing@acme.com,NA,Retail,Starter,Monthly,100,USD,4410.00,10,Complete,credit_card,Jun 20 2022,2022-10-06,FALSE,,2
INV-103248,ACC-9199,Massive Dynamic Partners,billing@massive.com,EMEA,Retail,Pro,Annual,10,EUR,10692,0,completed,invoice,2022/03/13,May 6 2024,No,,3
INV-103624,ACC-8493,Wonka Group,billing@wonka.com,EMEA,Education,Tier 2,Monthly,1,EUR,96.23,10,Paid,ach,11/11/2021,2023-01-23,FALSE,3,0
INV-100328,ACC-2080,Prestige Labs,billing@prestige.com,APAC,Travel,Starter,annually,25,USD,12250.00,0,FAILED,Wire Transfer,2023/02/12,Oct 31 2025,N,2,0
INV-102336,ACC-6314,Cyberdyne Holdings,billing@cyberdyne.com,LATAM,Education,Start,Monthly,10,USD,490,0,success,wire,2023-11-04,2025-09-19,Yes,5,0
INV-102291,ACC-2282,Aperture Corp,billing@aperture.com,APAC,Media,Tier 1,annual,10,EUR,5292.00,0,PAID,ach,2021-08-20,2023-08-02,1,4,0
INV-103623,ACC-5686,Initech LLC,billing@initech.com,LATAM,Healthcare,Pro,Monthly,3,EUR,€-320.76,0,Refunded,wire,2022-05-14,2022-07-18,FALSE,5,0
INV-103854,ACC-6408,Tyrell LLC,billing@tyrell.com,NA,Fintech, Starter ,monthly,50,USD,"2,450.00 USD",0,canceled,wire,2023-09-20,2024-05-01,false,5,0
INV-100713,ACC-9113,Umbrella Co,billing@umbrella.com,EMEA,Logistics,STARTER,monthly,50,GBP,3112,0,PAID,ACH,2022-04-11,10/12/2023,N,5,0
INV-102214,ACC-8228,Umbrella Partners,,NA,Education,PRO,Monthly,3,USD,252.45 USD,15,VOID,invoice,04/30/2021,06/26/2022,1,2,0
INV-100381,ACC-8436,Wayne Inc,billing@wayne.com,EMEA,Healthcare,STARTER,Monthly,3,USD,124.95,15,success,ach,2021-04-13,Dec 26 2021,Yes,4,0
INV-100672,ACC-4175,Soylent Group,billing@soylent.com,NA,Healthcare,PRO,Annual,10,USD,9900,0,Complete,Wire Transfer,2021-11-18,Oct 26 2022,FALSE,3,0
INV-102508,ACC-1930,Pied Piper Inc,billing@pied.com,NA,Travel,starter,annually,250,EUR,132300.00,0,Paid,ach,03/08/2021,2023-03-05,0,,0
INV-101622,ACC-9327,Stark LLC,billing@stark.com,LATAM,Manufacturing,Pro,annually,5,GBP,6286.50,0,Failed,ach,2021-12-16,03/03/2023,true,3,0
INV-100968,ACC-8703,Wonka LLC,billing@wonka.com,APAC,Gaming,Tier 2,annual,25,EUR,26730.00,0,success,Wire Transfer,04/26/2021,Dec 30 2021,FALSE,3,3
INV-103509,ACC-6923,Initech LLC,billing_at_initech.com,LATAM,Retail,enterprise,Monthly,1,USD,$-299.00,0,charged_back,ACH,2022/08/19,02/21/2025,false,4,3
INV-102262,ACC-3553,Prestige Industries,billing@prestige.com,APAC,Travel,STARTER,Monthly,100,USD,4165.00,15,Complete,credit_card,2024-09-11,2025/07/09,FALSE,5,1
INV-100632,ACC-8308,Umbrella Partners,billing@umbrella.com,LATAM,Retail,Enterprise,Monthly,10,EUR,"€3,229.20",0,Void,credit_card,08/15/2023,10/06/2023,No,,5
INV-104260,ACC-9504,Wonka Inc,billing@wonka.com,APAC,Fintech,Start,monthly,10,USD,490.00,0,success,credit_card,2022-10-15,2024-08-18,0,,0
INV-101834,ACC-8287,Gekko LLC,billing@gekko.com,LATAM,Manufacturing,Starter,monthly,10,USD,416.50,15,Paid,ACH,2021-03-07,2023-08-10,Y,2,1
INV-102709,ACC-2669,Cyberdyne Labs,billing@cyberdyne.com,LATAM,Logistics,Tier 1,Monthly,50,USD,"$2,082.50",15,paid,ach,2021-01-14,2021/11/07,No,3,0
INV-103219,ACC-2040,Wayne Group,billing@wayne.com,EMEA,Gaming,Starter,Monthly,250,EUR,10584.00,20,success,ACH,2024/04/23,2025-11-11,1,2,2
INV-103555,ACC-3713,Hooli Holdings,billing@hooli.com,APAC,Energy,Enterprise ,Monthly,10,USD,"$2,392.00",20,Pending,wire,Jun 24 2021,Feb 26 2024,false,5,0
INV-104221,ACC-5943,Umbrella Corp,billing@umbrella.com,APAC,,PRO,Monthly,1,EUR,106.92,0,Complete,credit_card,2023-10-16,01/16/2026,Y,5,0
INV-103775,ACC-1616,Gekko Holdings,billing@gekko.com,NA,Education,Professional,Monthly,1,USD,99.00,0,completed,invoice,Mar 6 2021,2021-07-21,No,4,0
INV-103752,ACC-5124,Umbrella Inc,billing@umbrella.com,NA,Manufacturing,STARTER,Annual,250,EUR,"132,300.00 EUR",0,Paid,wire,2023-05-01,2025-07-21,false,5,0
INV-100296,ACC-5528,Prestige LLC,billing@prestige.com,EMEA,Gaming,Enterprise,Monthly,3,USD,897.00,0,Paid,wire,2022-05-28,2023-04-02,0,4,2
INV-102680,ACC-3936,Vandelay Inc,billing_at_vandelay.com,NA,Education,Starter,Annual,10,GBP,"£5,289.55",15,paid,,01/19/2023,2024-11-04,false,4,0
INV-104206,ACC-6326,Hooli Holdings,billing@hooli.com,EMEA,Manufacturing,Tier 2,annually,10,USD,9900,0,Paid,Credit Card,Dec 21 2022,Jul 7 2024,0,3,5
INV-100362,ACC-7484,Gekko Labs,,EMEA,Logistics,STARTER,annually,10,EUR,5292.00,0,completed,Wire Transfer,2021-01-09,19-07-2023,0,1,8
INV-103765,ACC-5229,Acme Labs,billing@acme.com,LATAM,Logistics,STARTER,Monthly,10,USD,490.00 USD,0,declined,Wire Transfer,26-09-2021,17-07-2022,Yes,,0
INV-103197,ACC-5058,Tyrell Partners,billing@tyrell.com,APAC,Media,Tier 1,annual,25,USD,"$12,250.00",0,paid,invoice,2022-06-01,2024-08-17,false,5,2
INV-102063,ACC-3270,Dunder Holdings,billing@dunder.com,EMEA,Energy,Start,annually,100,USD,49000.00,0,Complete,invoice,2023-04-16,07-05-2025,false,,0
INV-103905,ACC-4566,Vandelay Ltd,billing@vandelay.com,EMEA,Energy,starter,monthly,250,USD,12250.00,0,success,wire,05/01/2021,2022-09-20,0,,0
INV-101524,ACC-3913,Wayne Group,billing@wayne.com,EMEA,Travel,Enterprise ,annually,5,USD,14950.00,0,success,wire,2024-03-28,2026-01-11,false,5,0
INV-103635,ACC-5981,Pied Piper Inc,billing@pied.com,NA,Fintech,Tier 1,Annual,3,USD,1323,10,Paid,invoice,Jul 31 2021,12/03/2021,TRUE,3,0
INV-104376,ACC-8998,Aperture LLC,billing@aperture.com,LATAM,Fintech,enterprise ,Monthly,250,USD,74750,0,paid,,2024-06-20,2026/10/15,N,3,1
INV-104334,ACC-4593,Gekko Corp,billing@gekko.com,NA,Retail,PRO,Annual,100,EUR,-106920.00,0,refunded,Credit Card,2022-05-11,09/07/2022,No,5,0
INV-103763,ACC-1234,Gekko Co,billing@gekko.com,LATAM,Fintech,Enterprise,yearly,5,USD,13455.00,10,completed,ach,12/03/2023,2024-02-13,N,5,0
INV-103442,ACC-4944,Gekko Corp,billing@gekko.com,LATAM,Gaming,enterprise,Monthly,10,USD,2541.50,15,success,ACH,2022-04-11,07/15/2022,N,,1
INV-104214,ACC-5569,Cyberdyne Co,billing@cyberdyne.com,APAC,Gaming,Starter,monthly,10,GBP,622.30 GBP,0,completed,Credit Card,Jan 16 2021,09/02/2022,No,3,2
INV-103193,ACC-5057,Cyberdyne Labs,billing@cyberdyne.com,APAC,Gaming,Enterprise,monthly,250,USD,-74750.00,0,refunded,Credit Card,2022-11-15,2022-11-30,No,3,2
INV-102179,ACC-8525,Massive Dynamic Labs,billing@massive.com,LATAM,Energy,PRO,monthly,100,EUR,10692,0,paid,credit_card,2021-08-23,2023-09-05,false,1,0
INV-104615,ACC-5734,Stark Co,billing@stark.com,APAC,Travel,starter,monthly,1,USD,41.65 USD,15,Paid,ACH,08/12/2022,2024-08-22,No,2,1
INV-101498,ACC-3433,Oscorp Corp,billing@oscorp.com,LATAM,Healthcare,pro,monthly,10,USD,$990.00,0,Complete,Credit Card,05-01-2021,2023-04-29,FALSE,3,0
INV-101991,ACC-8980,Umbrella LLC,billing@umbrella.com,EMEA,Healthcare,Starter,annually,50,USD,24500.00,0,completed,Wire Transfer,2023-10-27,11/03/2024,No,,2
INV-104235,ACC-8821,Soylent Labs,billing@soylent.com,EMEA,Logistics,enterprise,Monthly,50,USD,"$14,950.00",0,Complete,ACH,08/26/2022,Nov 27 2024,N,3,0
INV-100217,ACC-9015,Massive Dynamic Group,billing@massive.com,EMEA,Travel,Tier 1,yearly,10,GBP,6223.00,0,PAID,ACH,03/29/2021,2022-05-18,Y,,1
INV-101758,ACC-7040,Aperture Industries,billing@aperture.com,EMEA,,Professional,monthly,100,USD,9900.00,0,Pending,credit_card,2022-09-22,2023-01-01,N,4,0
INV-104198,ACC-3902,Gekko Partners,billing@gekko.com,LATAM,Travel,Starter,annual,3,EUR,-1587.60,0,Refunded,Wire Transfer,2022-09-10,2024/03/16,false,5,3
INV-104474,ACC-2292,Nakatomi Holdings,,EMEA,Media,Pro,Annual,100,USD,"$74,250.00",25,success,Credit Card,2021-06-08,06/17/2023,false,3,1
INV-101942,ACC-1002,Oscorp Co,billing@oscorp.com,LATAM,Gaming,Enterprise ,Monthly,10,USD,"2,392.00 USD",20,success,,Aug 5 2024,2024-10-22,0,1,0
INV-102562,ACC-4278,Initech LLC,billing@initech.com,NA,Logistics,enterprise ,yearly,25,USD,74750.00,0,VOID,Credit Card,2022-11-05,02/16/2024,No,5,0
INV-102657,ACC-2319,Gekko LLC,billing@gekko.com,LATAM,Fintech,Tier 2,Monthly,100,EUR,"€-10,692.00",0,charged_back,,2023/06/07,2023-12-27,0,5,0
INV-103715,ACC-5119,Gekko Inc,billing@gekko.com,EMEA,,Tier 1,annually,5,USD,2450.00,0,error,ACH,2021/09/21,2023/09/24,No,5,0
INV-103092,ACC-2873,Stark Inc,billing@stark.com,EMEA,Media,Tier 1,yearly,50,USD,"$22,050.00",10,success,ACH,2022-09-08,2025/03/21,FALSE,5,0
INV-103079,ACC-5861,Nakatomi Co,billing@nakatomi.com,LATAM,Gaming,Start,monthly,3,USD,110.25,25,paid,ACH,2024/05/20,2026-02-20,0,5,1
INV-103382,ACC-9673,Stark LLC,billing@stark.com,EMEA,Media,ENT,yearly,50,EUR,161460.00,0,paid,ach,03/13/2022,2023-11-02,Yes,4,0
INV-104302,ACC-9260,Vandelay Holdings,billing@vandelay.com,LATAM,Energy,starter,annual,10,EUR,5292.00,0,paid,Wire Transfer,20-11-2021,Apr 21 2024,No,5,1
INV-104193,ACC-9378,Dunder Group,billing@dunder.com,LATAM,,pro,Monthly,10,USD,$841.50,15,Complete,,2024-04-04,2025/01/06,true,5,0
INV-103917,ACC-4045,Vandelay Industries,billing@vandelay.com,LATAM,Travel,Tier 2,yearly,250,USD,247500.00,0,declined,wire,2023/07/08,2026/03/27,FALSE,1,0
INV-101296,ACC-6550,Cyberdyne Inc,billing@cyberdyne.com,EMEA,Gaming,Pro,annual,10,USD,9900.00,0,declined,Credit Card,2022-05-24,06/28/2023,false,4,5
INV-104435,ACC-1481,Soylent Ltd,billing@soylent.com,APAC,Manufacturing,starter,monthly,5,EUR,238.14,10,VOID,Wire Transfer,2024/08/01,2026/01/13,0,4,0
INV-101521,ACC-7374,Soylent Co,billing_at_soylent.com,LATAM,Education,Pro ,annual,250,GBP,267176.25,15,PAID,ACH,2021/11/19,2023-12-12,No,4,0
INV-102358,ACC-7488,Vandelay Inc,billing@vandelay.com,APAC,Retail,Tier 2,yearly,250,EUR,"€240,570.00",10,paid,invoice,Oct 7 2021,2024/01/23,N,5,0
INV-104907,ACC-3861,Initech LLC,billing@initech.com,NA,Fintech,Starter,Monthly,5,USD,245,0,PAID,credit_card,2024-08-08,2027/05/03,TRUE,4,0
INV-102422,ACC-6476,Aperture Inc,billing@aperture.com,APAC,Retail,Enterprise,monthly,50,EUR,13724.10,15,Pending,Credit Card,12/03/2023,2026-01-27,No,5,0
INV-102415,ACC-8189,Prestige Inc,billing@prestige.com,NA,Energy,Pro,Monthly,10,GBP,1257.30,0,canceled,credit_card,07/19/2022,08/01/2023,Yes,2,0
INV-104472,ACC-2891,Prestige Industries,billing@prestige.com,APAC,Fintech,PRO,annual,1,EUR,€855.36,20,failed,ACH,2021/04/14,2021/06/16,No,,0
INV-103320,ACC-3945,Vandelay Labs,billing@vandelay.com,NA,Gaming,STARTER,Monthly,50,USD,"$2,450.00",0,PENDING,credit_card,03/31/2022,08/26/2022,N,4,0
INV-100683,ACC-5841,Umbrella LLC,billing@umbrella.com,NA,Gaming,ENT,Annual,10,GBP,37973,0,awaiting,Credit Card,2022/06/30,May 19 2024,TRUE,5,1
INV-103620,ACC-5739,Dunder Corp,billing@dunder.com,APAC,Retail,Professional,Monthly,3,EUR,320.76 EUR,0,VOID,invoice,May 7 2023,2025-12-11,false,4,2
INV-100191,ACC-9456,Prestige Labs,billing@prestige.com,LATAM,Energy,Pro,yearly,10,USD,9900.00,0,PAID,ACH,2023/05/16,Mar 12 2024,N,1,0
INV-104158,ACC-2149,Dunder Industries,billing@dunder.com,LATAM,Media,Pro ,monthly,10,USD,990.00,0,Paid,wire,2023/11/25,03/07/2026,No,4,8
INV-100001,ACC-5333,Tyrell Industries,,EMEA,Media,enterprise ,Monthly,100,USD,"29,900.00 USD",0,success,Credit Card,2023-01-11,08/24/2024,No,2,0
INV-100220,ACC-4377,Pied Piper Corp,billing@pied.com,APAC,,STARTER,yearly,250,USD,122500.00,0,success,Credit Card,04-01-2022,08-01-2024,N,2,2
INV-101073,ACC-1064,Gekko Co,billing@gekko.com,NA,Travel,Professional,Monthly,100,USD,-8415.00,15,Refunded,credit_card,17-03-2021,2022-06-14,false,2,0
INV-104416,ACC-1628,Stark Holdings,billing@stark.com,LATAM,Logistics, Starter ,annual,250,USD,122500.00,0,Paid,credit_card,05/15/2023,03/20/2025,0,5,2
INV-104144,ACC-9904,Hooli Co,billing@hooli.com,EMEA,Education, Starter ,monthly,1,GBP,46.67,25,PENDING,credit_card,2024-03-29,12/30/2025,Y,5,0
INV-100517,ACC-1722,Gekko Inc,billing@gekko.com,APAC,Gaming,Enterprise ,Annual,250,EUR,807300.00,0,PENDING,Wire Transfer,2024-05-09,05/20/2025,No,5,0
INV-100398,ACC-8004,Oscorp Labs,billing@oscorp.com,LATAM,Energy,Pro ,Monthly,1,GBP,107,15,VOID,ACH,Jan 1 2024,2025-04-19,No,,0
INV-104300,ACC-9467,Hooli Corp,billing@hooli.com,APAC,Healthcare,Tier 1,annually,250,USD,104125.00,15,PAID,Credit Card,2022-07-22,2022-10-20,No,4,0
INV-100060,ACC-3828,Initech Co,billing@initech.com,NA,Manufacturing,Enterprise ,annually,3,EUR,7750.08,20,PAID,,2021-11-19,11/17/2023,No,3,8
INV-101872,ACC-5172,Soylent Labs,billing@soylent.com,LATAM,,Starter,monthly,10,USD,490.00 USD,0,PAID,ACH,2023-06-12,11/25/2024,false,3,0
INV-102784,ACC-4576,Initech Industries,billing@initech.com,APAC,Logistics,starter,yearly,25,EUR,"€13,230.00",0,paid,credit_card,2024-10-06,10/12/2024,false,4,0
INV-102235,ACC-1400,Vandelay Partners,billing@vandelay.com,APAC,Healthcare,Professional,Monthly,25,USD,2475.00,0,Paid,invoice,2022/07/14,2025-03-26,No,5,0
INV-104404,ACC-3416,Hooli Inc,billing@hooli.com,LATAM,Energy,Enterprise ,Annual,100,USD,"$299,000.00",0,Complete,Credit Card,2021-07-11,Nov 29 2023,N,3,0
INV-101248,ACC-7885,Massive Dynamic LLC,billing@massive.com,EMEA,Gaming,Tier 3,Monthly,10,USD,"$2,990.00",0,success,,2024-02-11,2025-06-14,No,1,1
INV-104640,ACC-6408,Oscorp Partners,billing@oscorp.com,LATAM,Media,Professional,monthly,10,USD,990.00,0,Complete,Credit Card,2021-05-14,09/29/2023,0,5,0
INV-102310,ACC-2658,Cyberdyne Group,billing@cyberdyne.com,APAC,Gaming, Starter ,yearly,5,USD,-2450.00,0,REFUND,invoice,2022/08/18,06/14/2024,0,2,1
INV-103139,ACC-5840,Massive Dynamic Industries,billing@massive.com,NA,Travel,Tier 3,Monthly,50,USD,14950.00,0,Paid,Wire Transfer,2022-11-12,11-02-2025,1,1,1
INV-100485,ACC-7075,Hooli Ltd,,LATAM,Manufacturing,Pro,Monthly,10,GBP,-1257.30,0,REFUND,wire,2022-02-21,2023-07-13,No,5,8
INV-104493,ACC-8122,Initech Co,billing@initech.com,LATAM,Retail,STARTER,annually,25,USD,12250.00,0,Complete,,2021/08/15,2022-06-11,N,5,1
INV-104021,ACC-1668,Soylent Labs,billing@soylent.com,APAC,Media,Enterprise ,annual,10,USD,"$29,900.00",0,Paid,invoice,09-01-2024,2025/10/25,No,5,0
INV-100872,ACC-5778,Vandelay Holdings,billing@vandelay.com,NA,,Professional,Annual,10,EUR,10692.00,0,success,credit_card,Jan 21 2024,Nov 6 2024,false,5,0
INV-100172,ACC-8418,Gekko Partners,billing@gekko.com,EMEA,Retail,Tier 1,Monthly,100,USD,4900.00,0,completed,wire,2021/07/29,05/13/2022,No,5,2
INV-103594,ACC-7468,Initech Holdings,billing@initech.com,LATAM,Gaming,Tier 1,yearly,5,USD,2450.00,0,Complete,ach,12/05/2023,2024/03/02,N,4,0
INV-101053,ACC-8793,Soylent Holdings,billing@soylent.com,EMEA,Logistics,Enterprise,Annual,250,EUR,807300.00,0,paid,Credit Card,2022-12-12,2023-01-26,N,2,0
INV-104010,ACC-4568,Wayne Ltd,billing@wayne.com,EMEA,Manufacturing,Starter,annual,3,USD,1470.00,0,completed,invoice,2021/07/05,02/03/2023,TRUE,,0
INV-104112,ACC-2720,Soylent Industries,billing@soylent.com,LATAM,Education,PRO,Annual,25,USD,19800.00,20,VOID,Wire Transfer,Sep 16 2022,2022-09-16,1,3,3
INV-100554,ACC-5483,Globex LLC,billing@globex.com,LATAM,Gaming,Tier 2,Monthly,50,EUR,4009.50,25,Complete,ach,2022-03-14,2023-09-11,No,4,5
INV-101639,ACC-5551,Prestige Partners,billing@prestige.com,LATAM,Gaming,enterprise,Monthly,250,EUR,"€80,730.00",0,completed,credit_card,09/05/2021,05/04/2022,0,4,3
INV-104539,ACC-8864,Wayne Holdings,billing@wayne.com,APAC,Travel,Start,Monthly,50,USD,"$2,450.00",0,failed,ACH,2024-06-24,2025/04/27,0,5,2
INV-104048,ACC-9237,Initech Labs,billing@initech.com,NA,Manufacturing,PRO,Monthly,3,USD,297.00,0,PAID,invoice,06/25/2024,2024-11-10,0,4,0
INV-104780,ACC-9092,Wayne Industries,billing@wayne.com,EMEA,Healthcare,STARTER,Monthly,5,USD,245.00,0,success,ach,2022-09-24,2023-06-10,false,3,0
INV-103868,ACC-7561,Hooli Partners,billing@hooli.com,LATAM,Manufacturing,enterprise ,yearly,3,USD,8970.00,0,completed,ach,11/25/2021,2022/03/17,N,5,0
INV-104860,ACC-4596,Prestige Labs,billing@prestige.com,LATAM,Manufacturing,PRO,Monthly,250,USD,"24,750.00 USD",0,completed,ach,07/14/2024,2027/04/06,FALSE,5,8
INV-103059,ACC-3232,Umbrella LLC,billing_at_umbrella.com,APAC,Education,starter,monthly,10,GBP,-467,25,REFUND,Credit Card,08/17/2024,Jan 8 2025,Yes,3,1
INV-101243,ACC-2813,Hooli Co,billing_at_hooli.com,NA,Retail,pro,monthly,50,GBP,"5,657.85 GBP",10,declined,ach,2021-05-13,2021-09-14,false,5,2
INV-104746,ACC-6917,Soylent Inc,billing@soylent.com,LATAM,Energy,Starter,monthly,3,GBP,186.69,0,canceled,wire,2022/10/17,2024/01/28,true,4,0
INV-100955,ACC-2366,Soylent Partners,billing@soylent.com,LATAM,Education,Pro ,Annual,250,EUR,267300.00,0,paid,credit_card,2022-05-20,06/30/2023,0,2,0
INV-100358,ACC-8396,Initech Holdings,billing@initech.com,EMEA,Education,Tier 3,Annual,10,EUR,"€32,292.00",0,Complete,invoice,2022/09/01,02/16/2023,N,4,1
INV-100512,ACC-6724,Pied Piper Inc,billing@pied.com,APAC,Logistics,Tier 2,Monthly,25,USD,"2,227.50 USD",10,success,invoice,2022-07-31,2023-04-29,false,5,5
INV-103310,ACC-1013,Vandelay LLC,billing@vandelay.com,NA,Healthcare,Tier 2,Monthly,250,USD,24750.00,0,Complete,ACH,2023-03-29,2025-05-09,FALSE,5,0
INV-100372,ACC-2815,Stark Inc,billing@stark.com,EMEA,Travel,STARTER,annually,3,USD,1470,0,declined,invoice,12/15/2021,07/19/2024,Y,5,0
INV-100818,ACC-7175,Acme Labs,billing@acme.com,NA,,ENT,Monthly,10,EUR,3229,0,paid,credit_card,2024-08-25,2027-01-13,N,5,0
INV-103650,ACC-3685,Umbrella Ltd,billing@umbrella.com,NA,Healthcare,Enterprise ,monthly,25,USD,"$7,475.00",0,paid,ach,01/25/2024,Jul 18 2026,N,4,0
INV-100971,ACC-9820,Tyrell Partners,billing@tyrell.com,NA,Manufacturing, Starter ,monthly,10,EUR,€476.28,10,success,ach,Jan 21 2022,12/23/2022,0,2,0
INV-104590,ACC-2949,Umbrella Labs,billing@umbrella.com,APAC,Travel,STARTER,Monthly,250,USD,"$11,025.00",10,completed,Credit Card,2022-10-15,2023-12-03,false,4,0
INV-100387,ACC-1698,Oscorp Co,billing@oscorp.com,EMEA,Logistics,ENT,yearly,5,USD,"$14,950.00",0,VOID,,2023/10/28,2024/05/30,No,5,1
INV-101858,ACC-1011,Oscorp Ltd,billing@oscorp.com,NA,Logistics,starter,annual,100,EUR,52920.00,0,PAID,invoice,2023/09/14,2026-06-04,Yes,4,0
INV-102925,ACC-6384,Hooli Corp,billing@hooli.com,NA,Gaming,starter,annually,250,EUR,132300.00,0,Paid,invoice,2022/06/29,2023-12-12,false,3,2
INV-103815,ACC-9844,Gekko Group,billing@gekko.com,NA,Travel,Pro,monthly,5,EUR,534.60 EUR,0,completed,ACH,2024-05-22,11/02/2024,No,1,0
INV-103730,ACC-7792,Hooli Labs,billing@hooli.com,EMEA,Travel,Pro ,Annual,1,USD,990.00,0,success,Wire Transfer,03/28/2022,2024-04-03,No,1,0
INV-100946,ACC-5927,Vandelay Holdings,billing@vandelay.com,LATAM,Energy, Starter ,annual,50,USD,"24,500.00 USD",0,PENDING,credit_card,05/03/2021,2022-05-07,N,1,0
INV-102582,ACC-4161,Cyberdyne Inc,billing@cyberdyne.com,EMEA,Education,Tier 2,annual,100,USD,84150.00,15,paid,ach,05/17/2021,2021/07/31,No,1,0
INV-104065,ACC-6281,Pied Piper Corp,billing@pied.com,EMEA,Education,Starter,Monthly,5,USD,$245.00,0,success,credit_card,10/31/2023,Feb 9 2026,0,4,0
INV-104645,ACC-1053,Umbrella Holdings,billing@umbrella.com,NA,Healthcare,starter,Monthly,3,USD,132.30,10,paid,Credit Card,12-06-2023,2025-02-19,No,5,0
INV-103100,ACC-1409,Vandelay Ltd,billing@vandelay.com,LATAM,Retail,STARTER,annual,25,USD,12250,0,Complete,,2024-09-26,Jun 13 2026,false,4,0
INV-104277,ACC-1319,Pied Piper Inc,billing@pied.com,APAC,Gaming,Professional,annually,5,USD,4950.00,0,FAILED,,Aug 2 2023,2026-01-15,true,5,0
INV-100196,ACC-7996,Oscorp Holdings,billing@oscorp.com,EMEA,Retail,PRO,Annual,10,USD,9900.00,0,success,Credit Card,2023/10/06,2026-01-10,Y,5,0
INV-101645,ACC-9595,Tyrell Labs,billing@tyrell.com,NA,Logistics,Start,monthly,1,USD,-49.00,0,Refunded,wire,10/10/2022,2023-02-23,0,1,8
INV-102023,ACC-5616,Pied Piper Corp,billing@pied.com,NA,Gaming,Tier 2,annual,5,USD,"$4,950.00",0,Void,credit_card,05/21/2023,12/03/2024,TRUE,1,0
INV-103437,ACC-9964,Hooli Holdings,billing@hooli.com,NA,Retail,pro,Annual,5,EUR,"€5,346.00",0,in_review,ach,2023-10-04,2024-12-04,No,2,0
INV-104135,ACC-1414,Vandelay Co,billing@vandelay.com,LATAM,Manufacturing,PRO,monthly,5,USD,445.50,10,Paid,invoice,Feb 10 2021,2023-05-01,N,4,1
INV-100836,ACC-1770,Cyberdyne Ltd,billing@cyberdyne.com,LATAM,Retail,Start,monthly,10,USD,490,0,paid,Wire Transfer,2023/07/21,2025-10-15,false,3,1
INV-104517,ACC-3896,Acme Ltd,billing@acme.com,EMEA,Healthcare,Starter,monthly,1,EUR,52.92,0,PAID,credit_card,2023-07-16,2024-12-30,FALSE,3,0
INV-104192,ACC-8182,Tyrell Group,billing@tyrell.com,NA,Media,PRO,monthly,5,EUR,€534.60,0,Complete,ach,01/28/2022,2023/08/30,FALSE,2,0
INV-100429,ACC-3666,Tyrell Holdings,billing@tyrell.com,APAC,Retail,starter,yearly,1,USD,490.00 USD,0,in_review,Credit Card,2022-05-14,2023/01/27,N,5,0
INV-104939,ACC-2626,Massive Dynamic Corp,billing@massive.com,EMEA,,Tier 1,yearly,10,EUR,4762.80,10,in_review,,2021-02-21,2023/03/07,FALSE,4,3
INV-103209,ACC-6982,Nakatomi Corp,billing@nakatomi.com,EMEA,,Tier 1,annual,100,USD,49000.00,0,Paid,Credit Card,02/23/2024,2025-11-11,N,5,0
INV-102332,ACC-2251,Hooli Corp,billing@hooli.com,EMEA,Gaming,Enterprise,monthly,3,USD,$897.00,0,Complete,invoice,2022/03/13,2024-09-04,false,1,2
INV-100615,ACC-8201,Prestige Corp,billing@prestige.com,NA,Logistics,enterprise ,monthly,100,USD,26910.00,10,Complete,ach,2022/03/21,Oct 24 2024,false,5,2
INV-104576,ACC-5003,Wonka LLC,,NA,Retail,Professional,Monthly,10,GBP,"£1,068.70",15,declined,wire,2022-10-15,Feb 28 2024,0,3,0
INV-103978,ACC-3509,Prestige Holdings,billing@prestige.com,NA,Education,pro,monthly,10,USD,990.00,0,cancelled,credit_card,2021/04/27,2023/01/23,0,4,3
INV-102523,ACC-2718,Cyberdyne Group,billing@cyberdyne.com,LATAM,Education,Starter,monthly,10,USD,392,20,failed,,2021-08-03,12/26/2023,false,4,1
INV-100915,ACC-9042,Stark LLC,billing@stark.com,NA,Education,pro,annually,100,USD,-79200.00,20,REFUND,invoice,2023-12-09,2024-04-29,1,2,3
INV-100234,ACC-5742,Hooli Labs,billing@hooli.com,APAC,Education,Pro,yearly,10,USD,8910,10,paid,ach,2021-11-12,2022/08/07,0,5,0
INV-100920,ACC-9523,Wonka Corp,billing@wonka.com,EMEA,Education,Starter,monthly,3,EUR,€134.95,15,failed,ach,2021-04-11,2023/10/10,0,5,1
INV-101933,ACC-7595,Gekko Group,billing@gekko.com,LATAM,Logistics,Pro ,monthly,10,USD,990.00,0,Complete,Wire Transfer,04/03/2021,11/13/2023,N,1,0
INV-102446,ACC-8046,Hooli Corp,billing@hooli.com,EMEA,Travel,Pro,yearly,50,USD,49500.00,0,Complete,,2024-06-28,2027-03-19,false,4,1
INV-103899,ACC-2373,Cyberdyne Labs,billing@cyberdyne.com,EMEA,Energy,STARTER,monthly,3,USD,110.25,25,success,credit_card,02/15/2022,Jun 27 2022,N,2,1
INV-104553,ACC-8909,Aperture Holdings,billing@aperture.com,EMEA,Manufacturing,PRO,monthly,50,USD,"4,950.00 USD",0,Paid,Wire Transfer,Nov 19 2021,2024/04/21,TRUE,1,5
INV-104369,ACC-5695,Cyberdyne Ltd,billing@cyberdyne.com,EMEA,Retail,enterprise ,annual,25,GBP,"£85,439.25",10,PENDING,Credit Card,2023-08-08,2026-04-08,Y,2,1
INV-103833,ACC-6978,Prestige LLC,billing@prestige.com,EMEA,Manufacturing,Professional,annual,100,USD,79200.00,20,success,credit_card,2023/12/23,2025-10-20,FALSE,,0
INV-103695,ACC-4191,Gekko Group,billing@gekko.com,APAC,Education,ENT,Annual,10,EUR,32292,0,paid,invoice,May 17 2021,2022-05-21,No,5,0
INV-102869,ACC-5056,Oscorp Inc,billing@oscorp.com,APAC,Manufacturing,Professional,yearly,25,EUR,"€21,384.00",20,cancelled,,2022-04-25,2023-01-22,FALSE,3,0
INV-100572,ACC-3518,Vandelay LLC,billing@vandelay.com,EMEA,Travel,Start,Monthly,10,EUR,€423.36,20,awaiting,,2024-04-26,11/02/2026,0,5,0
INV-103676,ACC-8058,Gekko LLC,billing@gekko.com,APAC,Energy,Tier 2,monthly,10,EUR,855.36 EUR,20,FAILED,Wire Transfer,03/09/2023,2024/10/03,false,5,0
INV-100725,ACC-1977,Oscorp Inc,billing@oscorp.com,EMEA,Manufacturing,Tier 1,Monthly,50,EUR,2646.00,0,Void,Credit Card,02/13/2024,08/11/2026,N,5,2
INV-103993,ACC-3644,Massive Dynamic Co,billing@massive.com,NA,Manufacturing,Pro,Annual,1,USD,-990.00,0,Refunded,Credit Card,2021-04-14,2022-07-04,N,4,0
INV-102225,ACC-3752,Prestige Group,billing@prestige.com,EMEA,Retail,STARTER,Annual,3,USD,1323.00,10,paid,invoice,2021-12-16,28-09-2022,N,,0
INV-100692,ACC-1438,Aperture Corp,billing@aperture.com,LATAM,Manufacturing,pro,Monthly,100,USD,9900.00,0,completed,ACH,2024-09-12,2026-08-12,0,3,2
INV-101543,ACC-2587,Prestige Co,billing@prestige.com,EMEA,Travel,Tier 3,annual,10,EUR,32292.00,0,void,credit_card,2022-10-23,2024-04-27,No,4,1
INV-100912,ACC-8395,Umbrella LLC,billing@umbrella.com,APAC,Energy,Enterprise ,annually,50,USD,149500.00,0,Complete,Credit Card,2023/05/07,07/14/2023,TRUE,5,0
INV-101529,ACC-9417,Wonka LLC,billing@wonka.com,LATAM,Retail,Starter,Monthly,10,USD,-416.50,15,charged_back,Wire Transfer,2024-03-06,May 15 2024,Yes,4,0
INV-104286,ACC-7749,Gekko Industries,billing@gekko.com,NA,Media,Tier 2,monthly,100,USD,9900.00,0,completed,Wire Transfer,17-04-2021,2021-08-11,FALSE,,0
INV-101688,ACC-9515,Oscorp Inc,billing@oscorp.com,EMEA,Gaming,starter,Monthly,100,USD,4900.00,0,PAID,Credit Card,2024/05/22,12/18/2024,0,4,0
INV-101298,ACC-9368,Nakatomi Partners,billing@nakatomi.com,APAC,Healthcare,Pro ,yearly,25,USD,"$24,750.00",0,paid,,08/15/2024,Nov 23 2026,FALSE,5,0
INV-103797,ACC-2015,Stark Partners,billing@stark.com,EMEA,Manufacturing,enterprise ,Monthly,5,USD,"$1,495.00",0,Complete,invoice,Apr 2 2021,2023-04-18,false,2,0
INV-104314,ACC-8149,Stark Group,billing@stark.com,EMEA,Manufacturing,STARTER,Monthly,100,EUR,"€4,233.60",20,paid,Credit Card,04/26/2022,2022-10-23,0,3,1
INV-100686,ACC-7263,Oscorp Ltd,billing@oscorp.com,APAC,Gaming,Enterprise,Monthly,50,USD,14950.00,0,PAID,invoice,01/02/2024,2025-12-16,No,5,0
INV-101515,ACC-3080,Wonka Co,billing@wonka.com,APAC,Retail, Starter ,Annual,10,EUR,"€5,292.00",0,success,wire,2024-03-22,Jun 24 2024,N,4,0
INV-103050,ACC-1110,Soylent Industries,billing@soylent.com,NA,Manufacturing,Pro ,monthly,10,USD,990.00,0,PAID,ACH,2022-08-11,2022-09-23,1,5,2
INV-103358,ACC-4687,Vandelay Inc,billing@vandelay.com,APAC,Media,PRO,yearly,3,GBP,3771.90,0,Complete,Wire Transfer,May 8 2022,01/29/2024,false,1,0
INV-104532,ACC-8497,Acme Group,billing@acme.com,EMEA,Travel,STARTER,monthly,10,USD,$-367.50,25,REFUND,Wire Transfer,2022-01-21,2023-01-14,No,3,0
INV-104529,ACC-5064,Nakatomi Ltd,billing@nakatomi.com,LATAM,Retail,starter,Monthly,3,USD,$132.30,10,Complete,Credit Card,Sep 18 2022,12/29/2023,TRUE,5,0
INV-103849,ACC-3755,Dunder Labs,billing@dunder.com,EMEA,Energy,ENT,Annual,1,USD,2691.00,10,PAID,invoice,04/01/2021,2023-09-15,0,5,0
INV-100833,ACC-1206,Massive Dynamic Group,,EMEA,Travel,PRO,Monthly,10,GBP,"£1,257.30",0,Void,credit_card,2024-01-24,2024-06-25,Y,5,1
INV-104101,ACC-2344,Cyberdyne Co,billing@cyberdyne.com,NA,Healthcare,pro,monthly,250,USD,24750.00,0,PAID,Wire Transfer,2022/06/23,Nov 23 2024,N,4,0
INV-103097,ACC-4828,Nakatomi Co,billing@nakatomi.com,LATAM,Gaming,Tier 2,monthly,10,USD,$742.50,25,success,ACH,07/09/2022,2022-11-13,true,4,0
INV-102594,ACC-3156,Gekko Holdings,,EMEA,Healthcare,Professional,monthly,10,USD,990.00,0,paid,ach,04/01/2022,2024-01-18,false,4,0
INV-104477,ACC-7986,Umbrella Group,billing@umbrella.com,EMEA,Education,pro,annual,25,EUR,26730.00,0,PAID,ach,2024-02-25,2025-01-10,false,3,2
INV-104093,ACC-8669,Dunder Industries,billing@dunder.com,APAC,Gaming,STARTER,Monthly,100,USD,"$4,900.00",0,completed,credit_card,26-05-2024,2026-08-06,Y,5,1
INV-104324,ACC-4510,Hooli Group,billing@hooli.com,APAC,Healthcare, Starter ,monthly,10,USD,490.00 USD,0,Paid,Credit Card,2021-01-20,2021-04-15,0,4,3
INV-100838,ACC-1269,Prestige Holdings,billing@prestige.com,NA,,Start,annual,250,USD,"$122,500.00",0,Paid,Credit Card,04/17/2021,2022-05-24,false,4,0
INV-102564,ACC-7610,Initech Group,billing@initech.com,EMEA,Fintech,STARTER,monthly,25,USD,1225.00,0,paid,invoice,2024-02-01,2025-12-28,FALSE,5,1
INV-102772,ACC-4578,Globex LLC,billing@globex.com,LATAM,Logistics,Professional,monthly,250,USD,"$24,750.00",0,Void,ACH,2021-07-25,2021-09-28,FALSE,4,5
INV-102456,ACC-4275,Dunder Partners,billing@dunder.com,LATAM,Media,Tier 2,monthly,1,USD,99.00,0,Complete,Credit Card,2023-11-25,Dec 5 2023,0,,0
INV-100721,ACC-1138,Aperture Holdings,,LATAM,Fintech,Tier 1,annually,3,USD,1102.50,25,PAID,,2021-10-01,02/05/2024,FALSE,1,0
INV-102226,ACC-6572,Umbrella Group,billing@umbrella.com,APAC,Travel,Tier 1,Annual,10,USD,3920.00,20,paid,,2023/01/04,2024/04/23,1,3,1
INV-102083,ACC-8637,Gekko Co,billing@gekko.com,LATAM,Gaming,Tier 1,yearly,250,USD,"$91,875.00",25,PAID,invoice,2022/11/10,08/24/2024,0,,1
INV-100979,ACC-9459,Aperture Labs,billing@aperture.com,APAC,Travel,Enterprise ,yearly,100,USD,269100.00,10,in_review,credit_card,08-08-2024,2024-08-30,N,4,5
INV-104478,ACC-5432,Wayne LLC,billing@wayne.com,APAC,Retail, Starter ,Monthly,10,EUR,396.90,25,Paid,credit_card,2022/05/08,2023/12/07,Y,1,0
INV-101854,ACC-8084,Wayne Partners,billing@wayne.com,APAC,Travel, Starter ,yearly,50,EUR,26460,0,in_review,credit_card,2023-02-14,2023/03/18,false,5,0
INV-100586,ACC-1348,Globex Industries,billing_at_globex.com,NA,Manufacturing,PRO,yearly,10,USD,9900.00,0,void,ach,2021-07-16,2021-11-12,N,,3
INV-103328,ACC-9413,Vandelay Ltd,billing@vandelay.com,NA,Healthcare,Start,Annual,100,USD,49000.00,0,Paid,,2022-11-30,Jul 5 2024,No,5,1
INV-102832,ACC-4928,Dunder Holdings,billing@dunder.com,EMEA,,Professional,monthly,250,EUR,20047.50,25,Paid,Wire Transfer,2023-04-24,2024-12-11,Yes,4,0
INV-104597,ACC-6090,Acme Holdings,billing@acme.com,NA,,starter,Monthly,100,USD,"$4,900.00",0,PAID,credit_card,2024-04-27,2024/09/10,Yes,4,8
INV-104249,ACC-6454,Initech Group,,LATAM,,STARTER,Monthly,50,USD,1837.50,25,Paid,,09/21/2021,2023-11-27,true,,2
INV-104785,ACC-7855,Oscorp Industries,billing@oscorp.com,NA,Media,Start,yearly,25,USD,12250.00,0,paid,Credit Card,Dec 8 2021,02-09-2024,No,3,2
INV-100256,ACC-4385,Soylent Labs,billing@soylent.com,LATAM,,PRO,Annual,10,USD,7425.00,25,PAID,Wire Transfer,28-04-2022,2024-01-20,FALSE,3,1
INV-102106,ACC-7351,Acme LLC,billing@acme.com,NA,Retail,Tier 1,Monthly,100,EUR,"€3,969.00",25,PAID,ach,01/09/2023,12/03/2024,false,5,0
INV-103571,ACC-4718,Vandelay Holdings,billing@vandelay.com,LATAM,Logistics,Tier 2,annually,10,USD,9900.00,0,PAID,ach,2022-09-09,10/09/2022,Yes,5,3
INV-104600,ACC-8588,Globex Labs,billing@globex.com,EMEA,Retail,Starter,annually,100,USD,36750.00,25,Complete,ACH,2024-09-17,Feb 3 2026,Yes,3,0
INV-104409,ACC-9859,Umbrella Partners,billing@umbrella.com,LATAM,Healthcare,pro,Annual,250,USD,-210375.00,15,refunded,ach,2023-05-20,04/09/2025,false,5,0
INV-102844,ACC-5529,Wonka Labs,billing@wonka.com,NA,Fintech,Tier 3,annual,10,GBP,30378,20,completed,ACH,10/23/2023,Mar 31 2025,0,,2
INV-104390,ACC-8809,Oscorp Corp,billing@oscorp.com,NA,Healthcare,pro,monthly,250,EUR,22720.50,15,Failed,invoice,2022-08-12,2024/10/03,FALSE,4,0
INV-100675,ACC-3317,Hooli Inc,billing@hooli.com,EMEA,Manufacturing,STARTER,monthly,250,USD,"$12,250.00",0,void,ACH,2021-09-16,2021/09/17,FALSE,,2
INV-100089,ACC-6484,Cyberdyne Co,billing@cyberdyne.com,APAC,Education, Starter ,annually,5,USD,"$2,450.00",0,in_review,Wire Transfer,2023-03-27,12/12/2025,N,5,0
INV-100515,ACC-7108,Vandelay Labs,billing@vandelay.com,EMEA,Retail,Start,annual,1,EUR,€529.20,0,PAID,,Feb 24 2022,06/27/2022,N,1,0
INV-101457,ACC-1329,Massive Dynamic Ltd,billing@massive.com,LATAM,Manufacturing,pro,monthly,250,USD,-24750,0,charged_back,ach,2024-07-12,Jun 10 2025,0,5,1
INV-101934,ACC-4339,Dunder Holdings,billing@dunder.com,NA,Travel,starter,Monthly,10,USD,441.00,10,Pending,credit_card,12/12/2021,2022-11-30,N,5,1
INV-101255,ACC-6579,Globex Partners,billing@globex.com,APAC,Healthcare,ENT,monthly,100,USD,23920.00,20,Failed,Credit Card,2023-12-13,2026/05/04,false,1,0
INV-103683,ACC-1720,Wonka Ltd,billing@wonka.com,LATAM,Fintech,enterprise,monthly,3,USD,$897.00,0,Failed,,12/19/2021,11/19/2023,false,1,0
INV-104708,ACC-1703,Wonka Co,billing@wonka.com,APAC,Logistics, Starter ,monthly,100,USD,"4,900.00 USD",0,Pending,invoice,Sep 25 2022,2024-09-16,true,3,0
INV-100729,ACC-5880,Acme Co,billing@acme.com,NA,,Tier 3,annually,1,USD,"$2,990.00",0,completed,,2024-04-23,02/28/2025,Yes,5,1
INV-102067,ACC-6216,Oscorp LLC,billing@oscorp.com,NA,Gaming,enterprise ,yearly,10,USD,29900,0,paid,invoice,Dec 23 2021,2023-07-31,No,3,0
INV-102595,ACC-2489,Vandelay Ltd,billing@vandelay.com,APAC,Retail,PRO,yearly,25,USD,"$21,037.50",15,success,invoice,11/20/2021,2022-07-24,FALSE,4,1
INV-101927,ACC-4495,Initech Inc,billing@initech.com,EMEA,Gaming,enterprise,monthly,5,USD,1495.00,0,PAID,wire,17-07-2021,Dec 14 2023,0,5,1
INV-101145,ACC-1392,Massive Dynamic Labs,billing@massive.com,EMEA,,ENT,monthly,250,USD,74750.00,0,Paid,ach,2023-09-29,2024-04-16,N,5,0
INV-104565,ACC-9489,Vandelay Partners,billing@vandelay.com,EMEA,Education,Pro,monthly,250,GBP,31432,0,completed,ach,2021-07-06,Nov 8 2022,N,3,3
INV-100522,ACC-6751,Massive Dynamic Partners,billing@massive.com,EMEA,Travel,enterprise ,Monthly,100,USD,29900.00,0,paid,wire,01/19/2024,2024/04/22,1,2,0
INV-101725,ACC-7531,Massive Dynamic Holdings,billing@massive.com,EMEA,Gaming,Professional,monthly,5,GBP,628.65 GBP,0,in_review,invoice,2021-08-03,2021-08-22,FALSE,1,1
INV-101898,ACC-1565,Dunder Industries,billing@dunder.com,EMEA,Media,starter,Annual,250,USD,"122,500.00 USD",0,PENDING,Wire Transfer,01/17/2021,Feb 13 2021,false,5,1
INV-102570,ACC-3165,Massive Dynamic Co,billing@massive.com,EMEA,Gaming,Pro,monthly,5,USD,445.50,10,success,,2024/09/06,09/14/2024,0,,1
INV-100303,ACC-1618,Vandelay Labs,billing@vandelay.com,NA,Travel,Starter,yearly,5,USD,2450.00,0,completed,invoice,2023-06-16,11/06/2023,false,4,0
INV-102590,ACC-5987,Soylent Labs,billing@soylent.com,EMEA,Logistics,Starter,monthly,5,USD,208.25 USD,15,completed,,2022-10-24,Aug 5 2024,N,5,0
INV-104393,ACC-8024,Nakatomi Group,billing@nakatomi.com,NA,Energy,Start,monthly,250,EUR,"€13,230.00",0,Paid,invoice,Jun 12 2023,2024/06/11,0,5,0
INV-103313,ACC-1577,Nakatomi Partners,billing@nakatomi.com,LATAM,Media,STARTER,monthly,3,USD,$-147.00,0,refunded,ach,2023-05-24,08/21/2023,true,,0
INV-104151,ACC-9357,Gekko Industries,billing@gekko.com,LATAM,Healthcare,PRO,yearly,25,USD,"$24,750.00",0,PAID,ACH,2023/08/07,06/09/2025,0,,1
INV-104712,ACC-3188,Stark Group,billing@stark.com,LATAM,Logistics,starter,Annual,1,USD,490.00,0,paid,credit_card,01/22/2023,04/09/2025,TRUE,2,0
INV-101065,ACC-9463,Stark LLC,billing@stark.com,APAC,Media,enterprise,Monthly,250,USD,"$67,275.00",10,paid,invoice,2021/08/24,2024-01-11,Yes,5,0
INV-102215,ACC-4914,Gekko Ltd,billing@gekko.com,NA,Education,starter,Monthly,50,USD,"$2,450.00",0,completed,,2022-02-01,04/07/2023,No,2,0
INV-100594,ACC-4310,Aperture Ltd,billing@aperture.com,NA,Energy, Starter ,annual,10,USD,4900.00,0,completed,ach,Aug 20 2024,Jun 1 2025,1,5,0
INV-101609,ACC-3329,Hooli Inc,billing@hooli.com,APAC,Fintech,ENT,annual,250,EUR,"€726,570.00",10,declined,,2022-11-27,Jul 17 2023,0,4,0
INV-101328,ACC-2366,Oscorp Industries,billing@oscorp.com,NA,Healthcare,Professional,annual,25,USD,"$21,037.50",15,paid,wire,01/12/2024,09/01/2024,FALSE,3,2
INV-104485,ACC-4592,Nakatomi Group,billing@nakatomi.com,NA,Retail,Professional,Annual,250,EUR,"€267,300.00",0,Paid,invoice,07/01/2023,2023-07-02,false,1,1
INV-104686,ACC-3097,Cyberdyne LLC,billing@cyberdyne.com,EMEA,Fintech,Starter,annually,1,USD,$490.00,0,paid,Wire Transfer,2022/02/18,2024-11-13,No,5,0
INV-104804,ACC-8201,Hooli LLC,billing@hooli.com,LATAM,Gaming,Tier 1,Annual,3,USD,"$1,470.00",0,in_review,Credit Card,08/18/2024,2026-04-13,0,2,3
INV-104458,ACC-3297,Soylent Co,billing@soylent.com,EMEA,Healthcare,Starter,Monthly,10,USD,490.00 USD,0,paid,wire,12/09/2021,2023-01-24,No,5,5
INV-104678,ACC-8256,Acme Co,billing@acme.com,LATAM,Energy,Tier 1,annual,100,USD,"$49,000.00",0,Paid,ach,2023/08/06,04/02/2026,No,5,0
INV-104062,ACC-3596,Hooli Group,,NA,Logistics,Starter,yearly,5,USD,2205.00,10,Paid,Wire Transfer,01/28/2023,2025/04/15,N,2,0
INV-101017,ACC-2573,Massive Dynamic Co,billing@massive.com,LATAM,Retail,Start,Monthly,100,USD,4900.00,0,PAID,invoice,2021-03-27,2022-09-08,No,5,0
INV-102652,ACC-9858,Initech Labs,billing@initech.com,EMEA,Education,Professional,monthly,250,USD,22275.00,10,success,Wire Transfer,02/26/2023,07/26/2025,TRUE,4,3
INV-100270,ACC-9311,Prestige Inc,billing@prestige.com,EMEA,Healthcare, Starter ,Monthly,3,USD,132.30,10,Complete,invoice,2023/10/18,2025-11-06,0,3,0
INV-100282,ACC-5110,Pied Piper Holdings,billing@pied.com,LATAM,Manufacturing,Enterprise ,Monthly,25,USD,7475,0,awaiting,Wire Transfer,Jul 3 2021,Aug 11 2022,No,3,1
INV-102001,ACC-2399,Prestige Group,billing@prestige.com,EMEA,Fintech,enterprise,Monthly,100,EUR,32292.00,0,declined,Credit Card,2022-03-06,12/26/2022,1,5,0
INV-101605,ACC-2646,Initech Industries,billing@initech.com,EMEA,Logistics, Starter ,Monthly,5,USD,$208.25,15,completed,invoice,2021-11-03,2022-08-30,false,5,0
INV-102536,ACC-2414,Oscorp Industries,billing@oscorp.com,NA,Gaming,Start,annually,10,USD,"$4,900.00",0,success,ACH,2022-12-20,2024/09/08,false,1,0
INV-103840,ACC-9864,Pied Piper Labs,billing_at_pied.com,LATAM,Gaming,STARTER,yearly,3,EUR,1270.08,20,success,Credit Card,2022-08-20,2025/01/25,FALSE,4,0
INV-100086,ACC-8161,Globex LLC,billing@globex.com,LATAM,Healthcare,Starter,annually,25,USD,12250.00,0,Complete,ach,2022/12/30,2024-07-18,FALSE,4,2
INV-104733,ACC-3754,Acme Holdings,billing@acme.com,EMEA,Logistics, Starter ,annually,10,USD,4410.00,10,paid,ach,2023-09-14,2024/11/21,true,5,0
INV-100241,ACC-3937,Pied Piper Industries,billing@pied.com,EMEA,Healthcare, Starter ,Monthly,100,USD,4900.00,0,paid,ach,03/20/2023,03-05-2024,false,2,0
INV-104307,ACC-7659,Hooli Industries,billing@hooli.com,NA,Education,Starter,monthly,100,USD,3675,25,in_review,ACH,2021-02-27,10/02/2023,false,4,0
INV-101717,ACC-2091,Gekko Ltd,billing@gekko.com,APAC,Energy,Starter,Monthly,250,GBP,15557.50,0,Paid,ACH,06/20/2021,2023/06/23,0,,1
INV-101715,ACC-9275,Oscorp Partners,billing@oscorp.com,APAC,Travel, Starter ,monthly,100,USD,4900.00,0,Failed,ach,2023-07-06,2025-11-30,false,2,0
INV-101849,ACC-2168,Aperture Labs,billing@aperture.com,EMEA,Healthcare,Professional,Monthly,3,EUR,320.76,0,failed,ach,May 8 2021,Sep 4 2023,true,1,2
INV-101357,ACC-7678,Vandelay Holdings,billing@vandelay.com,NA,Media,Tier 1,Annual,100,USD,49000,0,success,Credit Card,12/17/2022,2024/08/25,0,,0
INV-103637,ACC-1397,Gekko Labs,billing@gekko.com,EMEA,Healthcare,Tier 1,Monthly,10,GBP,622,0,Paid,invoice,01/31/2021,2021-11-01,FALSE,1,1
INV-103093,ACC-9182,Dunder Inc,billing@dunder.com,LATAM,Travel, Starter ,Monthly,5,USD,245.00 USD,0,Paid,Credit Card,2023-03-23,2023/07/08,true,2,2
INV-100562,ACC-1275,Massive Dynamic LLC,billing@massive.com,LATAM,Manufacturing, Starter ,monthly,5,GBP,264.48,15,completed,wire,2024-03-27,2026-06-18,N,3,0
INV-100967,ACC-5998,Umbrella Labs,billing_at_umbrella.com,NA,Education,pro,monthly,100,USD,-9900.00,0,refunded,ACH,2021-12-08,2023-11-22,TRUE,3,0
INV-102821,ACC-8320,Initech Inc,billing@initech.com,LATAM,Travel,enterprise,Monthly,1,USD,$299.00,0,VOID,ACH,2024-09-11,04/03/2026,Y,5,1
INV-100239,ACC-6698,Stark Partners,,NA,Manufacturing,Tier 1,monthly,10,EUR,529.20 EUR,0,awaiting,,2022-01-28,10/11/2024,0,5,0
INV-101187,ACC-5229,Massive Dynamic Holdings,billing@massive.com,LATAM,Travel,enterprise,annual,3,USD,7176.00,20,completed,wire,2023-09-22,2025-02-27,false,3,0
INV-103179,ACC-1506,Nakatomi Partners,billing@nakatomi.com,LATAM,Healthcare,starter,yearly,250,EUR,"€132,300.00",0,success,credit_card,2024-01-18,2024-09-13,N,5,0
INV-102666,ACC-8210,Cyberdyne Co,billing@cyberdyne.com,APAC,Retail, Starter ,annual,3,USD,1470.00,0,in_review,Wire Transfer,2022-12-06,2023-09-23,Yes,4,0
INV-103689,ACC-1525,Prestige Ltd,billing@prestige.com,APAC,Travel, Starter ,annually,1,USD,$-416.50,15,charged_back,ACH,05/05/2024,2026-10-12,No,4,0
INV-103701,ACC-6272,Massive Dynamic LLC,,APAC,Gaming,Tier 1,annually,10,USD,4900.00,0,completed,Credit Card,Mar 29 2024,2026-05-10,Y,5,0
INV-100962,ACC-2127,Wayne Labs,billing@wayne.com,APAC,Fintech,Start,Monthly,50,USD,2450.00,0,pending,ACH,2024-10-24,2025-02-14,Y,5,0
INV-103713,ACC-4622,Wonka Holdings,billing@wonka.com,LATAM,Media,pro,Monthly,25,USD,"$2,475.00",0,success,Wire Transfer,Oct 11 2024,2025-06-26,N,,0
INV-100864,ACC-5251,Massive Dynamic Industries,billing@massive.com,LATAM,,Start,annually,50,USD,"$18,375.00",25,paid,Wire Transfer,01/21/2024,2025-07-27,N,1,0
INV-103787,ACC-5088,Prestige Partners,billing@prestige.com,NA,Healthcare,Tier 2,monthly,5,USD,495.00,0,Pending,invoice,2022-03-08,2022-04-18,FALSE,5,0
INV-101846,ACC-6748,Prestige Co,billing@prestige.com,NA,Travel,STARTER,monthly,10,USD,490.00,0,paid,wire,2024-07-16,2024-08-05,1,4,0
INV-102661,ACC-2217,Gekko Co,billing@gekko.com,APAC,Healthcare,Start,Annual,50,USD,24500,0,void,,08/10/2024,2024/09/26,FALSE,3,1
INV-104366,ACC-8192,Aperture Labs,billing@aperture.com,LATAM,Education,ENT,monthly,1,USD,299.00,0,completed,,2024-09-08,2024-11-11,N,5,3
INV-101286,ACC-5755,Prestige Industries,billing@prestige.com,NA,Healthcare,Professional,monthly,1,USD,-99.00,0,REFUND,ach,2021-11-18,04/16/2024,No,4,0
INV-102574,ACC-8002,Initech Group,billing@initech.com,NA,Healthcare,Tier 2,Monthly,1,EUR,107,0,Complete,wire,2024-05-08,2025/09/21,Yes,3,0
INV-104397,ACC-6750,Nakatomi Ltd,billing@nakatomi.com,APAC,Energy,PRO,monthly,3,GBP,£339.47,10,Pending,Wire Transfer,2024-02-11,2025-03-10,TRUE,5,0
INV-100161,ACC-9482,Massive Dynamic Group,billing@massive.com,NA,Media, Starter ,Monthly,3,EUR,158.76,0,completed,Credit Card,07/21/2022,2023-03-09,false,3,5
INV-102526,ACC-9568,Tyrell Holdings,billing@tyrell.com,EMEA,Education,PRO,Annual,1,USD,990.00,0,paid,ach,Sep 16 2024,2026-07-06,N,1,0
INV-102812,ACC-7433,Hooli Ltd,billing@hooli.com,APAC,Logistics,STARTER,Annual,10,USD,4410.00,10,pending,Credit Card,2021-03-27,2023-09-30,true,5,5
INV-100644,ACC-1473,Dunder Partners,billing@dunder.com,APAC,Manufacturing,starter,yearly,25,EUR,11907.00,10,Failed,invoice,2022-11-21,2024-11-07,FALSE,2,0
INV-104885,ACC-4173,Acme Labs,billing@acme.com,APAC,,starter,annual,10,GBP,"£5,600.70",10,completed,wire,2022-02-25,Jun 11 2023,false,3,2
INV-102041,ACC-4503,Prestige Corp,billing@prestige.com,APAC,Manufacturing,starter,monthly,1,USD,$-49.00,0,Refunded,Wire Transfer,2023-03-29,07/23/2024,FALSE,1,0
INV-102882,ACC-7456,Initech Industries,billing@initech.com,EMEA,Education,pro,Annual,1,USD,-990.00 USD,0,REFUND,ach,2024/06/10,2025/03/21,0,1,0
INV-101979,ACC-4511,Umbrella LLC,billing@umbrella.com,LATAM,Energy,Tier 2,monthly,1,USD,$99.00,0,completed,ach,2023-12-29,2024-09-14,N,,0
INV-103096,ACC-1690,Acme LLC,billing@acme.com,APAC,Manufacturing,Start,Monthly,5,EUR,264.60,0,Complete,Credit Card,2021/12/17,27-07-2022,0,1,0
INV-104527,ACC-6319,Massive Dynamic Corp,billing@massive.com,EMEA,Retail,Tier 1,yearly,5,EUR,"€2,646.00",0,PAID,,2024-05-09,02/11/2025,0,4,1
INV-100861,ACC-3115,Dunder Ltd,,APAC,Gaming,ENT,annually,250,USD,"$747,500.00",0,Paid,wire,2022-03-27,2022-09-15,0,4,0
INV-104537,ACC-7410,Massive Dynamic Partners,billing@massive.com,EMEA,Energy,Pro,Monthly,10,USD,990.00,0,completed,invoice,2021-10-28,2023-11-16,TRUE,4,0
INV-102688,ACC-7190,Wayne Industries,billing@wayne.com,APAC,Healthcare,STARTER,Annual,25,USD,"$12,250.00",0,paid,wire,2021-07-30,2023/03/20,false,5,0
INV-103245,ACC-6302,Umbrella Holdings,billing_at_umbrella.com,NA,Manufacturing,Tier 3,Monthly,100,USD,"$29,900.00",0,error,credit_card,2022-08-05,2025-02-21,FALSE,4,0
INV-103677,ACC-6185,Acme Labs,billing@acme.com,LATAM,Healthcare, Starter ,Monthly,5,USD,$245.00,0,Complete,credit_card,2021-09-10,12/23/2023,false,4,0
INV-104129,ACC-4555,Wayne Inc,billing@wayne.com,APAC,Energy,Professional,Monthly,10,USD,841.50 USD,15,success,,05/17/2024,2024-05-28,0,5,0
INV-102983,ACC-3380,Umbrella Co,billing@umbrella.com,APAC,Retail, Starter ,monthly,3,EUR,€119.07,25,completed,,2021-03-19,2021-04-09,TRUE,2,0
INV-103800,ACC-6443,Aperture Co,billing@aperture.com,APAC,Gaming, Starter ,Monthly,100,USD,"$4,900.00",0,completed,credit_card,2022-06-11,2022-11-30,true,1,8
INV-100564,ACC-1046,Umbrella Partners,billing@umbrella.com,APAC,Energy,Pro ,Monthly,3,USD,297.00 USD,0,Paid,ACH,2024-08-20,2026-11-02,TRUE,4,5
INV-103949,ACC-9796,Oscorp Group,billing@oscorp.com,APAC,Travel,Professional,monthly,50,GBP,"£6,286.50",0,Paid,wire,2023-01-22,2025-09-22,N,4,2
INV-103180,ACC-9667,Aperture LLC,billing@aperture.com,NA,Manufacturing,STARTER,monthly,10,USD,490.00,0,completed,credit_card,04/24/2024,2024-05-26,false,5,0
INV-100044,ACC-6751,Wayne Industries,billing@wayne.com,APAC,Travel,starter,monthly,50,EUR,"2,381.40 EUR",10,void,ACH,2022-03-17,04/06/2023,false,4,1
INV-104951,ACC-1452,Vandelay Inc,billing@vandelay.com,APAC,Energy,PRO,annual,100,USD,99000,0,canceled,ACH,01/24/2024,Jun 24 2025,0,5,0
INV-101423,ACC-7499,Nakatomi LLC,billing@nakatomi.com,LATAM,Retail,Start,Annual,3,GBP,1680.21,10,declined,credit_card,2022-05-24,10/25/2022,false,3,1
INV-104896,ACC-9439,Wayne Inc,billing@wayne.com,NA,Fintech,Start,Monthly,250,EUR,13230.00,0,pending,wire,2023/10/13,01/10/2024,FALSE,5,0
INV-101918,ACC-6649,Umbrella Holdings,billing@umbrella.com,LATAM,Fintech,Tier 1,Monthly,25,USD,1225.00,0,PENDING,Credit Card,2022/01/23,08/01/2023,N,3,3
INV-103037,ACC-5899,Gekko Partners,billing@gekko.com,EMEA,Retail,Pro ,annual,1,GBP,"£1,005.84",20,completed,ACH,05-11-2023,2024-03-17,N,5,1
INV-101556,ACC-1398,Wayne Group,billing@wayne.com,LATAM,Retail,Pro ,monthly,250,USD,"22,275.00 USD",10,success,Wire Transfer,2022/05/09,2023-08-01,Y,4,0
INV-100448,ACC-9761,Stark Ltd,billing@stark.com,EMEA,Retail,Tier 3,Monthly,3,USD,807.30,10,PAID,wire,2022-01-10,2023-12-17,false,3,0
INV-104796,ACC-9748,Soylent Ltd,billing@soylent.com,LATAM,Gaming,Tier 1,monthly,25,USD,1225.00,0,Complete,ach,05/03/2021,2021-12-05,false,5,1
INV-102021,ACC-2277,Stark Holdings,billing@stark.com,EMEA,Media,Start,Monthly,10,USD,490.00,0,PAID,Wire Transfer,2024-03-31,2024-12-08,N,4,1
INV-101618,ACC-4123,Pied Piper Inc,billing@pied.com,LATAM,Gaming,Pro ,Monthly,3,USD,237.60,20,pending,,2022-06-28,08/31/2022,false,4,1
INV-100930,ACC-9585,Oscorp Labs,billing@oscorp.com,LATAM,Travel,enterprise,annual,10,USD,"$29,900.00",0,Pending,ACH,2022/07/31,03/24/2025,Yes,4,1
INV-104273,ACC-4343,Globex Holdings,billing@globex.com,APAC,Manufacturing,Tier 3,monthly,10,USD,"$2,990.00",0,completed,ACH,10/06/2024,Apr 29 2025,FALSE,4,2
INV-103714,ACC-6934,Oscorp Labs,billing@oscorp.com,APAC,Gaming,Starter,monthly,100,USD,"$4,900.00",0,error,wire,10/05/2024,2025-07-27,No,4,0
INV-103075,ACC-8267,Aperture Co,billing@aperture.com,APAC,Education,Pro ,Monthly,250,USD,24750.00,0,Paid,,03/26/2024,2025-11-03,0,3,0
INV-100085,ACC-8790,Wonka Group,billing@wonka.com,LATAM,Gaming,Starter,monthly,10,GBP,£622.30,0,Paid,ACH,2023/03/27,11/02/2025,true,3,8
INV-104569,ACC-2221,Wonka Holdings,billing@wonka.com,LATAM,Healthcare,Start,annually,100,EUR,52920.00,0,Void,invoice,2022-03-11,2024/04/13,0,,0
INV-101338,ACC-2272,Stark Co,billing@stark.com,APAC,Retail,Professional,annually,1,USD,$990.00,0,cancelled,credit_card,2023-11-11,2025-06-02,false,3,0
INV-104967,ACC-1167,Prestige Labs,billing@prestige.com,EMEA,Retail,enterprise ,annually,1,USD,2990.00,0,in_review,ACH,2024/10/21,2025-09-02,N,,0
INV-101375,ACC-6825,Initech Ltd,billing@initech.com,EMEA,Education, Starter ,monthly,250,GBP,-15557.50,0,refunded,Wire Transfer,2022-07-21,2024/03/13,FALSE,5,8
INV-102720,ACC-3624,Pied Piper Group,billing@pied.com,EMEA,Energy,PRO,Annual,25,GBP,"31,432.50 GBP",0,success,Credit Card,2022-05-28,2022-06-06,0,5,2
INV-104702,ACC-3211,Umbrella Group,billing@umbrella.com,NA,Education,enterprise,annual,1,USD,2990.00,0,PAID,ACH,05/30/2021,2022/05/14,false,5,0
INV-102991,ACC-4442,Aperture Labs,billing@aperture.com,EMEA,, Starter ,annual,25,EUR,11245.50,15,success,credit_card,May 26 2024,10/11/2026,FALSE,5,1
INV-101075,ACC-6097,Acme Inc,billing@acme.com,EMEA,Travel,Tier 2,yearly,5,GBP,"£5,657.85",10,Complete,ACH,2024-06-10,10/12/2025,FALSE,5,0
INV-102600,ACC-7365,Gekko Industries,billing@gekko.com,NA,Logistics,starter,Monthly,250,USD,11025,10,void,Credit Card,Mar 25 2023,2023/07/24,Yes,,1
INV-102165,ACC-5588,Massive Dynamic Holdings,billing@massive.com,APAC,Energy,Starter,monthly,250,EUR,"€13,230.00",0,paid,,2021-05-27,Jun 5 2023,No,4,2
INV-100891,ACC-1538,Oscorp LLC,,NA,Manufacturing,Start,Monthly,3,EUR,158.76,0,paid,wire,2022-05-21,Dec 23 2023,0,5,1
INV-102239,ACC-2770,Nakatomi LLC,billing@nakatomi.com,LATAM,Energy,enterprise,annual,50,USD,149500.00,0,completed,Credit Card,01/10/2023,02/10/2025,N,5,0
INV-100661,ACC-5507,Cyberdyne Labs,,NA,Energy,Enterprise ,monthly,5,USD,-1495,0,Refunded,ACH,2024-02-21,2025-11-07,0,4,0
INV-100831,ACC-1420,Pied Piper Labs,billing@pied.com,NA,Gaming,Tier 1,monthly,50,USD,2450,0,paid,Credit Card,08/22/2023,2024-10-18,FALSE,5,0
INV-102852,ACC-1138,Globex Inc,billing@globex.com,LATAM,Gaming,pro,monthly,1,USD,74.25,25,completed,wire,2024-02-20,08/15/2026,TRUE,1,0
INV-102718,ACC-2937,Wayne Ltd,billing@wayne.com,NA,,enterprise,yearly,5,USD,"$14,950.00",0,Paid,ach,08/09/2021,05/11/2023,0,,1
INV-104252,ACC-9178,Nakatomi Labs,billing@nakatomi.com,LATAM,Healthcare,STARTER,Annual,10,USD,4900.00,0,PAID,Credit Card,2022-06-15,2022-09-19,0,3,1
INV-104800,ACC-5036,Initech Industries,billing@initech.com,LATAM,Travel,Tier 3,Annual,1,USD,2691.00,10,paid,ach,07/12/2024,04/22/2025,N,5,1
INV-103399,ACC-9121,Acme Partners,billing@acme.com,EMEA,Logistics,Tier 2,yearly,100,USD,99000.00,0,Complete,invoice,Feb 12 2021,09/08/2022,false,1,3
INV-103874,ACC-6790,Prestige LLC,,APAC,Travel,Professional,Annual,50,USD,"$-49,500.00",0,REFUND,ach,2021-11-20,2022-10-13,No,5,0
INV-104058,ACC-1751,Acme LLC,billing@acme.com,LATAM,Education,PRO,yearly,25,USD,22275.00,10,completed,,2023-04-09,08/30/2024,true,5,0
INV-102194,ACC-7123,Wonka Corp,billing@wonka.com,NA,Healthcare,starter,annually,5,EUR,"€2,646.00",0,failed,Wire Transfer,2021-06-11,2022-08-17,Y,4,0
INV-104866,ACC-9168,Aperture Ltd,billing@aperture.com,NA,,Pro ,yearly,1,USD,990.00,0,success,Wire Transfer,2024-09-19,2026-01-11,false,5,3
INV-100917,ACC-6027,Umbrella Inc,billing@umbrella.com,LATAM,Fintech,starter,Monthly,25,USD,"1,225.00 USD",0,cancelled,,2023-12-30,Aug 7 2026,No,2,1
INV-102601,ACC-3778,Prestige Co,billing@prestige.com,LATAM,Fintech,Start,annual,5,USD,2082.50,15,Paid,ACH,2023-01-10,08/19/2024,No,4,0
INV-100203,ACC-6758,Pied Piper LLC,billing@pied.com,LATAM,Manufacturing,starter,Annual,10,USD,4410.00,10,success,,2022-10-30,2024-05-21,N,4,8
INV-101288,ACC-2487,Wonka Labs,billing@wonka.com,EMEA,Energy,Professional,annually,10,USD,"$9,900.00",0,error,,2022/12/27,2024-12-24,FALSE,5,0
INV-104610,ACC-3826,Cyberdyne Inc,billing@cyberdyne.com,NA,Logistics,Starter,yearly,10,USD,"$4,900.00",0,completed,ACH,2024/09/09,2026-03-16,1,5,1
INV-104626,ACC-7841,Umbrella Inc,billing@umbrella.com,EMEA,Retail,Starter,Monthly,10,USD,367.50,25,cancelled,Wire Transfer,2023-06-15,2024-09-03,FALSE,3,0
INV-102062,ACC-3631,Aperture Partners,billing@aperture.com,APAC,Energy,Starter,annual,10,USD,"$4,900.00",0,completed,wire,2021-01-29,2021-12-10,N,4,5
INV-100617,ACC-2908,Pied Piper Partners,billing@pied.com,NA,Manufacturing,Start,monthly,100,USD,"4,900.00 USD",0,Paid,Wire Transfer,2022-05-20,01-04-2024,N,5,0
INV-102019,ACC-3716,Nakatomi Ltd,billing@nakatomi.com,LATAM,Retail,Tier 2,monthly,250,USD,24750.00,0,PAID,wire,11/26/2021,03/07/2024,0,4,0
INV-100821,ACC-5412,Stark Holdings,billing@stark.com,EMEA,Media,Tier 1,Monthly,50,USD,"1,960.00 USD",20,Complete,ach,2021-06-16,2021-12-15,true,4,0
INV-104543,ACC-7510,Globex Ltd,billing@globex.com,EMEA,Retail,enterprise,monthly,10,USD,2392.00,20,success,,2022-11-23,11/24/2023,Yes,1,0
INV-102637,ACC-7244,Hooli Industries,billing@hooli.com,NA,Manufacturing,Pro ,Monthly,25,USD,2475.00,0,paid,Credit Card,2022/11/21,05/12/2024,false,4,1
INV-100130,ACC-4430,Gekko Holdings,billing@gekko.com,NA,Logistics,pro,annual,5,USD,4950.00,0,Complete,credit_card,09/05/2023,10/01/2024,TRUE,5,3
INV-103779,ACC-5222,Vandelay Corp,billing@vandelay.com,LATAM,,Tier 2,annual,10,EUR,10692.00,0,error,Credit Card,08/11/2021,2023-01-28,0,2,0
INV-103206,ACC-2687,Aperture Partners,billing@aperture.com,NA,Media,starter,monthly,5,USD,196.00 USD,20,Paid,credit_card,2021-12-06,Jul 26 2023,N,3,2
INV-101907,ACC-7104,Dunder Industries,billing@dunder.com,EMEA,Travel,Professional,Annual,25,EUR,20047.50,25,success,ach,2024-04-10,2024-07-17,N,4,5
INV-102522,ACC-5694,Wayne Industries,billing@wayne.com,NA,Manufacturing,Professional,annual,5,USD,3960.00,20,PAID,wire,2022-12-18,06/24/2024,No,5,5
INV-104841,ACC-6481,Pied Piper Holdings,billing@pied.com,EMEA,Retail,pro,Annual,100,USD,-79200.00,20,REFUND,credit_card,2022/01/01,2024-02-28,No,5,2
INV-100235,ACC-8872,Tyrell Partners,billing@tyrell.com,APAC,Education,PRO,Monthly,100,USD,9900,0,PAID,credit_card,2021-04-30,09/26/2021,false,3,2
INV-104110,ACC-5477,Vandelay Ltd,billing@vandelay.com,APAC,Media,Starter,monthly,10,USD,490.00,0,cancelled,ACH,05/16/2024,2026-03-26,No,2,1
INV-100795,ACC-1761,Hooli Partners,billing@hooli.com,EMEA,,Starter,Annual,25,USD,12250.00,0,completed,Wire Transfer,2021-03-12,2022-10-31,No,3,2
INV-104599,ACC-6232,Aperture LLC,billing@aperture.com,EMEA,Travel,starter,yearly,100,GBP,49784.00,20,failed,ACH,2024-06-21,Oct 5 2024,N,4,0
INV-100228,ACC-7400,Initech LLC,billing@initech.com,EMEA,Energy,ENT,monthly,3,USD,897.00,0,in_review,credit_card,2022-02-23,2023-08-10,FALSE,1,0
INV-101599,ACC-5005,Aperture Inc,billing@aperture.com,EMEA,Fintech,Professional,Monthly,250,GBP,"£31,432.50",0,PAID,,12-07-2022,Feb 11 2023,FALSE,5,2
INV-101365,ACC-8560,Wayne LLC,,LATAM,Travel, Starter ,Annual,1,USD,490.00 USD,0,failed,Credit Card,2021-08-05,2022-10-02,1,4,0
INV-102663,ACC-9025,Oscorp Partners,billing@oscorp.com,APAC,Retail,Tier 1,Monthly,50,EUR,2646.00,0,void,invoice,2022-05-09,2023/07/15,FALSE,4,0
INV-100900,ACC-4757,Hooli Corp,billing@hooli.com,NA,Media,starter,monthly,5,USD,$245.00,0,Complete,wire,11/15/2021,2023/05/07,FALSE,5,2
INV-102431,ACC-1532,Prestige Holdings,billing@prestige.com,EMEA,Media, Starter ,monthly,3,EUR,€158.76,0,Complete,,2022-09-06,Sep 12 2023,false,2,0
INV-104378,ACC-6368,Globex Ltd,billing@globex.com,NA,Retail,Tier 1,monthly,100,EUR,"4,233.60 EUR",20,success,Wire Transfer,2022-11-05,10/06/2023,FALSE,1,1
INV-101516,ACC-5738,Massive Dynamic Corp,billing@massive.com,NA,Logistics,Tier 2,Monthly,100,EUR,"10,692.00 EUR",0,success,Wire Transfer,2023-09-05,2024-11-06,N,5,0
INV-103436,ACC-7122,Cyberdyne Partners,billing@cyberdyne.com,NA,Travel,Start,Monthly,25,GBP,"£-1,555.75",0,charged_back,ach,2021-01-19,2022/09/02,N,,0
INV-104081,ACC-2487,Soylent Co,billing@soylent.com,APAC,Retail,Enterprise ,Monthly,10,GBP,3037.84,20,Complete,Credit Card,2022-04-08,29-06-2023,0,1,2
INV-101921,ACC-1787,Globex Industries,billing@globex.com,LATAM,Manufacturing,starter,Monthly,25,EUR,"1,058.40 EUR",20,success,Credit Card,2022-06-17,02/10/2024,N,4,0
INV-100257,ACC-2196,Oscorp Holdings,,LATAM,Media,Starter,Annual,1,USD,$392.00,20,completed,ACH,10-05-2024,05/06/2026,N,1,0
INV-101369,ACC-1834,Hooli Co,billing@hooli.com,NA,Healthcare,starter,monthly,50,EUR,2646.00,0,failed,Credit Card,2021/09/30,2022-05-28,Y,2,0
INV-104552,ACC-5206,Nakatomi LLC,billing@nakatomi.com,LATAM,Fintech,Start,annual,10,USD,"4,900.00 USD",0,FAILED,ACH,05/10/2021,2024-01-11,1,3,0
INV-102306,ACC-3827,Prestige Ltd,billing@prestige.com,LATAM,Retail,Enterprise ,Monthly,1,USD,299,0,completed,wire,2024-03-04,02-06-2025,0,1,0
INV-102539,ACC-7112,Wonka Holdings,billing@wonka.com,APAC,Education, Starter ,monthly,5,EUR,264.60 EUR,0,awaiting,,2023-03-07,2023-09-04,No,4,0
INV-102389,ACC-2659,Wayne Holdings,billing@wayne.com,NA,Retail,PRO,Annual,3,USD,2376.00,20,Complete,ACH,2023-12-28,08/21/2025,N,,0
INV-102537,ACC-4835,Pied Piper Ltd,billing@pied.com,NA,Fintech,Pro,Annual,50,EUR,"€53,460.00",0,success,Credit Card,10/28/2021,04-08-2023,FALSE,,1
INV-101767,ACC-9140,Gekko Ltd,billing@gekko.com,LATAM,Media,Starter,Monthly,250,USD,"$12,250.00",0,paid,ACH,2023-10-17,Apr 10 2025,0,4,0
INV-101763,ACC-3078,Pied Piper Inc,billing@pied.com,LATAM,, Starter ,yearly,10,USD,4900.00,0,completed,credit_card,Nov 28 2023,07/14/2026,No,3,0
INV-104881,ACC-8197,Hooli Partners,billing@hooli.com,LATAM,, Starter ,annual,100,USD,49000,0,Paid,wire,Sep 14 2023,01/15/2026,0,4,0
INV-101127,ACC-9853,Hooli Partners,billing@hooli.com,LATAM,Gaming,Professional,monthly,3,EUR,-272.65,15,Refunded,Wire Transfer,2023-02-21,2024-08-09,0,4,8
INV-104584,ACC-4517,Tyrell Industries,billing@tyrell.com,EMEA,Media, Starter ,monthly,10,EUR,€529.20,0,success,Credit Card,2024-02-23,07/06/2026,0,2,1
INV-103883,ACC-9168,Vandelay Group,billing@vandelay.com,LATAM,Education,Start,yearly,3,USD,"$1,470.00",0,pending,invoice,2023-09-21,2025/01/25,0,3,0
INV-103195,ACC-2351,Wonka Group,billing@wonka.com,APAC,Energy,Pro,yearly,100,EUR,85536.00,20,paid,wire,24-08-2022,Dec 21 2024,N,5,0
INV-103890,ACC-3733,Oscorp Industries,billing@oscorp.com,LATAM,Education,Start,Monthly,100,EUR,3969.00,25,Paid,wire,2022/11/23,2024-04-09,false,5,0
INV-102027,ACC-7115,Gekko LLC,billing@gekko.com,LATAM,Gaming,Enterprise,annually,10,EUR,"€32,292.00",0,Complete,wire,2021/09/15,08/29/2023,N,1,1
INV-102496,ACC-7653,Gekko LLC,billing@gekko.com,EMEA,Healthcare, Starter ,yearly,100,USD,49000.00,0,success,invoice,Jun 9 2023,2023-07-07,FALSE,4,3
INV-103564,ACC-9358,Oscorp Holdings,billing@oscorp.com,EMEA,Media,Start,Annual,3,USD,1470.00,0,PAID,,2023/02/21,2024-05-09,false,2,0
INV-104633,ACC-5947,Stark Corp,billing@stark.com,APAC,Media,starter,monthly,250,USD,"$9,187.50",25,PAID,Credit Card,31-10-2024,Sep 2 2025,0,4,0
INV-101434,ACC-3099,Soylent Holdings,billing@soylent.com,NA,Healthcare,Start,Annual,100,USD,49000.00,0,success,wire,2021-04-09,2021-09-24,0,5,0
INV-103413,ACC-5373,Globex Partners,billing@globex.com,LATAM,,starter,yearly,1,EUR,529.20,0,success,invoice,Jul 23 2022,2024/06/08,false,4,0
INV-104188,ACC-4738,Initech LLC,billing@initech.com,EMEA,Logistics,starter,Monthly,50,USD,"$2,450.00",0,success,ach,2021/05/22,2022/01/10,Yes,3,1
INV-104280,ACC-3645,Pied Piper Holdings,billing@pied.com,EMEA,Logistics,STARTER,Monthly,5,USD,245.00,0,Complete,ACH,11/15/2023,2024/01/17,1,2,0
INV-104536,ACC-2618,Initech Group,billing@initech.com,NA,Travel,Starter,monthly,3,USD,147.00,0,VOID,ACH,2021-03-21,2021-10-03,N,5,8
INV-102560,ACC-1432,Initech Group,billing@initech.com,NA,Energy,enterprise ,yearly,5,EUR,"13,724.10 EUR",15,FAILED,ACH,04/07/2022,2023-12-27,FALSE,4,0
INV-103392,ACC-8468,Massive Dynamic Holdings,billing@massive.com,EMEA,Manufacturing,pro,monthly,10,USD,990.00,0,Complete,ACH,2022-11-26,Jan 29 2025,false,3,2
INV-100618,ACC-6968,Umbrella Corp,billing@umbrella.com,APAC,Gaming, Starter ,monthly,1,USD,49.00,0,completed,invoice,Aug 12 2023,2025/01/24,false,5,0
INV-103234,ACC-4681,Vandelay LLC,billing@vandelay.com,LATAM,Energy,Professional,monthly,5,USD,495.00,0,completed,Credit Card,2024-07-18,Nov 10 2024,FALSE,2,1
INV-103315,ACC-6814,Pied Piper Inc,billing_at_pied.com,APAC,Logistics, Starter ,Monthly,10,USD,490.00,0,error,ACH,2021/08/31,2022-05-22,0,4,5
INV-103795,ACC-4121,Pied Piper Group,billing@pied.com,LATAM,Manufacturing,Tier 2,monthly,250,USD,24750.00,0,paid,credit_card,09/22/2024,01/24/2027,0,,0
INV-104754,ACC-9091,Wonka Corp,billing@wonka.com,LATAM,Energy,Enterprise,annually,1,USD,"2,990.00 USD",0,Complete,Wire Transfer,2023/04/14,09/30/2024,0,4,0
INV-101293,ACC-3132,Wonka LLC,billing@wonka.com,NA,Gaming,pro,Monthly,10,USD,990.00,0,Paid,credit_card,2023-07-19,2025-06-03,FALSE,4,0
INV-102104,ACC-9170,Wonka Holdings,billing@wonka.com,LATAM,Gaming,Starter,annual,100,USD,"$49,000.00",0,Complete,ach,08/03/2021,06/04/2022,TRUE,4,0
INV-104336,ACC-7520,Nakatomi LLC,billing@nakatomi.com,LATAM,Logistics,Start,annually,25,USD,12250.00,0,Paid,ACH,2021-02-07,2022-10-27,FALSE,4,0
INV-102941,ACC-8069,Umbrella Inc,billing@umbrella.com,APAC,Travel,Tier 1,monthly,1,USD,49.00,0,paid,ACH,2021-10-23,06/27/2024,false,5,1
INV-100810,ACC-8892,Cyberdyne Industries,billing@cyberdyne.com,LATAM,Retail,PRO,Monthly,5,EUR,534.60 EUR,0,completed,invoice,2021/03/08,2022-10-24,0,5,3
INV-101552,ACC-8954,Tyrell Group,billing@tyrell.com,LATAM,Retail,Starter,monthly,250,USD,12250.00,0,error,Credit Card,07/11/2021,Mar 26 2023,FALSE,,0
INV-102618,ACC-8638,Stark Ltd,billing@stark.com,EMEA,Fintech, Starter ,Monthly,10,USD,490.00,0,Paid,,2024-07-25,24-05-2025,false,5,0
INV-104171,ACC-8057,Acme Corp,billing@acme.com,EMEA,Healthcare,Pro ,Annual,50,USD,49500.00,0,Paid,ACH,2023-12-31,Feb 23 2026,true,1,5
INV-104924,ACC-1718,Gekko Holdings,billing@gekko.com,EMEA,Energy,Enterprise,monthly,10,USD,"$2,990.00",0,void,wire,01/07/2021,02/22/2022,N,1,0
INV-103338,ACC-2223,Oscorp Group,billing@oscorp.com,APAC,Logistics,pro,monthly,10,USD,990,0,Paid,ACH,12/08/2022,2024-07-31,No,4,3
INV-102315,ACC-6844,Nakatomi Industries,billing@nakatomi.com,APAC,Manufacturing,Start,monthly,5,USD,220.50,10,canceled,ACH,2024-08-29,2027-05-23,0,4,5
INV-101985,ACC-5548,Oscorp Labs,billing@oscorp.com,EMEA,Travel,Tier 2,monthly,50,USD,4950.00,0,Paid,,06/13/2021,2021-11-12,FALSE,4,2
INV-102929,ACC-5582,Globex Corp,billing@globex.com,EMEA,Gaming,ENT,Monthly,25,EUR,"-8,073.00 EUR",0,charged_back,Credit Card,Apr 29 2022,2025-01-07,0,4,0
INV-100460,ACC-6895,Initech Ltd,billing@initech.com,APAC,Manufacturing,Tier 1,annual,3,USD,1102.50,25,declined,invoice,Jul 24 2021,2022-07-22,No,4,3
INV-102711,ACC-4865,Umbrella Co,billing@umbrella.com,NA,Healthcare,Tier 1,yearly,250,EUR,132300.00,0,PAID,ACH,2021/08/23,2022/09/26,N,3,1
INV-104254,ACC-8505,Vandelay Group,,APAC,Gaming,Tier 1,Annual,5,EUR,"2,646.00 EUR",0,success,invoice,01/15/2021,2022/07/08,FALSE,5,0
INV-100905,ACC-8277,Cyberdyne Corp,billing@cyberdyne.com,EMEA,Travel,starter,Monthly,50,USD,2450.00,0,Paid,wire,07/24/2024,2024/08/13,FALSE,3,3
INV-102387,ACC-5580,Initech Ltd,,LATAM,Education,Enterprise ,annual,25,USD,74750.00,0,completed,ACH,2022/10/02,2025-06-16,false,2,2
INV-104757,ACC-6671,Wayne Holdings,billing@wayne.com,APAC,Education,Pro,Annual,3,USD,2970.00,0,PAID,invoice,2023-02-26,2023/03/19,TRUE,4,1
INV-104801,ACC-4526,Globex Ltd,billing@globex.com,LATAM,Media,Enterprise ,Monthly,10,USD,"$2,990.00",0,paid,Wire Transfer,2022/12/25,09/11/2024,No,5,0
INV-101582,ACC-8260,Wayne Labs,billing@wayne.com,LATAM,Gaming,Tier 1,Monthly,50,USD,"$2,082.50",15,paid,,2021/11/03,07/15/2023,N,5,2
INV-103720,ACC-5664,Prestige Inc,billing@prestige.com,EMEA,Logistics,Tier 3,monthly,25,USD,7475.00,0,Pending,wire,05/26/2021,2022/09/04,N,3,2
INV-101912,ACC-7537,Cyberdyne Group,billing@cyberdyne.com,NA,Education,Start,annually,50,USD,-24500.00,0,refunded,wire,04/14/2022,2023-01-21,false,3,0
INV-104436,ACC-8413,Wonka Ltd,billing@wonka.com,NA,Energy, Starter ,annually,50,GBP,28003.50,10,Pending,wire,2022-01-24,2023-10-11,FALSE,3,2
INV-103080,ACC-8647,Vandelay Labs,billing@vandelay.com,LATAM,Healthcare,enterprise,yearly,10,USD,"$29,900.00",0,paid,credit_card,11/14/2023,2025-10-11,0,,0
INV-102174,ACC-4835,Massive Dynamic Corp,billing@massive.com,LATAM,Manufacturing,Enterprise ,yearly,3,EUR,"-9,687.60 EUR",0,refunded,,03/20/2024,2026-09-14,N,5,0
INV-100154,ACC-7649,Wonka Ltd,billing@wonka.com,NA,Manufacturing,STARTER,annual,100,USD,49000.00,0,Paid,Credit Card,11/20/2023,09/08/2025,FALSE,3,1
INV-100898,ACC-8396,Cyberdyne Labs,billing@cyberdyne.com,EMEA,Logistics, Starter ,Monthly,50,USD,2082.50,15,Paid,invoice,Jan 13 2022,04/17/2023,false,,3
INV-101036,ACC-4304,Hooli Holdings,billing@hooli.com,LATAM,Travel,starter,monthly,10,USD,490.00,0,Paid,ach,02/16/2023,2023-03-11,N,1,0
INV-101372,ACC-9283,Massive Dynamic Industries,billing@massive.com,LATAM,,Professional,Monthly,5,USD,421,15,success,invoice,2021-07-30,2021-11-03,0,3,5
INV-102184,ACC-6453,Prestige Co,billing@prestige.com,LATAM,Energy, Starter ,Annual,250,EUR,99225,25,Paid,credit_card,Mar 28 2024,2025-07-03,false,1,5
INV-101627,ACC-1851,Hooli Group,billing@hooli.com,NA,Media,Enterprise ,monthly,100,USD,29900.00,0,Complete,ACH,2021-06-23,04/02/2022,0,2,0
INV-103610,ACC-4899,Prestige Corp,billing@prestige.com,NA,Travel,PRO,Monthly,3,USD,$297.00,0,completed,,12/20/2022,2023-03-11,No,5,0
INV-103475,ACC-7613,Umbrella Group,billing@umbrella.com,NA,Logistics,Professional,Monthly,10,USD,891.00,10,paid,ach,2023-09-17,2024-04-26,No,1,1
INV-101143,ACC-4574,Soylent Group,billing@soylent.com,LATAM,Manufacturing,Pro,annual,1,EUR,962.28,10,paid,ach,2024/04/02,2025/08/22,0,2,0
INV-104010,ACC-4568,Wayne Ltd,billing@wayne.com,EMEA,Manufacturing,Starter,annual,3,USD,1470.00,0,completed,invoice,2021/07/05,02/03/2023,TRUE,,0
INV-101889,ACC-7945,Hooli Co,billing@hooli.com,NA,Education,Pro ,annually,10,USD,7920,20,PAID,invoice,Jan 1 2021,2022-12-18,N,3,0
INV-100934,ACC-5983,Globex LLC,billing@globex.com,NA,Manufacturing,Professional,annual,1,USD,990.00,0,PAID,invoice,2021/10/21,Mar 12 2023,0,4,2
INV-104483,ACC-6272,Hooli Industries,billing@hooli.com,LATAM,,Tier 2,annual,50,USD,"$49,500.00",0,PENDING,invoice,2024-02-27,2025-12-14,No,5,0
INV-104063,ACC-7959,Initech Ltd,,LATAM,Healthcare,Pro ,Annual,100,USD,99000.00,0,paid,,2024-07-10,2025/05/05,TRUE,4,2
INV-103036,ACC-5673,Hooli Ltd,billing@hooli.com,LATAM,Retail,Tier 1,annually,25,USD,"12,250.00 USD",0,Failed,Credit Card,01-10-2024,2026-03-30,true,5,3
INV-102205,ACC-5905,Dunder Labs,billing@dunder.com,LATAM,Logistics,Start,Monthly,1,GBP,£49.78,20,Paid,Credit Card,2021-11-06,09/16/2023,N,4,0
INV-100132,ACC-3017,Dunder Corp,,NA,Education, Starter ,annually,1,EUR,396.90,25,completed,wire,09/17/2024,2025-01-05,false,1,1
INV-103462,ACC-2811,Oscorp LLC,billing@oscorp.com,APAC,Logistics,enterprise,monthly,3,USD,717.60,20,awaiting,Credit Card,2021-11-12,04/09/2024,false,,0
INV-103205,ACC-4658,Soylent Group,billing@soylent.com,NA,Retail,pro,monthly,10,USD,742.50,25,Complete,ach,10/19/2023,2026-06-15,No,,1
INV-100999,ACC-9668,Soylent Inc,billing@soylent.com,LATAM,Retail,STARTER,monthly,100,USD,4900.00,0,Paid,credit_card,2024-07-22,05/01/2026,0,4,0
INV-102037,ACC-6547,Initech Corp,,NA,,STARTER,yearly,250,USD,"122,500.00 USD",0,VOID,credit_card,2023-03-12,May 16 2023,No,5,0
INV-102088,ACC-6985,Prestige LLC,billing@prestige.com,LATAM,Fintech,Starter,Monthly,1,USD,49.00,0,pending,wire,2022-01-29,Dec 19 2022,FALSE,5,1
INV-103992,ACC-5295,Dunder Group,billing@dunder.com,APAC,Manufacturing,ENT,monthly,1,GBP,379.73,0,PAID,Credit Card,2021-03-01,2021-07-16,1,1,1
INV-100749,ACC-3977,Pied Piper Co,billing@pied.com,LATAM,,starter,yearly,250,USD,122500.00,0,Paid,,04-12-2023,2024-02-26,FALSE,4,3
INV-104672,ACC-5757,Hooli Partners,billing@hooli.com,NA,Manufacturing,Start,monthly,50,USD,2450,0,Complete,ach,01/24/2024,2024-04-11,N,4,0
INV-102339,ACC-4834,Massive Dynamic Co,billing@massive.com,NA,Travel,Pro,annually,10,GBP,12573.00,0,pending,Wire Transfer,2022-07-18,2023/09/24,false,4,1
INV-103754,ACC-2585,Oscorp Labs,billing@oscorp.com,EMEA,Energy,PRO,annually,5,USD,4950.00,0,Paid,Wire Transfer,Jan 30 2022,2023-04-16,TRUE,3,0
INV-104991,ACC-1544,Gekko Co,billing@gekko.com,NA,Media,Start,monthly,250,USD,12250.00,0,awaiting,,2024-09-10,2026/08/12,false,5,0
INV-100809,ACC-4217,Nakatomi Industries,billing@nakatomi.com,LATAM,Fintech,Professional,annual,10,USD,-8910.00,10,REFUND,wire,2023-02-15,2025-06-26,false,4,0
INV-103336,ACC-2947,Prestige Partners,billing@prestige.com,APAC,Retail,Start,Annual,3,USD,1470.00,0,in_review,,2022-01-16,2024/04/20,TRUE,5,2
INV-101426,ACC-2731,Globex Corp,billing@globex.com,LATAM,Media,Pro,yearly,3,USD,2227.50,25,Paid,Wire Transfer,06/03/2021,Nov 14 2021,0,4,0
INV-102873,ACC-9168,Umbrella Corp,billing@umbrella.com,APAC,Fintech,starter,annual,10,USD,4900.00,0,pending,wire,2023/06/15,2025/09/11,Y,4,0
INV-101114,ACC-3484,Aperture Co,,NA,Energy,PRO,monthly,50,USD,3960.00,20,paid,ACH,2024-03-14,2026-10-17,Yes,5,0
INV-102464,ACC-2061,Massive Dynamic Group,billing@massive.com,EMEA,Education,PRO,annually,10,USD,9900.00,0,success,Wire Transfer,2021-06-24,2022-07-01,No,3,0
INV-104518,ACC-1150,Nakatomi Co,billing@nakatomi.com,LATAM,Retail,starter,Annual,25,GBP,"£15,557.50",0,Complete,ach,2021-03-10,2022/03/06,Yes,4,0
INV-104114,ACC-1230,Dunder LLC,,NA,Travel,Pro,Annual,100,USD,"$99,000.00",0,success,credit_card,11/08/2023,2025-08-04,0,1,0
INV-100751,ACC-7746,Acme Partners,billing@acme.com,LATAM,Media,Pro,yearly,50,USD,"$49,500.00",0,awaiting,Wire Transfer,2021-01-08,2022/08/14,Yes,5,3
INV-104587,ACC-5406,Dunder Industries,billing@dunder.com,NA,Gaming,enterprise,monthly,3,USD,$897.00,0,completed,Wire Transfer,2023-03-08,07/25/2025,N,3,0
INV-100652,ACC-5493,Pied Piper LLC,billing@pied.com,EMEA,Travel,enterprise ,yearly,5,USD,14950.00,0,error,ach,02/20/2023,2025-02-16,false,4,1
INV-100781,ACC-3327,Massive Dynamic Industries,billing@massive.com,APAC,Fintech,Starter,annually,3,EUR,1587.60,0,paid,Credit Card,01/20/2021,Aug 30 2021,N,1,0
INV-104082,ACC-9408,Stark Ltd,billing@stark.com,NA,,Pro,annual,3,GBP,3771.90,0,success,Credit Card,Jun 29 2022,2023-05-21,1,2,0
INV-100676,ACC-6776,Hooli LLC,billing@hooli.com,NA,Travel,Tier 3,annual,3,USD,"$8,970.00",0,Complete,,08/18/2021,01/15/2023,false,5,0
INV-103862,ACC-6558,Dunder Inc,billing@dunder.com,LATAM,Healthcare, Starter ,Annual,5,USD,"2,450.00 USD",0,Complete,invoice,2023/09/06,2024-08-24,FALSE,2,0
INV-100125,ACC-4963,Umbrella Inc,billing@umbrella.com,EMEA,Travel,Tier 1,Monthly,100,USD,4165.00,15,Paid,ach,06/14/2022,07/19/2024,No,2,0
INV-104224,ACC-1615,Oscorp Holdings,billing_at_oscorp.com,NA,,Professional,Annual,10,USD,"$7,425.00",25,PENDING,ACH,2022-04-29,2023-02-18,0,3,0
INV-100374,ACC-6134,Dunder Ltd,billing@dunder.com,APAC,Education,PRO,monthly,100,GBP,12573.00,0,PAID,Credit Card,2023-07-16,Dec 20 2025,false,3,3
INV-104863,ACC-6483,Initech Industries,billing@initech.com,LATAM,Energy, Starter ,Monthly,3,USD,147.00,0,Complete,invoice,03/20/2021,2023-11-14,Yes,4,1
INV-102050,ACC-8439,Wayne Holdings,billing@wayne.com,APAC,Energy,Pro ,annually,10,EUR,"€9,622.80",10,completed,Credit Card,2022-09-28,2023-08-02,false,2,0
INV-104313,ACC-9436,Umbrella Industries,billing@umbrella.com,APAC,Fintech,Tier 2,yearly,10,USD,9900.00,0,failed,,2023-10-07,2025-10-31,false,4,2
INV-101890,ACC-9893,Prestige Labs,billing@prestige.com,LATAM,Retail,PRO,annually,250,USD,247500.00,0,Paid,Wire Transfer,2024-04-05,27-08-2024,1,5,2
INV-104174,ACC-2866,Wonka Ltd,billing@wonka.com,LATAM,Logistics,pro,monthly,5,USD,$495.00,0,Complete,wire,2023-10-22,2023-12-14,TRUE,4,0
INV-104799,ACC-9382,Umbrella Co,billing@umbrella.com,APAC,Education,enterprise,monthly,3,EUR,€968.76,0,Complete,Wire Transfer,04-04-2022,12/30/2023,1,5,2
INV-103622,ACC-9851,Vandelay Industries,billing@vandelay.com,NA,Energy,Tier 1,yearly,10,USD,"$4,900.00",0,success,invoice,2021-06-19,08/25/2021,FALSE,1,1
INV-101616,ACC-8600,Nakatomi Co,billing@nakatomi.com,APAC,Logistics,Tier 2,monthly,5,EUR,427.68,20,Complete,invoice,03/31/2024,13-07-2025,true,4,0
INV-101663,ACC-7808,Umbrella Co,billing_at_umbrella.com,LATAM,Gaming,enterprise,monthly,25,USD,"$7,475.00",0,cancelled,wire,2024-08-31,2025/12/06,Yes,,0
INV-103495,ACC-2195,Aperture Labs,billing@aperture.com,LATAM,Gaming,starter,annual,1,USD,490.00,0,Complete,ACH,08-07-2021,09/29/2023,No,4,0
INV-101070,ACC-6375,Soylent Co,billing@soylent.com,LATAM,Retail,Professional,Monthly,10,EUR,908.82,15,Paid,Credit Card,2023/07/11,2024-04-07,N,5,0
INV-100791,ACC-1227,Nakatomi Partners,billing@nakatomi.com,NA,Education,STARTER,annually,5,USD,2450.00,0,Complete,credit_card,May 27 2021,08/31/2022,false,1,0
INV-102211,ACC-2832,Vandelay Inc,billing@vandelay.com,APAC,Manufacturing,Tier 3,yearly,50,EUR,161460.00,0,Failed,wire,2022/08/22,2025/02/02,N,,0
INV-100489,ACC-7411,Vandelay Inc,billing@vandelay.com,EMEA,Fintech,STARTER,monthly,250,USD,11025.00,10,success,Credit Card,02/21/2021,2023-08-02,N,,1
INV-103989,ACC-5135,Hooli Holdings,billing@hooli.com,APAC,Energy,Enterprise,annual,5,USD,"$14,950.00",0,Pending,ach,15-12-2023,07/23/2026,Y,3,0
INV-102168,ACC-2607,Umbrella Corp,billing@umbrella.com,EMEA,,starter,annual,1,USD,490.00,0,PAID,Wire Transfer,02/12/2021,Nov 2 2021,1,5,0
INV-103389,ACC-6132,Pied Piper Co,billing@pied.com,EMEA,Energy,pro,monthly,10,USD,990.00,0,failed,Wire Transfer,27-11-2022,18-06-2025,FALSE,5,3
INV-101462,ACC-1579,Nakatomi Group,billing@nakatomi.com,EMEA,Manufacturing,Tier 3,monthly,25,USD,7475.00,0,completed,invoice,2023-05-21,2025-07-26,0,5,5
INV-102331,ACC-8064,Cyberdyne Ltd,billing@cyberdyne.com,LATAM,Energy,enterprise,monthly,10,USD,"$2,392.00",20,success,ACH,2021/08/09,2021-10-27,TRUE,3,0
INV-102843,ACC-5324,Pied Piper Corp,billing@pied.com,LATAM,Logistics,Start,monthly,10,GBP,497.84,20,completed,wire,01/01/2022,2023-10-11,0,5,0
INV-102807,ACC-2889,Dunder Corp,billing@dunder.com,EMEA,Manufacturing,PRO,monthly,50,USD,"$4,950.00",0,success,Wire Transfer,2023-09-07,2024/01/25,false,4,0
INV-100325,ACC-2922,Umbrella Group,billing@umbrella.com,NA,Gaming,Tier 1,Monthly,5,EUR,265,0,Paid,ACH,2024-08-29,Feb 10 2025,true,4,0
INV-102541,ACC-7677,Oscorp Holdings,billing@oscorp.com,EMEA,Education,Start,monthly,1,EUR,44.98,15,completed,credit_card,04/26/2022,07/27/2024,No,3,0
INV-102340,ACC-4189,Vandelay Group,billing@vandelay.com,APAC,Manufacturing,ENT,Monthly,10,EUR,3229.20,0,cancelled,ACH,2024-06-28,2027-02-17,false,3,1
INV-101614,ACC-5060,Initech Holdings,billing@initech.com,NA,Media,Tier 2,yearly,5,EUR,"€-5,346.00",0,Refunded,ACH,2021-09-03,2021-09-11,true,4,5
INV-103349,ACC-5516,Globex LLC,billing@globex.com,LATAM,Energy,Tier 3,monthly,3,USD,897.00,0,PAID,,2021-12-06,Jan 15 2023,TRUE,4,1
INV-101746,ACC-7758,Vandelay Corp,billing@vandelay.com,NA,Travel,enterprise,Monthly,5,EUR,1614.60,0,FAILED,wire,03-04-2024,01/29/2025,Yes,,1
INV-104697,ACC-8015,Wonka Group,billing@wonka.com,APAC,Media,Professional,Monthly,100,USD,8415.00,15,Complete,wire,2022-12-11,2024/11/21,No,3,0
INV-104011,ACC-2945,Vandelay Labs,billing@vandelay.com,EMEA,Retail,Tier 1,annual,5,EUR,-2646.00,0,REFUND,,03-05-2022,2024/11/21,Y,4,0
INV-101541,ACC-2144,Pied Piper Inc,billing@pied.com,LATAM,Education,enterprise ,Monthly,5,EUR,1291.68,20,Paid,invoice,2022-11-22,08/16/2024,No,5,0
INV-103841,ACC-6763,Wayne Corp,billing_at_wayne.com,NA,Education,PRO,monthly,10,USD,$891.00,10,completed,wire,2021/03/01,2022-09-02,No,5,8
INV-103640,ACC-7226,Hooli Holdings,billing@hooli.com,NA,Education,Tier 1,Annual,10,EUR,"€3,969.00",25,completed,ACH,2021-05-02,2023-03-09,N,2,0
INV-100301,ACC-9615,Oscorp Group,billing@oscorp.com,EMEA,Education,Tier 1,yearly,100,USD,"49,000.00 USD",0,PENDING,invoice,07/24/2023,Jul 13 2024,FALSE,4,0
INV-100730,ACC-7645,Massive Dynamic Holdings,billing@massive.com,LATAM,Media,Tier 1,annual,10,USD,4900.00,0,Complete,wire,2024-07-14,2025-06-30,N,5,1
INV-102974,ACC-1694,Cyberdyne Partners,billing_at_cyberdyne.com,NA,Gaming,starter,annually,100,USD,49000.00,0,completed,,2021/09/02,2023-10-22,Y,4,0
INV-102864,ACC-2006,Cyberdyne Labs,billing@cyberdyne.com,NA,Logistics, Starter ,annual,25,USD,"$12,250.00",0,PENDING,invoice,2022-10-05,2024/08/16,true,1,0
INV-102029,ACC-2874,Oscorp Corp,billing@oscorp.com,EMEA,Healthcare,Professional,Monthly,5,USD,$495.00,0,success,ach,10/19/2022,2024-04-16,false,,0
INV-101778,ACC-4250,Globex Holdings,billing@globex.com,EMEA,Media,Starter,yearly,5,GBP,3111.50,0,paid,Wire Transfer,27-04-2023,2025/07/02,false,3,2
INV-104709,ACC-1674,Soylent Co,billing@soylent.com,LATAM,Fintech,STARTER,yearly,10,USD,"$4,900.00",0,pending,Wire Transfer,Sep 8 2024,12/29/2025,false,3,0
INV-102826,ACC-4187,Acme Ltd,billing@acme.com,NA,Fintech,STARTER,annual,25,USD,"$12,250.00",0,completed,ach,2023-10-14,2025-08-29,0,2,1
INV-100596,ACC-7509,Stark Inc,billing@stark.com,APAC,Education,enterprise ,annual,250,GBP,949325.00,0,Complete,Credit Card,09/29/2021,2024-06-02,FALSE,4,0
INV-102531,ACC-3123,Tyrell Industries,,LATAM,Manufacturing,enterprise ,monthly,10,EUR,3229.20,0,VOID,invoice,2022-10-20,2022-11-17,N,3,5
INV-101658,ACC-3298,Aperture Co,billing@aperture.com,EMEA,Healthcare,STARTER,annually,50,USD,22050.00,10,paid,credit_card,2021-05-06,2022-07-20,N,,1
INV-102005,ACC-9370,Oscorp Inc,billing@oscorp.com,NA,Education,pro,Monthly,250,USD,"$24,750.00",0,Complete,ACH,2024/04/04,26-04-2025,0,2,1
INV-100420,ACC-6009,Nakatomi Partners,billing@nakatomi.com,APAC,Travel,Start,monthly,10,USD,$490.00,0,Paid,wire,23-06-2022,2024/01/21,Y,5,0
INV-102693,ACC-5048,Wonka LLC,billing@wonka.com,EMEA,Manufacturing,Professional,yearly,1,USD,990.00,0,in_review,ACH,2021-05-26,May 30 2022,false,4,3
INV-104492,ACC-5358,Globex Partners,billing@globex.com,LATAM,Fintech,Tier 1,Annual,10,USD,"$4,900.00",0,Paid,wire,2021-02-12,2022/08/31,Y,5,2
INV-103846,ACC-4342,Acme Group,billing@acme.com,EMEA,Logistics,starter,annually,5,USD,2450,0,success,Wire Transfer,2021-01-06,2021-05-01,FALSE,5,0
INV-101704,ACC-8521,Vandelay Group,billing@vandelay.com,NA,Logistics,STARTER,Annual,10,USD,4900.00,0,completed,wire,2024-04-07,04/15/2025,N,2,0
INV-100009,ACC-1931,Dunder Corp,billing@dunder.com,APAC,Media,Enterprise,monthly,5,USD,"$1,196.00",20,paid,ach,2024-03-12,2024-11-19,No,1,5
INV-100449,ACC-4403,Wayne Inc,billing@wayne.com,EMEA,Travel,Tier 1,annual,100,USD,"$44,100.00",10,FAILED,invoice,May 30 2021,2021-12-17,0,5,0
INV-100576,ACC-7210,Tyrell Industries,billing@tyrell.com,EMEA,Fintech,Tier 2,annually,10,USD,9900.00,0,Paid,credit_card,2024-03-26,09/29/2025,N,5,0
INV-100122,ACC-9561,Gekko Inc,billing@gekko.com,LATAM,Media,Pro,monthly,50,USD,3960.00,20,paid,,2024-02-27,2026-05-05,TRUE,4,1
INV-104194,ACC-6012,Wonka Ltd,billing_at_wonka.com,LATAM,Healthcare, Starter ,annual,10,USD,"$4,900.00",0,Paid,Credit Card,2024/08/18,2025/12/22,FALSE,5,0
INV-104098,ACC-1017,Umbrella Labs,billing@umbrella.com,EMEA,Logistics,Enterprise,monthly,1,GBP,379.73 GBP,0,Complete,ach,02/16/2021,09/02/2022,0,2,0
INV-104875,ACC-9257,Wayne Inc,billing@wayne.com,EMEA,Energy,Pro ,yearly,250,USD,185625.00,25,PAID,wire,2022-05-12,06/15/2024,No,3,2
INV-101168,ACC-2220,Tyrell Group,billing@tyrell.com,LATAM,Manufacturing,Tier 1,monthly,100,USD,4900,0,pending,Wire Transfer,2021/10/27,11/19/2023,0,5,1
INV-103271,ACC-7214,Massive Dynamic Labs,billing@massive.com,NA,Gaming, Starter ,yearly,50,USD,"$24,500.00",0,success,Credit Card,Sep 22 2021,2023-01-11,FALSE,4,0
INV-104245,ACC-2052,Cyberdyne Inc,billing@cyberdyne.com,LATAM,Energy, Starter ,Annual,50,USD,24500.00,0,success,Wire Transfer,2021-04-12,Jul 14 2023,false,5,2
INV-104005,ACC-4577,Massive Dynamic LLC,,APAC,Education,Tier 1,monthly,10,EUR,529.20,0,PAID,ACH,2023-04-22,2025/02/01,false,2,8
INV-100184,ACC-6254,Tyrell Group,billing@tyrell.com,NA,Healthcare, Starter ,Annual,1,GBP,622.30,0,Complete,ACH,Jun 22 2023,2023/08/06,false,3,2
INV-104025,ACC-6599,Soylent Ltd,billing_at_soylent.com,NA,Media,enterprise ,yearly,5,USD,14950.00,0,Complete,wire,2023/03/02,2024-03-24,false,5,0
INV-101102,ACC-6423,Wonka Industries,billing@wonka.com,APAC,Retail,ENT,Monthly,100,USD,"$22,425.00",25,Paid,Wire Transfer,2022-05-19,02/17/2023,false,2,0
INV-103872,ACC-6823,Aperture Corp,billing@aperture.com,NA,Travel, Starter ,monthly,3,USD,147,0,completed,wire,2021-07-23,2022-06-06,No,,0
INV-104721,ACC-3430,Massive Dynamic Labs,billing@massive.com,NA,Education,Tier 2,monthly,100,USD,"$8,910.00",10,Paid,Credit Card,2022/10/11,2025/02/07,TRUE,1,3
INV-101308,ACC-6001,Pied Piper Corp,billing@pied.com,EMEA,Manufacturing,Start,monthly,10,USD,-490.00 USD,0,REFUND,Credit Card,Feb 2 2022,2022/05/04,N,3,0
INV-102370,ACC-8488,Nakatomi Labs,billing@nakatomi.com,LATAM,Healthcare,Tier 1,annual,1,GBP,-622.30,0,charged_back,invoice,2021-12-01,07/07/2024,0,3,0
INV-101217,ACC-6398,Soylent Holdings,billing@soylent.com,EMEA,Travel,PRO,Monthly,10,EUR,1069,0,Complete,Wire Transfer,2024-10-21,2025-05-01,0,3,2
INV-100627,ACC-2759,Tyrell Co,billing@tyrell.com,APAC,Logistics,Starter,annual,3,USD,1470,0,paid,,2021-07-28,2022/04/06,TRUE,,0
INV-101008,ACC-1816,Wonka Inc,billing@wonka.com,EMEA,Media,pro,monthly,25,EUR,2272.05,15,Paid,ach,2021-06-25,08/10/2023,FALSE,5,0
INV-102569,ACC-5614,Umbrella Industries,billing@umbrella.com,APAC,Healthcare,starter,annually,5,EUR,"€2,381.40",10,Paid,credit_card,20-12-2023,08/10/2024,No,4,0
INV-102700,ACC-5773,Acme Group,billing@acme.com,NA,Gaming,Enterprise,monthly,100,USD,29900.00,0,PAID,Wire Transfer,2023-04-04,08/30/2023,No,5,5
INV-103486,ACC-8097,Oscorp Corp,billing@oscorp.com,APAC,Media,Tier 2,monthly,100,GBP,12573,0,completed,Credit Card,2021-12-04,2022-07-12,No,4,0
INV-104795,ACC-4655,Gekko Inc,billing@gekko.com,EMEA,,starter,monthly,10,USD,416.50 USD,15,PAID,ACH,05/21/2021,2022-10-01,FALSE,4,0
INV-102879,ACC-9354,Massive Dynamic Group,billing@massive.com,NA,Logistics,Professional,monthly,10,USD,990.00,0,Pending,credit_card,2022-12-29,Jan 22 2025,No,4,1
INV-103102,ACC-9946,Initech LLC,,NA,Gaming,ENT,annual,250,GBP,949325.00,0,completed,ACH,04/14/2024,2025-06-24,0,4,0
INV-103554,ACC-3588,Pied Piper Corp,billing@pied.com,NA,Fintech,starter,annually,1,EUR,529.20,0,Paid,credit_card,2021/07/12,08/01/2021,false,,0
INV-102943,ACC-6731,Stark Partners,billing@stark.com,LATAM,Education,STARTER,monthly,1,USD,-44.10,10,refunded,wire,2024-02-09,07/14/2025,0,5,0
INV-103148,ACC-5024,Gekko Labs,billing@gekko.com,LATAM,Logistics,Enterprise,Monthly,1,USD,299.00 USD,0,PENDING,wire,2022-01-20,08/06/2024,1,2,5
INV-104468,ACC-8192,Tyrell Labs,billing@tyrell.com,NA,Logistics, Starter ,Monthly,5,EUR,€264.60,0,completed,credit_card,2023-01-04,2025-08-28,0,4,0
INV-103867,ACC-2286,Stark LLC,billing@stark.com,EMEA,Manufacturing,pro,Monthly,50,USD,4950,0,PENDING,ach,Nov 7 2021,17-03-2023,Y,,1
INV-102604,ACC-9967,Nakatomi Partners,billing@nakatomi.com,LATAM,Healthcare,Start,Monthly,250,USD,12250.00,0,success,ACH,Apr 14 2024,12/17/2026,N,5,1
INV-104648,ACC-9588,Wayne Holdings,billing@wayne.com,LATAM,,pro,monthly,100,EUR,-8019.00,25,charged_back,invoice,2024-06-11,2025-05-15,No,2,1
INV-102669,ACC-2917,Oscorp Corp,billing@oscorp.com,LATAM,,Tier 2,Monthly,25,USD,2103.75,15,completed,ach,Mar 27 2022,02/12/2024,FALSE,4,2
INV-100099,ACC-9756,Tyrell LLC,billing@tyrell.com,NA,Healthcare,Start,annually,10,USD,"4,900.00 USD",0,completed,credit_card,2024-03-05,Jul 25 2026,0,4,8
INV-102831,ACC-9093,Hooli Industries,billing@hooli.com,LATAM,Logistics,starter,Annual,50,USD,19600.00,20,Complete,,06/04/2021,2023-09-01,N,,0
INV-101202,ACC-8189,Massive Dynamic Partners,billing@massive.com,NA,Healthcare,ENT,annual,25,USD,74750.00,0,PENDING,Credit Card,2024/10/28,01/25/2026,0,3,2
INV-103606,ACC-7318,Aperture LLC,,NA,Media,Pro ,Monthly,5,USD,$495.00,0,cancelled,Credit Card,05/30/2024,12/02/2025,0,4,0
INV-101968,ACC-4470,Prestige Holdings,billing@prestige.com,EMEA,Manufacturing,Pro ,Monthly,5,USD,495.00,0,PAID,ach,2023-06-15,05/18/2025,N,,0
INV-104427,ACC-1312,Stark Labs,billing@stark.com,EMEA,Media,enterprise,yearly,250,USD,"$747,500.00",0,PENDING,wire,10/10/2021,2023-07-06,N,,0
INV-100471,ACC-6387,Stark Ltd,billing@stark.com,LATAM,Gaming,STARTER,monthly,25,USD,"$1,225.00",0,Failed,invoice,2022-03-30,2023-11-25,false,4,0
INV-101172,ACC-8291,Dunder Group,billing@dunder.com,LATAM,Media,STARTER,Monthly,25,USD,"$1,225.00",0,completed,ACH,2021-11-20,2023-12-24,FALSE,3,0
INV-100222,ACC-2901,Pied Piper Ltd,billing@pied.com,LATAM,,starter,yearly,100,USD,"$49,000.00",0,PAID,credit_card,Aug 14 2021,2022-07-13,N,3,0
INV-102932,ACC-1869,Gekko LLC,billing@gekko.com,APAC,Travel,starter,Monthly,25,USD,"1,225.00 USD",0,awaiting,invoice,06/25/2022,26-07-2024,0,4,0
INV-102189,ACC-8495,Soylent Ltd,billing@soylent.com,EMEA,Healthcare,STARTER,monthly,25,USD,"1,225.00 USD",0,error,ACH,10/26/2021,2023-04-28,No,4,0
INV-100298,ACC-1158,Soylent Holdings,billing@soylent.com,EMEA,Fintech, Starter ,Annual,25,USD,11025,10,in_review,invoice,07-01-2024,2024-11-08,0,,0
INV-102866,ACC-2079,Stark Holdings,billing@stark.com,NA,Manufacturing,pro,Monthly,3,EUR,320.76,0,Paid,ach,10/21/2023,2025-04-28,N,4,0
INV-101624,ACC-8985,Soylent Corp,billing@soylent.com,NA,,Tier 3,Monthly,3,USD,897.00,0,completed,wire,2023-10-29,2025/04/28,N,3,0
INV-104828,ACC-8279,Wonka Group,billing@wonka.com,APAC,Fintech,ENT,annual,10,USD,-29900.00,0,refunded,,02/26/2024,2026-03-22,N,2,0
INV-101159,ACC-9860,Pied Piper Holdings,billing@pied.com,LATAM,Logistics,Start,annually,5,USD,2450.00,0,PAID,ACH,07/05/2022,2024-10-13,N,4,0
INV-103127,ACC-8996,Cyberdyne Labs,billing@cyberdyne.com,EMEA,Travel,Enterprise,monthly,5,USD,1270.75,15,PAID,credit_card,08/22/2021,11/18/2022,true,4,0
INV-100452,ACC-7830,Dunder Co,billing@dunder.com,LATAM,,PRO,yearly,10,GBP,12573,0,FAILED,credit_card,15-11-2022,2024-11-28,FALSE,4,2
INV-101458,ACC-8165,Dunder Group,billing@dunder.com,LATAM,Fintech,Enterprise ,yearly,1,USD,2242.50,25,PAID,credit_card,04/24/2021,2023-03-27,0,4,1
INV-101946,ACC-7231,Initech Inc,billing@initech.com,NA,, Starter ,monthly,25,USD,"$1,225.00",0,success,ach,2021-04-05,2023/10/24,0,4,2
INV-101033,ACC-5897,Massive Dynamic Industries,billing@massive.com,APAC,Energy,Enterprise ,monthly,3,USD,$897.00,0,canceled,,2022-09-21,2025-03-11,N,4,0
INV-104372,ACC-4258,Tyrell Industries,billing@tyrell.com,APAC,Energy,Tier 2,Annual,100,EUR,106920.00,0,success,credit_card,2021-06-16,2022-12-17,N,5,1
INV-101936,ACC-5373,Soylent Industries,billing@soylent.com,APAC,Fintech,Pro ,annually,5,USD,4950.00,0,cancelled,invoice,08/16/2022,2022-12-23,FALSE,5,2
INV-102275,ACC-3764,Dunder Ltd,billing@dunder.com,APAC,Manufacturing,Tier 3,annual,100,EUR,322920,0,cancelled,ACH,05/22/2021,2022-04-10,FALSE,,3
INV-103327,ACC-8152,Acme Labs,billing@acme.com,APAC,Healthcare,PRO,annual,5,EUR,5346.00,0,success,Credit Card,Jul 8 2023,03/22/2026,false,5,1
INV-102653,ACC-2376,Cyberdyne Industries,billing@cyberdyne.com,APAC,Manufacturing,enterprise,annually,100,USD,299000.00,0,Paid,wire,Dec 25 2022,08/08/2024,false,4,1
INV-100643,ACC-5488,Aperture Labs,billing@aperture.com,LATAM,Energy,Pro ,yearly,250,USD,"247,500.00 USD",0,Complete,,2021/01/30,2023-05-19,No,4,0
INV-103387,ACC-5202,Wayne Co,billing@wayne.com,NA,Media,Tier 1,yearly,1,USD,$490.00,0,Paid,wire,2021/05/21,Jan 28 2024,FALSE,1,0
INV-102441,ACC-7151,Gekko Industries,billing@gekko.com,NA,Travel, Starter ,Monthly,25,USD,1041,15,paid,wire,2022/03/25,Apr 19 2022,FALSE,5,2
INV-100254,ACC-2347,Wayne Industries,billing@wayne.com,EMEA,Healthcare,starter,Monthly,250,EUR,11245.50,15,Complete,invoice,Oct 1 2021,Jun 24 2022,TRUE,,0
INV-101638,ACC-7220,Gekko Co,billing@gekko.com,LATAM,Travel,Tier 3,monthly,25,EUR,"8,073.00 EUR",0,completed,credit_card,2022/03/23,2023-07-15,Yes,4,5
INV-102959,ACC-3937,Soylent Ltd,billing@soylent.com,APAC,Media,STARTER,annual,5,USD,2450,0,completed,ach,11/05/2023,2025-07-27,0,,0
INV-104041,ACC-9968,Wonka Labs,billing@wonka.com,LATAM,Logistics,Enterprise ,Annual,100,USD,"$299,000.00",0,Pending,credit_card,12/11/2023,2025-12-01,No,5,0
INV-104836,ACC-6012,Pied Piper Corp,billing@pied.com,EMEA,Healthcare, Starter ,monthly,250,USD,12250.00,0,completed,wire,2021-01-29,2022-02-20,FALSE,5,0
INV-104279,ACC-2790,Prestige LLC,billing@prestige.com,NA,Logistics, Starter ,monthly,100,USD,"$4,900.00",0,completed,Wire Transfer,2023-11-22,Nov 28 2023,0,4,0
INV-101235,ACC-7577,Soylent LLC,billing@soylent.com,EMEA,Healthcare,Professional,Annual,10,EUR,10692.00,0,Complete,Wire Transfer,2021-11-14,2021-12-28,FALSE,2,0
INV-101673,ACC-6134,Dunder Group,billing@dunder.com,APAC,Manufacturing,PRO,monthly,250,USD,"$19,800.00",20,Paid,Credit Card,10/01/2023,2025-09-14,1,4,5
INV-102286,ACC-4144,Oscorp Ltd,billing@oscorp.com,NA,Logistics,Starter,annual,10,USD,3920.00,20,completed,wire,2023-09-13,11/08/2024,0,5,5
INV-102510,ACC-5652,Soylent Group,billing@soylent.com,NA,Travel,STARTER,Monthly,50,EUR,"€2,646.00",0,PAID,credit_card,2024-09-21,2026-10-10,TRUE,4,0
INV-102744,ACC-6932,Massive Dynamic Ltd,billing@massive.com,NA,Logistics,Pro,monthly,25,USD,2475.00,0,completed,credit_card,2023-02-02,2023/10/03,No,4,5
INV-100061,ACC-2412,Soylent Partners,billing@soylent.com,EMEA,Fintech,Start,yearly,100,EUR,52920,0,PAID,credit_card,2023/07/11,10/30/2024,No,4,0
INV-100951,ACC-9613,Dunder Holdings,billing@dunder.com,EMEA,Travel, Starter ,Annual,100,USD,49000,0,paid,invoice,2022/04/25,Jul 19 2022,No,4,1
INV-102349,ACC-1466,Hooli Inc,billing@hooli.com,NA,Healthcare,Tier 1,Monthly,5,EUR,€224.91,15,Complete,ACH,07/12/2021,03/29/2024,N,3,0
INV-101437,ACC-5760,Cyberdyne Partners,billing@cyberdyne.com,EMEA,Energy,PRO,monthly,5,EUR,534.60,0,Complete,invoice,07/19/2024,06/24/2025,N,1,2
INV-103210,ACC-6263,Tyrell Labs,billing@tyrell.com,LATAM,,Professional,monthly,250,USD,24750.00,0,PAID,invoice,2021-08-05,2024/03/06,false,,0
INV-102065,ACC-2107,Stark Partners,billing@stark.com,LATAM,Healthcare,Starter,monthly,3,USD,124.95 USD,15,Complete,wire,Aug 16 2023,2024-05-06,N,,1
INV-103492,ACC-8791,Stark Inc,billing@stark.com,LATAM,Healthcare,Starter,Annual,1,USD,392.00,20,paid,Wire Transfer,09/19/2024,2025-01-07,No,3,3
INV-100073,ACC-2562,Initech Labs,,APAC,,starter,Annual,100,USD,44100.00,10,Complete,wire,2022-11-07,09/12/2023,No,5,1
INV-101249,ACC-5534,Globex Corp,billing@globex.com,EMEA,Fintech,Professional,annual,10,USD,9900.00,0,Complete,,09/22/2024,05/18/2026,No,4,0
INV-103838,ACC-6944,Oscorp Labs,billing@oscorp.com,LATAM,Gaming,Professional,monthly,50,GBP,6286.50,0,paid,ach,11/22/2021,2024-06-03,0,3,0
INV-102981,ACC-5508,Acme Partners,billing@acme.com,LATAM,Healthcare,Tier 1,Monthly,10,EUR,€529.20,0,PAID,credit_card,2024-10-09,2024-11-17,false,5,0
INV-103598,ACC-4290,Umbrella Group,billing@umbrella.com,NA,Media,Pro,yearly,10,EUR,"€9,088.20",15,Complete,ach,08/06/2021,2023-09-24,false,5,0
INV-104706,ACC-4182,Initech Industries,billing@initech.com,NA,Healthcare,enterprise,Annual,1,EUR,3229.20,0,success,invoice,04/29/2023,10/30/2025,N,4,0
INV-100820,ACC-2455,Gekko Holdings,billing@gekko.com,EMEA,Retail,Tier 1,annual,1,EUR,-449.82,15,charged_back,credit_card,12/18/2021,2024/03/16,0,4,3
INV-103081,ACC-4440,Wonka Industries,billing@wonka.com,APAC,Gaming, Starter ,Annual,100,EUR,"€52,920.00",0,Complete,,2024-09-19,2025-04-07,FALSE,5,1
INV-100101,ACC-7919,Cyberdyne LLC,billing@cyberdyne.com,NA,Gaming,Professional,Monthly,3,USD,$297.00,0,failed,ACH,2022-09-05,2023/01/23,FALSE,3,1
INV-104874,ACC-9623,Stark Inc,billing@stark.com,LATAM,Energy,Pro,annually,25,USD,"$24,750.00",0,FAILED,credit_card,01/15/2021,2022-11-29,FALSE,1,1
INV-101370,ACC-6944,Acme Ltd,billing@acme.com,APAC,Fintech,pro,Monthly,50,EUR,5346.00,0,paid,Credit Card,2022-12-15,2024-02-15,false,4,1
INV-103561,ACC-3996,Stark Corp,billing@stark.com,LATAM,Healthcare,starter,Annual,10,USD,"$4,165.00",15,PAID,Wire Transfer,2021-11-10,04/30/2022,No,4,0
INV-101131,ACC-9183,Stark Labs,,LATAM,Fintech,pro,monthly,5,GBP,£628.65,0,completed,Wire Transfer,12/23/2022,06/22/2024,No,5,0
INV-101748,ACC-7361,Prestige Inc,billing@prestige.com,APAC,Manufacturing,pro,annual,1,USD,841.50,15,VOID,Wire Transfer,12/03/2023,2023-12-20,true,3,0
INV-103877,ACC-4729,Wonka LLC,billing@wonka.com,LATAM,Retail,starter,yearly,25,USD,11025.00,10,paid,invoice,15-04-2022,2022-12-01,0,3,0
INV-100938,ACC-2701,Tyrell Inc,billing@tyrell.com,APAC,Retail,Start,annual,50,USD,"$24,500.00",0,Paid,ACH,01/17/2024,2026-04-25,N,4,0
INV-104977,ACC-7707,Oscorp Co,billing@oscorp.com,APAC,Education,STARTER,Monthly,1,EUR,52.92 EUR,0,paid,,2024-08-01,2025-10-21,1,3,2
INV-101000,ACC-9082,Cyberdyne Partners,billing@cyberdyne.com,NA,Fintech,PRO,annual,10,USD,9900,0,PAID,invoice,2021-04-02,2022-03-07,No,5,0
INV-101694,ACC-6958,Wayne Ltd,billing@wayne.com,NA,Education,Starter,Monthly,5,USD,245,0,Paid,ach,10/17/2022,2025-05-23,No,4,3
INV-101675,ACC-1233,Soylent Ltd,,NA,Gaming,enterprise,annually,250,USD,560625.00,25,void,credit_card,02/10/2024,2024-02-18,No,5,0
INV-103217,ACC-2582,Prestige Industries,billing@prestige.com,NA,Gaming,Tier 1,monthly,50,USD,2450.00,0,cancelled,invoice,2021/07/04,2023-09-30,No,4,1
INV-103182,ACC-1144,Umbrella Partners,billing@umbrella.com,EMEA,Manufacturing,Start,annually,3,USD,1470,0,PAID,invoice,17-08-2024,2024-12-27,N,3,0
INV-104612,ACC-7774,Vandelay Industries,billing@vandelay.com,APAC,Energy,Tier 3,monthly,1,EUR,€322.92,0,VOID,ACH,2022-02-28,09/20/2024,FALSE,4,8
INV-103860,ACC-8584,Prestige Inc,billing@prestige.com,LATAM,Media,STARTER,yearly,250,USD,"$122,500.00",0,Paid,invoice,Mar 3 2021,2022-02-10,0,5,1
INV-102058,ACC-1308,Pied Piper Corp,billing@pied.com,APAC,,ENT,Annual,25,USD,67275,10,success,ach,2024/02/04,2026-06-12,FALSE,4,0
INV-101222,ACC-1341,Stark Partners,billing@stark.com,EMEA,Media,Starter,Monthly,5,USD,245,0,PAID,credit_card,2021-05-09,2023-12-29,No,4,0
INV-101948,ACC-6887,Prestige Partners,billing@prestige.com,LATAM,Gaming, Starter ,Monthly,3,EUR,158.76,0,Paid,credit_card,09/16/2024,2025/12/28,FALSE,5,2
INV-103357,ACC-3672,Nakatomi Industries,billing@nakatomi.com,APAC,Fintech,pro,Monthly,10,USD,$792.00,20,PENDING,ACH,2023-01-28,May 28 2025,N,4,8
INV-104225,ACC-4939,Stark Holdings,billing@stark.com,LATAM,Healthcare,Professional,Annual,1,USD,990.00,0,Complete,ach,2024-03-02,04/25/2026,false,2,0
INV-101219,ACC-3231,Acme Ltd,billing@acme.com,EMEA,Logistics,PRO,annual,50,USD,39600.00,20,Complete,Credit Card,Apr 26 2023,12/25/2024,FALSE,4,0
INV-102629,ACC-4955,Soylent Labs,billing@soylent.com,APAC,Healthcare,Enterprise ,monthly,3,USD,-897.00 USD,0,charged_back,invoice,2021-11-29,2023/03/20,TRUE,5,0
INV-104855,ACC-5642,Nakatomi Industries,billing@nakatomi.com,LATAM,Logistics,STARTER,Annual,5,EUR,2646.00,0,Failed,ACH,06/03/2023,2024-02-03,false,5,2
INV-102754,ACC-7662,Prestige Industries,billing@prestige.com,EMEA,,Tier 3,Monthly,50,EUR,16146,0,success,ach,2021/10/29,Mar 4 2023,0,,1
INV-104650,ACC-7961,Aperture Ltd,billing@aperture.com,APAC,Gaming,Tier 2,monthly,25,USD,2475.00,0,in_review,Credit Card,02/08/2022,2023-04-10,1,,0
INV-103639,ACC-7676,Hooli Industries,billing@hooli.com,LATAM,Gaming,Starter,Monthly,10,GBP,-622.30,0,REFUND,ach,2021-05-12,2023-01-19,FALSE,5,2
INV-104993,ACC-5844,Stark Industries,billing@stark.com,EMEA,Education,Pro,Annual,50,GBP,62865,0,success,invoice,21-01-2022,Apr 8 2023,true,3,0
INV-101444,ACC-6468,Hooli Co,billing@hooli.com,LATAM,Manufacturing,STARTER,monthly,10,USD,$416.50,15,completed,Credit Card,2023/03/17,2025-09-12,false,3,0
INV-102380,ACC-5028,Nakatomi Group,billing@nakatomi.com,APAC,Energy,Start,monthly,3,EUR,159,0,Pending,Credit Card,2022-01-24,15-02-2022,FALSE,4,0
INV-104755,ACC-2267,Nakatomi Corp,billing@nakatomi.com,EMEA,Gaming,starter,monthly,50,USD,"$2,450.00",0,VOID,invoice,Mar 5 2024,2024-03-12,No,3,0
INV-101031,ACC-5241,Gekko Labs,billing@gekko.com,EMEA,Healthcare,Tier 1,yearly,100,USD,49000.00,0,paid,ach,2022-07-28,2023-03-14,No,5,0
INV-102386,ACC-6702,Wayne Holdings,billing@wayne.com,EMEA,Healthcare,Tier 2,Annual,5,GBP,6286.50,0,PAID,,2024-02-18,05/21/2025,N,5,2
INV-104089,ACC-3006,Stark Inc,billing@stark.com,APAC,Energy,Tier 2,Monthly,250,USD,24750.00,0,completed,,04/21/2024,2025-08-30,TRUE,4,0
INV-100874,ACC-7959,Acme Corp,billing@acme.com,LATAM,Education,enterprise ,Monthly,25,EUR,6458.40,20,completed,ACH,02-05-2023,2024/05/22,FALSE,2,2
INV-101242,ACC-5222,Dunder Partners,billing@dunder.com,LATAM,,Pro,annually,50,GBP,-47148.75,25,Refunded,ACH,Nov 16 2022,06/22/2024,No,4,1
INV-100563,ACC-3042,Stark Group,billing@stark.com,EMEA,Retail,PRO,monthly,100,USD,9900.00,0,PAID,credit_card,2024/03/26,09/30/2024,FALSE,5,0
INV-100152,ACC-3435,Prestige Co,billing@prestige.com,EMEA,Energy,starter,Monthly,10,USD,$490.00,0,completed,ACH,2024/09/19,05/21/2025,No,,2
INV-100636,ACC-3900,Prestige Group,billing@prestige.com,LATAM,Media, Starter ,Monthly,250,EUR,13230.00,0,Complete,ach,2024/09/10,Jul 28 2026,0,,0
INV-100847,ACC-3265,Stark Holdings,billing@stark.com,LATAM,Retail,STARTER,monthly,100,EUR,5292.00,0,success,invoice,10/20/2022,03/20/2025,true,4,5
INV-102715,ACC-9455,Pied Piper Labs,billing@pied.com,NA,Retail,Start,Annual,10,USD,4900,0,completed,,2022-06-03,2023-11-30,FALSE,,1
INV-100195,ACC-6901,Gekko Partners,billing@gekko.com,LATAM,Gaming,Enterprise,annually,10,EUR,27448.20,15,declined,credit_card,2021-05-13,2022/03/08,N,2,0
INV-101021,ACC-1412,Soylent Labs,billing@soylent.com,NA,Healthcare,PRO,Annual,5,EUR,"€4,276.80",20,completed,ach,2021/05/20,2021-10-11,No,5,0
INV-102793,ACC-1308,Soylent Corp,billing@soylent.com,NA,Healthcare,Pro ,Annual,50,EUR,"€45,441.00",15,PAID,invoice,09-03-2023,2023-04-27,Y,4,3
INV-102427,ACC-9357,Initech Ltd,billing@initech.com,EMEA,Travel,enterprise,annual,100,USD,"$299,000.00",0,Complete,ACH,2022/12/29,Dec 13 2023,No,5,2
INV-103384,ACC-8025,Pied Piper LLC,billing@pied.com,EMEA,Gaming,PRO,Annual,10,USD,"9,900.00 USD",0,completed,ach,May 4 2023,01-01-2024,false,5,1
INV-103736,ACC-1809,Acme Partners,billing@acme.com,NA,Retail,Tier 2,annual,5,USD,"$4,950.00",0,success,ach,2021/01/27,2022-09-26,TRUE,,0
INV-100021,ACC-2876,Tyrell Corp,billing@tyrell.com,NA,Travel,pro,monthly,10,GBP,1257.30,0,Complete,invoice,02/11/2022,2022-04-29,No,,0
INV-103408,ACC-2866,Vandelay Ltd,billing@vandelay.com,NA,Manufacturing,starter,monthly,50,EUR,2116.80,20,PENDING,Credit Card,2023-04-05,16-02-2024,No,4,0
INV-100055,ACC-1269,Oscorp Ltd,billing@oscorp.com,NA,Education,Tier 2,Monthly,10,USD,990.00,0,Paid,invoice,19-01-2022,2023-11-30,false,5,0
INV-101386,ACC-2727,Wonka Group,billing@wonka.com,NA,,Start,annual,250,USD,104125.00,15,declined,,2023-10-08,2023-12-20,false,5,1
INV-104643,ACC-1264,Prestige Industries,billing@prestige.com,LATAM,Fintech,Tier 1,Annual,10,USD,3675.00,25,Paid,Credit Card,2024-09-28,2025-04-02,false,4,5
INV-104545,ACC-7955,Cyberdyne Corp,billing@cyberdyne.com,APAC,Media, Starter ,Monthly,3,EUR,€158.76,0,paid,invoice,2023/01/27,11/30/2023,No,5,0
INV-101678,ACC-6753,Oscorp Industries,billing@oscorp.com,NA,Education,Pro,monthly,5,USD,$495.00,0,completed,Wire Transfer,2021-11-01,May 2 2024,0,3,0
INV-102379,ACC-8707,Umbrella Inc,billing@umbrella.com,APAC,Travel,Tier 1,annual,1,USD,490.00,0,canceled,,Jan 30 2024,2025-09-08,false,4,0
INV-104509,ACC-6871,Vandelay Holdings,billing@vandelay.com,APAC,Retail, Starter ,monthly,1,GBP,62.23,0,Paid,invoice,2021/01/11,07/05/2021,FALSE,2,0
INV-103162,ACC-6460,Globex Co,billing@globex.com,LATAM,Retail,Tier 1,yearly,1,EUR,529,0,completed,ACH,2021-11-22,01/25/2024,0,3,0
INV-102375,ACC-5146,Tyrell Ltd,billing@tyrell.com,APAC,Media,Pro,Annual,5,USD,4950.00,0,Paid,credit_card,2024-05-10,2026/06/25,TRUE,5,5
INV-103528,ACC-8543,Nakatomi Inc,billing@nakatomi.com,EMEA,Logistics,Tier 1,monthly,3,EUR,159,0,pending,credit_card,2021-10-22,11/22/2023,FALSE,5,0
INV-103633,ACC-4310,Globex Ltd,billing@globex.com,EMEA,Retail,starter,Monthly,5,GBP,£311.15,0,awaiting,ACH,2022-06-29,2024-09-12,false,5,0
INV-100711,ACC-6983,Nakatomi Co,billing@nakatomi.com,EMEA,,Enterprise,Annual,100,EUR,290628,10,PAID,ach,2022/10/08,06/20/2023,No,1,0
INV-103057,ACC-8576,Stark Industries,billing@stark.com,EMEA,Energy,Tier 1,annual,50,EUR,26460,0,Paid,,2022-06-20,08/10/2023,1,4,1
INV-101868,ACC-6140,Soylent Ltd,billing@soylent.com,APAC,Media,enterprise ,annually,50,USD,149500.00,0,completed,ACH,2021-07-23,2023-09-15,false,2,2
INV-101577,ACC-5553,Vandelay Ltd,billing@vandelay.com,NA,Logistics,Tier 1,yearly,5,GBP,"3,111.50 GBP",0,PAID,ACH,2022-04-14,02/24/2024,false,5,5
INV-104133,ACC-2105,Aperture Labs,billing@aperture.com,APAC,Travel,Tier 1,monthly,25,USD,"$1,225.00",0,completed,ACH,Sep 13 2024,08/31/2026,false,3,3
INV-100829,ACC-3505,Cyberdyne Co,billing@cyberdyne.com,APAC,Education,Pro ,Monthly,10,USD,990.00,0,cancelled,,12/01/2021,10/22/2022,false,2,8
INV-100867,ACC-8440,Wayne Partners,billing@wayne.com,APAC,,enterprise,Monthly,25,USD,7475.00,0,completed,ach,2023/11/29,2026/02/07,FALSE,,0
INV-101427,ACC-9343,Stark Partners,billing@stark.com,APAC,Energy,ENT,monthly,25,USD,"-7,475.00 USD",0,Refunded,invoice,2022-04-04,06/23/2022,N,4,0
INV-103136,ACC-4830,Aperture Inc,billing@aperture.com,LATAM,Travel,Professional,Monthly,10,USD,990.00,0,Paid,,2023/10/02,2024-06-06,0,4,0
INV-101361,ACC-7923,Nakatomi Corp,billing@nakatomi.com,LATAM,Media,Start,Monthly,10,USD,490.00,0,PAID,wire,11/05/2023,03/07/2025,N,2,0
INV-100351,ACC-2264,Prestige Partners,billing@prestige.com,APAC,Retail,Enterprise ,yearly,100,EUR,322920.00,0,PAID,Credit Card,2022-02-03,11/06/2022,Yes,2,0
INV-104751,ACC-1669,Tyrell Co,billing@tyrell.com,NA,Gaming,starter,Annual,25,EUR,"€13,230.00",0,Void,Wire Transfer,2021-07-18,2021-10-04,No,2,0
INV-102636,ACC-6624,Stark Industries,billing@stark.com,EMEA,Retail, Starter ,Monthly,100,USD,"-4,410.00 USD",10,REFUND,ACH,23-06-2024,10/27/2026,FALSE,5,1
INV-102642,ACC-1240,Pied Piper Labs,billing@pied.com,LATAM,,enterprise ,annually,100,USD,"$299,000.00",0,Paid,,2024-07-20,2026-07-28,N,2,0
INV-102120,ACC-9109,Massive Dynamic Ltd,billing@massive.com,LATAM,Retail,pro,Monthly,25,USD,"$2,475.00",0,completed,,2024-01-26,2024/05/14,FALSE,2,2
INV-102602,ACC-6175,Massive Dynamic LLC,billing_at_massive.com,EMEA,Fintech,Professional,annually,10,USD,"$9,900.00",0,Complete,wire,02/06/2023,28-02-2024,0,2,5
INV-101611,ACC-3613,Massive Dynamic Ltd,billing@massive.com,LATAM,Retail,Starter,Monthly,250,EUR,13230.00,0,Complete,Wire Transfer,2022-02-10,Apr 14 2023,true,4,1
INV-100896,ACC-2821,Wayne Partners,billing@wayne.com,NA,Education,Professional,Annual,3,USD,2970.00,0,PAID,ACH,2021-04-09,2021-06-25,No,2,0
INV-100005,ACC-1949,Wayne Group,billing@wayne.com,LATAM,Manufacturing,Tier 1,Monthly,3,EUR,€142.88,10,canceled,ach,2021/09/20,2023-07-27,No,5,0
INV-102110,ACC-4837,Vandelay Ltd,billing@vandelay.com,NA,Healthcare,Start,Monthly,5,USD,-245,0,Refunded,wire,2022-03-08,2023-06-17,false,3,0
INV-103511,ACC-4387,Cyberdyne Group,billing@cyberdyne.com,EMEA,Fintech,Start,Monthly,10,USD,367.50,25,paid,Wire Transfer,01/28/2023,10/05/2025,false,4,1
INV-100496,ACC-8224,Massive Dynamic Industries,billing@massive.com,EMEA,Healthcare,pro,Monthly,100,GBP,"£9,429.75",25,PAID,ach,28-01-2023,2023-04-08,true,5,8
INV-104568,ACC-6179,Acme Ltd,billing@acme.com,NA,Manufacturing,STARTER,annual,1,EUR,529,0,Paid,invoice,2024-07-03,2027-01-11,true,,2
INV-104563,ACC-6447,Vandelay Holdings,billing@vandelay.com,EMEA,Travel,STARTER,yearly,5,USD,2450.00,0,VOID,invoice,Jun 8 2021,12/28/2023,Yes,3,0
INV-100393,ACC-8844,Initech Ltd,,NA,Retail,ENT,monthly,1,USD,299.00 USD,0,PAID,invoice,09/14/2022,2024/11/22,N,3,0
INV-101812,ACC-6741,Tyrell Labs,billing@tyrell.com,LATAM,Manufacturing,Starter,annual,5,USD,"$2,082.50",15,PENDING,ACH,2021-06-03,2023-07-11,No,4,0
INV-104901,ACC-3941,Aperture Ltd,billing@aperture.com,EMEA,Fintech,PRO,yearly,3,USD,2970.00,0,paid,invoice,03/28/2023,May 9 2025,N,3,0
INV-102442,ACC-8165,Hooli Partners,billing@hooli.com,NA,Travel,ENT,Annual,100,USD,299000.00,0,Pending,,2024-06-22,2025-02-02,false,4,0
INV-100354,ACC-4421,Aperture Group,billing@aperture.com,NA,Media,Tier 3,Monthly,3,USD,897.00,0,PAID,Credit Card,2021-06-28,2022/11/20,Yes,4,8
INV-101232,ACC-1830,Tyrell Corp,billing@tyrell.com,APAC,Manufacturing,Starter,annual,3,EUR,"1,587.60 EUR",0,success,,Apr 4 2022,2023-02-22,FALSE,5,0
INV-102293,ACC-8970,Cyberdyne Ltd,billing@cyberdyne.com,EMEA,Education,PRO,Annual,1,USD,990.00,0,pending,Credit Card,Sep 18 2021,2023-04-20,N,5,1
INV-103600,ACC-2639,Gekko Holdings,billing@gekko.com,APAC,,Tier 2,Monthly,50,USD,4950.00,0,pending,ach,24-05-2023,09/01/2025,true,1,0
INV-101348,ACC-6540,Globex Labs,billing@globex.com,APAC,Retail,Starter,annual,10,USD,3920,20,paid,ACH,10/15/2022,2022/10/17,Y,3,8
INV-102545,ACC-9751,Wonka LLC,billing@wonka.com,NA,Media,Enterprise,annual,25,USD,74750.00,0,success,Credit Card,2023/03/06,2023-09-29,false,1,0
INV-104910,ACC-5743,Gekko Industries,billing@gekko.com,APAC,Logistics, Starter ,monthly,5,USD,220.50,10,Complete,Credit Card,2023-06-18,2024-07-09,FALSE,4,0
INV-100059,ACC-3513,Globex Partners,billing@globex.com,LATAM,Gaming,PRO,annual,25,USD,"$24,750.00",0,Complete,,2022-07-25,04/06/2023,0,1,0
INV-102466,ACC-4597,Acme Holdings,billing@acme.com,EMEA,Gaming, Starter ,annually,50,USD,24500.00,0,completed,Credit Card,2022-09-11,05/02/2024,false,4,1
INV-102327,ACC-6694,Initech Partners,billing_at_initech.com,NA,,Pro,monthly,50,EUR,5346.00,0,completed,Wire Transfer,Jan 31 2022,14-04-2023,0,2,1
INV-103405,ACC-2668,Acme Inc,billing@acme.com,EMEA,Fintech,STARTER,yearly,25,USD,"$10,412.50",15,PAID,invoice,Aug 4 2023,Apr 26 2024,N,3,1
INV-101315,ACC-3849,Pied Piper LLC,billing@pied.com,LATAM,Manufacturing,STARTER,Monthly,10,USD,490.00,0,Complete,Credit Card,2022-12-04,Aug 24 2023,FALSE,2,0
INV-104087,ACC-3568,Hooli Co,billing@hooli.com,APAC,Education,Starter,yearly,50,EUR,26460.00,0,completed,credit_card,05/11/2024,2024-07-04,false,5,0
INV-100269,ACC-4714,Nakatomi LLC,billing@nakatomi.com,NA,Energy,starter,annually,100,EUR,52920,0,awaiting,Credit Card,06-11-2021,2024/03/28,N,5,5
INV-101892,ACC-5607,Acme Partners,billing@acme.com,EMEA,Gaming,ENT,Annual,25,USD,"$74,750.00",0,Pending,credit_card,05/19/2023,2024-07-24,true,4,0
INV-104884,ACC-7359,Globex Labs,billing@globex.com,LATAM,Fintech,Enterprise,annually,250,USD,747500.00,0,completed,ach,2021-05-20,2023/07/26,TRUE,4,0
INV-100419,ACC-9591,Soylent Corp,billing@soylent.com,LATAM,Travel,Professional,yearly,1,USD,990.00,0,paid,ach,2022-01-20,2022-08-12,FALSE,5,2
INV-104814,ACC-7264,Wayne Ltd,billing@wayne.com,APAC,Manufacturing,Enterprise,yearly,10,USD,29900.00,0,awaiting,credit_card,Aug 27 2023,2023-12-12,FALSE,4,2
INV-100106,ACC-3734,Globex Co,billing@globex.com,NA,Gaming,STARTER,monthly,3,EUR,€158.76,0,paid,invoice,2023-08-25,2024-08-31,No,3,0
INV-103887,ACC-5086,Umbrella Inc,billing@umbrella.com,NA,Gaming,pro,annual,250,USD,"$247,500.00",0,paid,Wire Transfer,2024-01-25,Mar 15 2024,1,4,0
INV-101628,ACC-6402,Wayne Ltd,billing@wayne.com,APAC,Healthcare,starter,annual,100,USD,44100.00,10,Paid,credit_card,2023-07-30,2026/04/17,No,,0
INV-101987,ACC-1679,Vandelay LLC,billing@vandelay.com,NA,Retail,starter,annually,50,USD,24500.00,0,Failed,Wire Transfer,07/27/2022,2025-04-11,0,4,0
INV-100643,ACC-5488,Aperture Labs,billing@aperture.com,LATAM,Energy,Pro ,yearly,250,USD,"247,500.00 USD",0,Complete,,2021/01/30,2023-05-19,No,4,0
INV-101081,ACC-3548,Wonka Inc,billing@wonka.com,EMEA,Manufacturing,STARTER,Annual,3,USD,"$1,470.00",0,success,ach,05/16/2021,13-07-2022,FALSE,4,0
INV-101060,ACC-1578,Pied Piper Holdings,billing@pied.com,APAC,Education,Enterprise ,yearly,250,USD,-672750.00,10,REFUND,Credit Card,07/26/2021,Oct 20 2021,0,4,5
INV-103510,ACC-7390,Dunder Labs,,APAC,Fintech,Tier 1,annually,3,USD,1470.00,0,completed,Credit Card,20-10-2024,2026-10-06,0,4,0
INV-100860,ACC-9529,Soylent Industries,billing@soylent.com,APAC,Healthcare,Starter,Monthly,100,USD,4410.00,10,completed,invoice,2024/09/23,06-01-2026,N,5,0
INV-103153,ACC-5090,Soylent Industries,billing@soylent.com,NA,Energy,Tier 2,annually,25,EUR,26730.00,0,paid,ach,02/04/2023,2025/04/24,No,,0
INV-103002,ACC-9482,Vandelay Group,billing@vandelay.com,NA,Fintech,enterprise ,annual,5,USD,12708,15,pending,Wire Transfer,2024-07-13,2026-10-24,false,4,0
INV-102121,ACC-5559,Acme Industries,billing@acme.com,EMEA,Healthcare,Professional,yearly,50,USD,49500.00,0,success,ach,2021/09/24,2023-07-01,false,3,2
INV-104964,ACC-2750,Tyrell Ltd,billing@tyrell.com,EMEA,Travel,Start,Monthly,1,USD,49.00,0,completed,wire,10/06/2024,2025/10/30,0,4,0
INV-101237,ACC-6229,Massive Dynamic Inc,billing@massive.com,EMEA,,Starter,monthly,3,USD,147.00 USD,0,Complete,wire,05/11/2024,2024/12/04,No,3,3
INV-103270,ACC-9159,Prestige Holdings,billing@prestige.com,NA,Healthcare,Enterprise ,monthly,3,USD,$897.00,0,Complete,ACH,03-01-2024,2026-08-06,N,5,0
INV-100571,ACC-3172,Vandelay Group,billing@vandelay.com,EMEA,Energy,Starter,monthly,100,USD,4900.00,0,Pending,credit_card,09/06/2022,01/07/2025,0,,2
INV-101431,ACC-6557,Oscorp Industries,billing@oscorp.com,LATAM,Fintech,Professional,monthly,250,GBP,25146.00,20,Failed,credit_card,2021-02-06,2021-05-07,N,5,0
INV-103379,ACC-4088,Wayne Ltd,billing@wayne.com,APAC,Retail,starter,yearly,25,USD,-9800.00,20,REFUND,Wire Transfer,2023-04-14,2024-10-27,N,1,0
INV-102364,ACC-6697,Massive Dynamic Corp,billing@massive.com,LATAM,,Starter,yearly,3,USD,1470,0,void,wire,2023/02/10,2024/02/23,FALSE,4,3
INV-102630,ACC-5741,Pied Piper Inc,billing@pied.com,NA,Fintech,Tier 1,yearly,50,USD,24500,0,PENDING,invoice,Sep 11 2021,2022/06/07,FALSE,1,3
INV-100783,ACC-2531,Prestige LLC,billing@prestige.com,APAC,Logistics,Starter,yearly,3,USD,1470,0,Pending,Credit Card,2024-04-13,2026/06/28,0,2,0
INV-100057,ACC-6848,Vandelay Holdings,billing@vandelay.com,APAC,Healthcare,Enterprise,annual,25,EUR,72657.00,10,Complete,ACH,03/03/2023,2024-02-13,false,5,0
INV-104271,ACC-2954,Aperture Group,,EMEA,Media,Starter,yearly,10,USD,4900.00,0,paid,wire,2024/09/07,04/07/2027,0,5,2
INV-104311,ACC-6828,Wayne Group,billing@wayne.com,EMEA,Energy,Enterprise,monthly,10,EUR,3229.20,0,PAID,credit_card,2022-07-20,03/19/2023,false,,0
INV-104066,ACC-8417,Initech Corp,billing@initech.com,EMEA,Gaming,Start,Annual,10,USD,4410.00,10,Paid,Wire Transfer,2024/05/21,10/30/2024,0,5,2
INV-104679,ACC-3144,Nakatomi Ltd,billing@nakatomi.com,LATAM,Gaming,Tier 3,Monthly,10,GBP,3797.30,0,paid,wire,2021/10/18,2022-07-16,0,3,2
INV-104228,ACC-5931,Aperture Labs,billing@aperture.com,LATAM,Gaming,Tier 3,annually,5,EUR,16146.00,0,Void,ACH,04/28/2023,01/01/2024,No,2,8
INV-101786,ACC-1069,Initech Labs,billing@initech.com,EMEA,Travel,pro,annual,10,USD,"$8,415.00",15,Complete,,2021-01-10,09/09/2023,N,,3
INV-102500,ACC-6178,Stark LLC,billing@stark.com,NA,Travel,Pro ,Monthly,25,USD,2475.00,0,VOID,wire,2023/02/10,2024-11-12,No,5,0
INV-103008,ACC-3967,Prestige Corp,billing@prestige.com,NA,Manufacturing,Start,Monthly,10,EUR,529.20,0,paid,Wire Transfer,05/25/2024,2024-08-13,FALSE,,0
INV-101350,ACC-8793,Aperture Inc,billing@aperture.com,APAC,Energy,Start,Monthly,5,USD,$245.00,0,canceled,invoice,2023-11-29,2025/11/19,0,4,1
INV-102749,ACC-3120,Initech Corp,billing@initech.com,EMEA,,STARTER,Annual,3,USD,1470.00,0,Paid,ACH,2023/08/23,Nov 29 2025,FALSE,4,0
INV-100998,ACC-2528,Aperture Labs,billing@aperture.com,NA,Energy, Starter ,monthly,250,USD,"$12,250.00",0,success,ACH,01/02/2024,2024-05-25,N,5,0
INV-100230,ACC-4897,Soylent Corp,billing@soylent.com,APAC,Healthcare,STARTER,annually,5,USD,2450.00,0,success,,2022/10/12,Sep 29 2023,Yes,5,8
INV-100345,ACC-3323,Dunder Labs,billing@dunder.com,EMEA,Healthcare,starter,Monthly,1,USD,49.00,0,PAID,Credit Card,02/27/2023,2025-01-30,false,2,1
INV-104167,ACC-7428,Initech Holdings,billing@initech.com,EMEA,Gaming,STARTER,yearly,50,GBP,31115.00,0,Paid,ach,2024-05-07,2026-11-05,No,3,0
INV-103907,ACC-2329,Gekko Group,billing@gekko.com,LATAM,,Tier 1,annual,250,USD,"122,500.00 USD",0,paid,ach,2024-02-16,2025-03-18,0,,0
INV-101291,ACC-4755,Stark Group,billing_at_stark.com,LATAM,Retail,Enterprise ,Monthly,10,USD,"$2,691.00",10,Complete,Credit Card,2024-03-30,Oct 7 2024,Yes,4,1
INV-100508,ACC-9577,Globex Group,billing@globex.com,EMEA,Energy,PRO,yearly,10,EUR,"€10,692.00",0,FAILED,,2021/10/23,2022-08-22,Yes,4,0
INV-101254,ACC-4069,Hooli Labs,billing@hooli.com,EMEA,Manufacturing,STARTER,yearly,25,GBP,11668.12,25,Paid,Credit Card,2022/04/18,2023-04-02,No,4,0
INV-100095,ACC-3838,Pied Piper Ltd,billing@pied.com,LATAM,Education,Professional,monthly,10,USD,841.50,15,paid,,01/20/2021,2022-05-31,true,4,0
INV-101674,ACC-1032,Acme Ltd,billing@acme.com,NA,Fintech,Pro,monthly,250,USD,24750.00,0,Complete,invoice,2021-07-18,2023-03-29,0,4,0
INV-103400,ACC-9028,Pied Piper Inc,billing@pied.com,EMEA,Healthcare,starter,Monthly,10,USD,367.50 USD,25,Complete,credit_card,2021-03-17,2021-11-27,1,,0
INV-101150,ACC-2393,Oscorp Partners,billing@oscorp.com,EMEA,Energy,STARTER,monthly,1,USD,41.65,15,FAILED,invoice,2021-02-09,10/13/2021,N,5,1
INV-102855,ACC-8108,Globex LLC,billing@globex.com,NA,Logistics,Tier 2,Monthly,100,USD,9900.00,0,success,ach,2021/11/25,08/31/2022,true,5,5
INV-102323,ACC-1105,Cyberdyne Labs,billing@cyberdyne.com,LATAM,Energy,Pro ,Monthly,250,USD,-24750.00,0,refunded,invoice,2021/10/16,Jul 25 2022,1,1,1
INV-102200,ACC-7077,Gekko Holdings,billing@gekko.com,NA,Fintech,STARTER,Annual,50,USD,"$-22,050.00",10,charged_back,credit_card,2021-07-14,Feb 3 2022,FALSE,,0
INV-100690,ACC-4085,Cyberdyne Labs,billing@cyberdyne.com,APAC,Logistics,Starter,annual,3,USD,"$1,323.00",10,success,credit_card,2021-11-09,Feb 20 2024,0,5,0
INV-102297,ACC-6896,Tyrell Holdings,billing@tyrell.com,APAC,Gaming, Starter ,monthly,1,USD,$49.00,0,error,invoice,2023-03-01,04-03-2024,No,5,8
INV-103718,ACC-5019,Vandelay Labs,billing@vandelay.com,APAC,Manufacturing,Enterprise ,yearly,3,USD,8970.00,0,failed,,2024-09-10,2025-05-13,FALSE,3,5
INV-102593,ACC-3100,Prestige Partners,billing@prestige.com,LATAM,Fintech,pro,annual,10,USD,"$9,900.00",0,Complete,invoice,19-08-2022,09-11-2023,FALSE,3,3
INV-104604,ACC-7892,Cyberdyne Partners,billing@cyberdyne.com,NA,Energy,Tier 1,Monthly,1,USD,49.00,0,PAID,Wire Transfer,2023-11-21,Mar 9 2025,FALSE,4,1
INV-101724,ACC-9237,Soylent Inc,billing@soylent.com,LATAM,Education,starter,Monthly,10,USD,490.00,0,pending,invoice,2022-12-13,2024-04-26,N,,0
INV-102958,ACC-1059,Stark Group,billing@stark.com,APAC,Fintech,Starter,annual,50,EUR,-26460.00,0,Refunded,ach,Apr 28 2021,08/26/2022,No,4,1
INV-103821,ACC-4141,Dunder Inc,billing@dunder.com,EMEA,Retail,Start,Monthly,25,USD,1225.00,0,Paid,Wire Transfer,2022/02/11,07/30/2023,No,4,2
INV-103513,ACC-3090,Tyrell Ltd,billing@tyrell.com,LATAM,Retail,starter,yearly,25,EUR,13230,0,Failed,Wire Transfer,Jul 28 2024,2024/09/05,0,2,0
INV-102016,ACC-1797,Acme Industries,billing@acme.com,APAC,Energy,Enterprise,monthly,50,USD,14950.00,0,Pending,ACH,2023/03/12,20-07-2023,false,3,2
INV-102822,ACC-6650,Prestige Industries,billing@prestige.com,NA,Fintech,STARTER,monthly,3,EUR,€158.76,0,Complete,ACH,2023/11/03,02/12/2026,0,,0
INV-101930,ACC-3648,Pied Piper Labs,billing@pied.com,NA,Travel,Pro,Monthly,5,USD,495.00,0,success,invoice,01/30/2021,10/29/2022,0,5,1
INV-103836,ACC-8591,Prestige Partners,billing@prestige.com,EMEA,Education,starter,yearly,50,USD,"$22,050.00",10,Paid,wire,09/03/2022,2024-11-23,N,,0
INV-104777,ACC-4701,Vandelay Labs,billing@vandelay.com,LATAM,Fintech,Pro,yearly,100,USD,99000.00,0,pending,Wire Transfer,2021-09-16,2022-07-16,No,4,0
INV-104309,ACC-9022,Oscorp LLC,billing@oscorp.com,APAC,Logistics,Start,annual,100,USD,49000.00,0,Paid,wire,01/26/2023,20-05-2024,N,,1
INV-101960,ACC-1468,Vandelay LLC,billing@vandelay.com,APAC,Retail,Starter,yearly,50,USD,24500.00,0,paid,credit_card,2023/01/14,Mar 29 2025,0,,3
INV-102033,ACC-4123,Vandelay Group,billing@vandelay.com,LATAM,,Start,yearly,5,USD,2205.00,10,Pending,invoice,2023-07-05,2024-06-24,true,5,0
INV-103756,ACC-4418,Aperture Inc,billing@aperture.com,APAC,Media,Enterprise,Monthly,250,USD,"$63,537.50",15,success,credit_card,2021-07-23,2021-10-17,N,3,5
INV-101486,ACC-1472,Massive Dynamic Industries,billing@massive.com,LATAM,Education,Tier 2,Monthly,1,USD,99.00,0,Paid,Credit Card,2021-11-19,Feb 18 2024,FALSE,3,2
INV-104411,ACC-1706,Tyrell Inc,billing@tyrell.com,LATAM,Manufacturing,Tier 3,Monthly,100,USD,26910.00,10,Complete,credit_card,2021-11-03,03/19/2023,0,3,0
INV-100601,ACC-5340,Gekko LLC,billing@gekko.com,APAC,Manufacturing,starter,monthly,3,GBP,£186.69,0,completed,wire,2023/07/25,Sep 5 2025,FALSE,1,3
INV-102967,ACC-3455,Stark Corp,billing@stark.com,EMEA,Travel, Starter ,yearly,5,USD,2450.00,0,Complete,Wire Transfer,11/03/2022,06-06-2024,FALSE,5,0
INV-103342,ACC-1383,Dunder Inc,billing@dunder.com,APAC,Education,Pro ,annually,3,USD,2970.00,0,in_review,Credit Card,08/14/2023,01/21/2024,N,1,0
INV-104354,ACC-7163,Oscorp Group,billing@oscorp.com,APAC,Media,Pro ,monthly,1,USD,99.00,0,paid,credit_card,2021-01-11,May 23 2022,Y,5,3
INV-102918,ACC-9699,Initech Ltd,billing@initech.com,LATAM,Healthcare,Tier 2,annual,3,EUR,3207.60,0,Complete,credit_card,13-01-2023,30-09-2023,0,5,0
INV-103403,ACC-2106,Cyberdyne Holdings,billing@cyberdyne.com,EMEA,Gaming,starter,Monthly,100,USD,"$4,900.00",0,cancelled,Credit Card,2022/04/17,30-12-2023,0,4,0
INV-101505,ACC-3935,Dunder Inc,billing@dunder.com,APAC,Manufacturing,Pro ,annual,10,EUR,10692,0,completed,invoice,2023/09/13,2025-05-10,FALSE,3,0
INV-100041,ACC-1710,Dunder Group,billing@dunder.com,EMEA,Healthcare,Pro ,yearly,250,USD,"$210,375.00",15,Complete,Wire Transfer,2023-05-24,04/25/2025,Yes,5,1
INV-102633,ACC-9457,Initech Ltd,,EMEA,Energy,Pro ,annual,5,USD,4950.00,0,Pending,invoice,2023-11-02,20-07-2025,TRUE,4,0
INV-102721,ACC-7753,Nakatomi Inc,billing@nakatomi.com,EMEA,Energy,pro,Monthly,10,GBP,-1005.84,20,refunded,ACH,2021-03-16,2021/05/02,0,3,0
INV-100115,ACC-4300,Cyberdyne Partners,billing@cyberdyne.com,LATAM,Travel,ENT,annual,5,USD,13455.00,10,Paid,ACH,14-12-2023,2026/05/13,0,2,5
INV-100198,ACC-8577,Prestige Industries,billing@prestige.com,LATAM,Gaming,Professional,annually,1,USD,$990.00,0,completed,invoice,2022-12-26,2023-03-03,No,4,0
INV-104234,ACC-8220,Pied Piper LLC,billing@pied.com,APAC,Media,ENT,Annual,25,USD,74750.00,0,PENDING,credit_card,2023/07/24,2024-11-23,Y,3,0
INV-101392,ACC-4426,Pied Piper Inc,billing@pied.com,APAC,Healthcare,PRO,yearly,10,EUR,"€10,692.00",0,in_review,ACH,Mar 14 2024,2026/08/19,FALSE,2,1
INV-104913,ACC-5979,Massive Dynamic Holdings,billing@massive.com,EMEA,Logistics, Starter ,Monthly,5,USD,220.50,10,Paid,Wire Transfer,2022/06/03,2022/12/01,FALSE,4,0
INV-101101,ACC-9320,Acme Co,billing@acme.com,APAC,Retail,Professional,monthly,5,USD,495.00,0,PENDING,ACH,Apr 29 2022,11/09/2024,0,5,0
INV-102723,ACC-7494,Pied Piper Holdings,billing@pied.com,LATAM,Travel,Tier 3,Monthly,100,USD,"29,900.00 USD",0,success,credit_card,08/15/2023,10/09/2023,No,,0
INV-101604,ACC-5625,Hooli Inc,billing@hooli.com,APAC,, Starter ,Monthly,250,EUR,"-13,230.00 EUR",0,REFUND,wire,2022-02-28,2023-03-06,TRUE,,3
INV-101633,ACC-6971,Tyrell Co,billing@tyrell.com,APAC,Logistics,Start,Annual,10,USD,4900.00,0,paid,wire,2024-09-26,02/15/2026,false,1,1
INV-101240,ACC-8386,Stark Group,billing@stark.com,EMEA,Manufacturing,Enterprise,Monthly,5,USD,"$1,495.00",0,VOID,,2021-08-16,12/02/2023,N,5,0
INV-104598,ACC-5514,Initech Co,billing@initech.com,LATAM,Travel,Starter,yearly,1,USD,490.00,0,VOID,,2022-04-26,01/12/2024,N,5,1
INV-102726,ACC-5095,Umbrella Inc,billing@umbrella.com,LATAM,,Pro,annual,50,EUR,53460.00,0,completed,Credit Card,2024-09-08,10/22/2025,TRUE,,3
INV-104508,ACC-7289,Soylent Co,billing@soylent.com,APAC,Manufacturing,STARTER,annually,10,EUR,5292.00,0,paid,credit_card,03/05/2022,2022-03-14,false,5,0
INV-103140,ACC-1159,Prestige Ltd,billing@prestige.com,APAC,Gaming,starter,Annual,100,USD,"$49,000.00",0,PENDING,invoice,Jul 3 2022,2023-02-11,N,1,0
INV-104671,ACC-6998,Wonka LLC,billing@wonka.com,LATAM,Media, Starter ,annually,1,USD,490.00,0,success,ACH,2021-06-23,2022-04-12,false,4,5
INV-101216,ACC-7299,Soylent Inc,billing@soylent.com,EMEA,Gaming,enterprise,annual,1,EUR,"€2,583.36",20,Paid,,04/25/2021,Nov 12 2023,N,4,5
INV-101489,ACC-2218,Vandelay Co,billing@vandelay.com,EMEA,,Enterprise ,monthly,10,USD,2990.00,0,PAID,Credit Card,Oct 13 2022,2024-08-13,true,4,0
INV-103923,ACC-9139,Cyberdyne Corp,billing@cyberdyne.com,APAC,Travel,Enterprise,Monthly,1,USD,239.20,20,Pending,Credit Card,06/27/2024,2026-06-20,N,5,0
INV-101300,ACC-8079,Massive Dynamic Corp,billing@massive.com,LATAM,Fintech,Tier 3,monthly,5,USD,1495.00,0,Void,ach,2022-03-03,11/14/2024,No,5,0
INV-102936,ACC-9156,Soylent Labs,billing@soylent.com,APAC,Fintech,pro,annual,5,EUR,"€5,346.00",0,Paid,Wire Transfer,2023-10-21,2024-07-22,FALSE,5,0
INV-100849,ACC-4396,Gekko Inc,billing@gekko.com,LATAM,Media,Pro,annual,10,USD,9900.00,0,completed,,2022-09-16,02/01/2023,0,2,2
INV-104926,ACC-6188,Dunder Holdings,billing@dunder.com,NA,Gaming,Tier 1,monthly,50,USD,"2,450.00 USD",0,Complete,invoice,2022-12-09,2024-08-16,Y,4,2
INV-103009,ACC-2841,Cyberdyne Ltd,billing@cyberdyne.com,APAC,Media,STARTER,Monthly,10,EUR,529.20,0,Paid,credit_card,2024-09-19,2025/06/24,1,4,0
INV-103647,ACC-9953,Wonka Industries,billing@wonka.com,EMEA,Gaming,Tier 3,annual,10,USD,29900,0,PAID,credit_card,May 31 2022,2024-01-16,0,2,1
INV-102972,ACC-1031,Massive Dynamic Co,billing@massive.com,LATAM,Logistics,ENT,Monthly,250,USD,74750.00,0,Void,invoice,Apr 7 2021,11/12/2021,0,5,1
INV-101337,ACC-1422,Prestige Corp,billing@prestige.com,NA,Travel, Starter ,monthly,250,USD,12250.00,0,Paid,ACH,2022-01-31,2022-10-19,true,,0
INV-104849,ACC-2904,Globex LLC,billing@globex.com,LATAM,Media,Enterprise ,monthly,1,GBP,284.80,25,Paid,ACH,2023-07-24,2025/08/21,N,3,0
INV-100763,ACC-4265,Initech Corp,billing@initech.com,APAC,Education,Professional,Monthly,5,GBP,£565.78,10,Paid,credit_card,2021-01-05,03/08/2021,Y,5,0
INV-104511,ACC-3265,Wayne Labs,billing@wayne.com,EMEA,Gaming,Starter,Annual,50,USD,22050.00,10,PAID,ach,2022-09-08,2024/02/08,No,5,0
INV-103347,ACC-6059,Umbrella Ltd,billing@umbrella.com,EMEA,Travel,Pro,monthly,10,EUR,"€1,069.20",0,Paid,ach,2024-09-17,11/16/2024,Y,4,0
INV-100651,ACC-2755,Gekko Ltd,billing@gekko.com,LATAM,Travel, Starter ,monthly,25,USD,"$1,225.00",0,completed,credit_card,2022-06-08,19-11-2024,0,4,0
INV-101937,ACC-3898,Nakatomi Ltd,,LATAM,Retail,Starter,monthly,250,USD,"$12,250.00",0,declined,,06/16/2022,2024-12-06,1,5,0
INV-104784,ACC-9594,Stark Labs,,EMEA,Education,pro,Monthly,25,USD,1980.00,20,canceled,ACH,2023-10-07,11/04/2024,FALSE,,2
INV-103464,ACC-5379,Oscorp Holdings,billing@oscorp.com,EMEA,Gaming,Tier 1,Annual,25,USD,"$12,250.00",0,awaiting,wire,2024-09-19,11/28/2025,N,5,0
INV-103595,ACC-6649,Globex Inc,,LATAM,Education,Tier 3,annually,100,EUR,-322920.00,0,refunded,,2021-11-13,07/15/2024,N,5,3
INV-104865,ACC-3842,Umbrella LLC,billing@umbrella.com,EMEA,,enterprise ,Monthly,25,USD,7475.00,0,completed,ach,2022/05/04,Jul 12 2023,No,3,0
INV-102219,ACC-4702,Cyberdyne Ltd,billing@cyberdyne.com,EMEA,Retail,Enterprise ,monthly,25,USD,"6,353.75 USD",15,completed,credit_card,2021-07-28,2023-11-26,false,4,0
INV-103164,ACC-5658,Oscorp Industries,billing@oscorp.com,APAC,, Starter ,yearly,25,USD,10412.50,15,PAID,,16-06-2022,2022-11-24,false,5,0
INV-104929,ACC-4884,Umbrella Corp,billing@umbrella.com,LATAM,Energy,enterprise ,Annual,10,EUR,"€32,292.00",0,PAID,ACH,2022-12-23,Aug 28 2025,false,4,1
INV-103588,ACC-6757,Umbrella Corp,billing@umbrella.com,APAC,Retail,enterprise ,monthly,3,USD,$897.00,0,Complete,Wire Transfer,10/12/2023,2023-12-02,0,4,0
INV-104308,ACC-6044,Wayne Ltd,billing@wayne.com,NA,Travel,Starter,monthly,10,EUR,529.20,0,completed,Credit Card,11-03-2024,2026-01-15,No,,0
INV-100229,ACC-6616,Cyberdyne Labs,billing@cyberdyne.com,APAC,Media,PRO,yearly,100,USD,99000.00,0,PAID,ACH,2022/06/17,2023-02-04,FALSE,4,1
INV-101144,ACC-5674,Pied Piper Holdings,billing@pied.com,EMEA,Logistics,Tier 3,monthly,250,USD,74750.00,0,success,wire,2024-03-29,15-08-2025,false,5,2
INV-104680,ACC-6137,Vandelay Partners,billing@vandelay.com,EMEA,Gaming,Starter,annual,25,USD,12250.00,0,success,credit_card,09-03-2024,2025-12-11,0,4,0
INV-103354,ACC-1777,Hooli Industries,billing@hooli.com,LATAM,Fintech,enterprise,yearly,10,USD,29900.00,0,Paid,,2023-08-12,2026-01-29,FALSE,4,1
INV-102170,ACC-6961,Oscorp Group,billing@oscorp.com,EMEA,Education, Starter ,Annual,25,EUR,13230.00,0,PENDING,ach,2023-05-04,09/17/2023,0,5,0
INV-100008,ACC-7658,Wonka Corp,billing@wonka.com,EMEA,Media,starter,monthly,50,USD,1960.00,20,VOID,credit_card,2023/07/21,2024-05-08,N,5,3
INV-100854,ACC-4275,Aperture LLC,billing@aperture.com,APAC,Travel,PRO,annually,25,USD,24750.00,0,canceled,ach,10-07-2022,Aug 14 2023,1,4,0
INV-103593,ACC-6671,Hooli LLC,billing@hooli.com,NA,Media,STARTER,annually,1,EUR,529.20,0,Complete,credit_card,01-06-2024,11/04/2025,0,4,2
INV-101840,ACC-1877,Tyrell Industries,billing@tyrell.com,LATAM,Energy,STARTER,annually,10,USD,4900.00,0,cancelled,,06/08/2022,2023-08-29,No,4,0
INV-100742,ACC-1277,Wonka Partners,billing@wonka.com,APAC,Travel,pro,monthly,25,EUR,2673,0,Complete,,08/18/2022,2025-03-01,N,4,0
INV-100720,ACC-9819,Umbrella Group,billing@umbrella.com,APAC,Gaming,Pro,Annual,1,EUR,"1,069.20 EUR",0,success,Wire Transfer,11/07/2021,Feb 11 2022,N,3,0
INV-103728,ACC-9596,Umbrella Inc,billing@umbrella.com,EMEA,Healthcare,Enterprise,annual,10,EUR,32292.00,0,failed,invoice,2024-03-11,2026-11-08,0,5,0
INV-103278,ACC-4938,Nakatomi Holdings,billing@nakatomi.com,EMEA,Logistics,Pro ,Monthly,50,USD,4950.00,0,Complete,Credit Card,2023-01-11,02/01/2023,FALSE,2,0
INV-103669,ACC-8431,Soylent Co,billing@soylent.com,LATAM,Education,pro,monthly,50,EUR,5346,0,PAID,wire,05/28/2022,2022-11-18,false,5,3
INV-103663,ACC-8812,Prestige Inc,billing@prestige.com,LATAM,Manufacturing,Tier 3,Annual,50,USD,-149500.00,0,charged_back,ach,Oct 13 2024,07/29/2026,N,4,0
INV-104122,ACC-9750,Stark Ltd,billing@stark.com,NA,Retail,Enterprise ,yearly,50,USD,149500,0,completed,Credit Card,Mar 10 2022,2022/10/04,0,4,0
INV-101879,ACC-7910,Aperture Industries,billing@aperture.com,NA,Retail,Pro ,yearly,1,USD,-990.00 USD,0,Refunded,wire,2023-02-09,05/05/2024,false,5,2
INV-101076,ACC-9618,Prestige Industries,billing@prestige.com,NA,Energy,STARTER,Monthly,10,USD,490.00,0,Complete,credit_card,2022-06-19,2024-06-06,Y,3,0
INV-104711,ACC-6921,Dunder Holdings,billing@dunder.com,LATAM,Gaming,Pro,monthly,5,GBP,565.78,10,completed,Credit Card,2022-09-20,Dec 4 2023,FALSE,2,0
INV-103240,ACC-9290,Massive Dynamic Industries,billing@massive.com,LATAM,Logistics,Starter,Monthly,25,GBP,1555.75,0,PAID,Credit Card,30-03-2024,2026-01-22,N,3,0
INV-101831,ACC-5118,Umbrella Industries,billing@umbrella.com,EMEA,Manufacturing,enterprise,monthly,10,GBP,"3,417.57 GBP",10,void,ACH,2023-12-16,2025-11-08,false,2,0
INV-100264,ACC-3985,Gekko Corp,billing@gekko.com,APAC,Healthcare,Enterprise,annually,3,USD,8970.00,0,in_review,invoice,2022-06-27,2023-06-11,0,3,0
INV-102561,ACC-7776,Hooli Corp,billing@hooli.com,NA,Retail,Tier 1,Monthly,50,USD,2205.00,10,paid,Wire Transfer,2024-01-29,2026-06-01,N,5,0
INV-102151,ACC-8853,Globex Holdings,billing@globex.com,APAC,Gaming,Starter,yearly,250,USD,"122,500.00 USD",0,Paid,Credit Card,2023-12-06,05/17/2026,0,,0
INV-100910,ACC-8982,Pied Piper Partners,billing@pied.com,APAC,,Starter,monthly,1,USD,$49.00,0,PAID,Wire Transfer,11-02-2023,2023-07-10,0,4,1
INV-103156,ACC-4792,Vandelay Ltd,billing@vandelay.com,LATAM,Education,enterprise ,annual,50,USD,127075.00,15,completed,Credit Card,2022/04/11,2023-09-30,0,4,0
INV-102624,ACC-8908,Pied Piper Corp,billing_at_pied.com,APAC,Manufacturing,Tier 3,Monthly,1,USD,299.00,0,PAID,invoice,01/09/2022,2023/12/09,No,4,2
INV-100736,ACC-4650,Tyrell Partners,billing@tyrell.com,NA,Retail,PRO,monthly,5,USD,420.75,15,Complete,ACH,Oct 8 2021,Jul 29 2022,false,4,2
INV-101208,ACC-4220,Soylent Co,,NA,Retail,Tier 3,annual,100,USD,269100.00,10,paid,credit_card,03/24/2024,01/08/2025,N,2,0
INV-103831,ACC-5379,Massive Dynamic Partners,billing@massive.com,APAC,Logistics, Starter ,monthly,10,USD,490,0,paid,invoice,2024/06/26,2026/02/26,Y,5,0
INV-101681,ACC-5673,Massive Dynamic Co,billing@massive.com,NA,Gaming,enterprise ,annually,25,USD,"74,750.00 USD",0,completed,credit_card,2022-12-06,2025-03-23,N,,2
INV-104557,ACC-6396,Globex Industries,billing@globex.com,NA,Media,Tier 2,Monthly,3,USD,267.30 USD,10,paid,credit_card,2024-03-20,2024-05-28,false,4,3
INV-101714,ACC-5925,Cyberdyne Corp,billing_at_cyberdyne.com,EMEA,Healthcare,Tier 3,annual,250,EUR,"€807,300.00",0,completed,Credit Card,Apr 17 2022,2024/07/27,No,1,0
INV-102195,ACC-2199,Wayne Labs,billing@wayne.com,APAC,Healthcare, Starter ,annual,3,EUR,"€1,270.08",20,Paid,invoice,2023-09-20,2025-08-14,0,5,0
INV-103710,ACC-8436,Vandelay Group,billing@vandelay.com,LATAM,Media,PRO,monthly,1,EUR,106.92,0,paid,ACH,2024/03/08,2025-07-06,No,5,0
INV-101080,ACC-3045,Stark Ltd,billing@stark.com,NA,Education,Start,annually,10,GBP,6223.00,0,pending,invoice,2021/09/16,2021-11-28,0,,1
INV-104050,ACC-3451,Initech Ltd,billing@initech.com,APAC,Media,Tier 2,Monthly,50,USD,"$3,960.00",20,paid,ach,03/15/2024,May 8 2024,false,4,0
INV-103361,ACC-7330,Soylent Corp,billing@soylent.com,NA,Retail, Starter ,monthly,10,EUR,449.82,15,completed,invoice,09/05/2021,2024-03-04,FALSE,4,2
INV-104413,ACC-2164,Globex Partners,billing@globex.com,APAC,Gaming, Starter ,annually,250,USD,-122500.00,0,charged_back,,2024-09-03,2025/07/01,false,3,5
INV-102392,ACC-9883,Wonka Industries,billing@wonka.com,APAC,Travel,Professional,Monthly,10,USD,891.00,10,completed,,01/29/2024,2024-11-21,Yes,1,0
INV-103215,ACC-3412,Tyrell Industries,billing@tyrell.com,APAC,Energy,Start,Monthly,5,USD,245.00 USD,0,PAID,,May 29 2021,2022-08-28,true,1,2
INV-100648,ACC-6546,Wayne Co,billing@wayne.com,NA,Energy,pro,monthly,3,GBP,£282.89,25,success,ach,2022-08-08,2024-10-04,FALSE,5,0
INV-103250,ACC-4510,Prestige Labs,billing@prestige.com,NA,Logistics,Tier 2,yearly,10,EUR,10692.00,0,in_review,Wire Transfer,12/08/2022,04/27/2025,1,4,2
INV-104347,ACC-9544,Hooli Partners,billing@hooli.com,NA,,Enterprise,annually,250,EUR,807300.00,0,paid,,2022-09-01,2023-04-25,false,5,0
INV-101600,ACC-2243,Wonka LLC,billing@wonka.com,APAC,Fintech,Tier 2,Annual,1,USD,990.00,0,Paid,credit_card,2024-04-25,08/18/2025,0,5,0
INV-102353,ACC-3787,Soylent Corp,billing@soylent.com,EMEA,Gaming,starter,annual,5,USD,"2,450.00 USD",0,Paid,Credit Card,2021-11-20,2023-11-28,FALSE,2,0
INV-104675,ACC-9589,Tyrell Labs,billing@tyrell.com,EMEA,Fintech,enterprise ,annually,10,USD,29900,0,canceled,,2024-03-24,2024-07-27,N,5,1
INV-103402,ACC-8422,Dunder LLC,billing@dunder.com,LATAM,Retail,starter,monthly,50,USD,2450.00,0,Paid,wire,2021-12-25,2023-03-17,Yes,5,0
INV-100295,ACC-2388,Tyrell Holdings,billing@tyrell.com,APAC,,Starter,annually,10,USD,4900.00,0,completed,wire,05/23/2023,2024-08-26,false,4,0
INV-100145,ACC-6724,Aperture LLC,billing@aperture.com,EMEA,Travel,starter,annually,25,USD,12250.00,0,canceled,credit_card,02/24/2024,2026-06-16,false,1,0
INV-102815,ACC-6783,Massive Dynamic Inc,billing@massive.com,APAC,Fintech, Starter ,annually,10,USD,4165.00,15,declined,Credit Card,2023-02-03,2023-02-15,N,4,1
INV-100424,ACC-2702,Pied Piper Ltd,billing@pied.com,EMEA,Travel,Starter,monthly,5,USD,245.00,0,failed,Wire Transfer,Jul 29 2024,2026-07-26,Y,2,0
INV-104184,ACC-6765,Hooli Labs,billing@hooli.com,APAC,Logistics,enterprise ,Annual,1,USD,2541.50,15,Complete,ACH,08/14/2023,2026-03-19,false,,8
INV-101403,ACC-5358,Stark Group,billing@stark.com,EMEA,Travel, Starter ,annual,250,USD,122500.00,0,canceled,credit_card,2022-06-06,2024-09-23,Yes,5,0
INV-104365,ACC-5188,Nakatomi Inc,billing@nakatomi.com,APAC,Travel,Start,monthly,250,EUR,11245.50,15,declined,,2021-07-01,29-10-2022,FALSE,2,1
INV-103280,ACC-9948,Cyberdyne Co,billing@cyberdyne.com,LATAM,Education,Start,annual,1,EUR,529.20,0,Paid,ACH,2022/06/27,2025-03-19,0,2,2
INV-104550,ACC-8032,Wayne Inc,billing@wayne.com,NA,Logistics,Tier 2,monthly,10,USD,891.00,10,PAID,ach,2022-10-08,2022-11-05,N,,0
INV-104574,ACC-5858,Tyrell Partners,billing@tyrell.com,APAC,Retail,Pro ,annual,1,USD,$990.00,0,Paid,Wire Transfer,11/30/2021,2022-10-17,Yes,4,0
INV-104207,ACC-8884,Stark Labs,billing@stark.com,EMEA,Manufacturing,Professional,monthly,50,USD,4950.00,0,success,ACH,2021-08-21,2024-03-08,FALSE,1,8
INV-100961,ACC-9199,Umbrella Ltd,billing_at_umbrella.com,APAC,Energy,starter,Monthly,50,USD,2205.00,10,Complete,,2023/02/21,2025/09/23,false,5,0
INV-103029,ACC-5704,Umbrella Labs,billing@umbrella.com,NA,Retail, Starter ,Annual,100,GBP,62230.00,0,paid,Wire Transfer,08/31/2023,01/14/2025,N,4,0
INV-101978,ACC-3702,Cyberdyne Industries,billing@cyberdyne.com,EMEA,Logistics,STARTER,Monthly,3,GBP,186.69,0,VOID,ACH,2024-09-09,2027/04/24,FALSE,4,0
INV-103351,ACC-9181,Hooli Labs,billing@hooli.com,LATAM,Travel,Pro ,Monthly,5,USD,$495.00,0,PAID,,Jul 16 2024,10/03/2025,false,1,0
INV-104490,ACC-2034,Acme Holdings,billing@acme.com,NA,Logistics,starter,monthly,10,USD,441,10,completed,ACH,Jan 6 2024,04/27/2026,false,3,0
INV-101630,ACC-9777,Nakatomi LLC,billing@nakatomi.com,APAC,Retail,Tier 3,annually,10,USD,"-29,900.00 USD",0,Refunded,invoice,06/22/2024,2026-12-16,false,1,2
INV-103178,ACC-5548,Hooli Holdings,billing@hooli.com,EMEA,Gaming,Tier 3,Monthly,5,USD,1495.00,0,PAID,Wire Transfer,12/15/2022,2024-10-15,false,,8
INV-103279,ACC-3468,Tyrell Holdings,,NA,Media,Tier 2,Monthly,1,USD,74.25,25,completed,Credit Card,08/18/2024,2026-03-17,false,,0
INV-101367,ACC-5940,Prestige Partners,billing@prestige.com,EMEA,Manufacturing,Tier 3,Annual,10,USD,29900.00,0,paid,ach,2023-01-29,2023-12-16,Yes,4,0
INV-100026,ACC-5066,Wayne LLC,billing@wayne.com,EMEA,Manufacturing,Start,yearly,10,GBP,4667.25,25,completed,ach,2022-09-18,2024-04-22,false,5,1
INV-104717,ACC-5245,Cyberdyne Industries,billing@cyberdyne.com,APAC,Healthcare,Pro ,monthly,250,USD,19800.00,20,Complete,Credit Card,03/05/2023,2024/11/11,false,4,3
INV-100639,ACC-2546,Prestige Ltd,billing@prestige.com,EMEA,Media, Starter ,Monthly,1,GBP,£62.23,0,PAID,invoice,2022-06-21,2022-10-26,0,4,5
INV-103350,ACC-5220,Wonka Labs,billing@wonka.com,EMEA,Media,pro,Monthly,1,EUR,85.54 EUR,20,PENDING,credit_card,2024-03-05,03/27/2026,0,4,5
INV-102497,ACC-5975,Soylent Partners,,LATAM,Logistics,starter,annual,25,USD,"12,250.00 USD",0,success,Wire Transfer,12/02/2023,16-12-2023,0,2,1
INV-102676,ACC-2688,Dunder Corp,billing@dunder.com,APAC,,Enterprise ,annually,5,USD,"$13,455.00",10,pending,wire,2022/04/04,2023-03-14,No,2,0
INV-101935,ACC-2891,Oscorp Partners,billing@oscorp.com,EMEA,Travel,STARTER,annual,3,USD,1470,0,PAID,invoice,2021-06-12,Jun 2 2023,FALSE,4,0
INV-101664,ACC-6093,Wonka Industries,billing@wonka.com,LATAM,Energy,Tier 1,Monthly,25,USD,1225.00,0,Paid,Wire Transfer,2023-06-29,01/31/2026,0,,1
INV-102940,ACC-7311,Dunder Holdings,billing@dunder.com,EMEA,Manufacturing,Start,Monthly,10,USD,490.00,0,FAILED,credit_card,2021-03-11,07-06-2022,true,3,1
INV-102665,ACC-1320,Dunder Group,billing@dunder.com,NA,Fintech,Tier 1,monthly,100,USD,4165.00,15,Pending,credit_card,2024/04/18,2026-01-01,true,2,2
INV-102299,ACC-4261,Prestige Corp,billing@prestige.com,LATAM,Healthcare,Tier 1,Monthly,50,USD,2450.00,0,completed,credit_card,2024-09-18,2026-02-28,false,4,5
INV-103540,ACC-7037,Globex Labs,,EMEA,Energy,Starter,Monthly,5,EUR,€264.60,0,success,wire,2023-05-17,2024/08/22,0,4,0
INV-102504,ACC-3993,Oscorp LLC,billing@oscorp.com,NA,Education,Enterprise,annually,5,USD,14950.00,0,success,invoice,2022/08/14,Dec 14 2022,true,4,2
INV-104902,ACC-8874,Gekko Corp,billing@gekko.com,LATAM,Education,Tier 2,Monthly,10,EUR,1069.20,0,VOID,,06/03/2024,02/15/2026,0,3,2
INV-104523,ACC-5474,Hooli Co,billing@hooli.com,NA,Retail,Professional,Monthly,3,EUR,272.65,15,failed,Wire Transfer,2023-06-03,2024/07/16,No,,0
INV-102281,ACC-9041,Prestige Partners,billing@prestige.com,LATAM,Manufacturing,Starter,yearly,10,USD,3920.00,20,PAID,Credit Card,2022-12-26,25-04-2024,true,5,0
INV-100535,ACC-8244,Oscorp Labs,billing@oscorp.com,LATAM,Retail,PRO,Monthly,5,USD,$495.00,0,Paid,Credit Card,04/10/2023,2024/01/15,0,4,0
INV-102056,ACC-7616,Gekko Inc,billing@gekko.com,APAC,Travel,enterprise,monthly,250,USD,74750.00,0,PAID,Wire Transfer,02/07/2021,2022/12/21,TRUE,,0
INV-101686,ACC-5715,Dunder Holdings,billing@dunder.com,NA,Gaming,STARTER,annually,3,USD,1470.00,0,Complete,Credit Card,2022-02-06,06/14/2023,Yes,5,0
INV-102412,ACC-8671,Hooli Industries,billing@hooli.com,NA,Fintech,Professional,annual,10,USD,9900.00,0,success,credit_card,11/02/2022,03/23/2023,N,1,5
INV-103514,ACC-4970,Dunder LLC,billing@dunder.com,NA,Fintech,Professional,monthly,50,USD,4950.00,0,success,Wire Transfer,2022-07-18,02/14/2025,false,5,1
INV-104134,ACC-4169,Gekko Partners,billing@gekko.com,LATAM,Healthcare,starter,yearly,10,EUR,"€5,292.00",0,awaiting,wire,2022-03-29,2024/08/13,1,4,0
INV-102710,ACC-6900,Nakatomi Ltd,billing@nakatomi.com,LATAM,Healthcare,STARTER,Monthly,10,EUR,529,0,Paid,wire,2023/07/17,Dec 21 2023,false,5,1
INV-102177,ACC-6888,Initech Co,billing@initech.com,EMEA,Gaming,Professional,Monthly,50,USD,"$4,950.00",0,paid,Credit Card,2022-03-24,2023-10-02,N,,0
INV-102862,ACC-8939,Umbrella Inc,billing@umbrella.com,NA,,STARTER,annually,5,USD,"$2,450.00",0,Complete,Wire Transfer,2022-11-07,2022-12-19,No,4,0
INV-103847,ACC-2358,Gekko Industries,billing@gekko.com,EMEA,Education,Starter,Annual,25,USD,11025.00,10,paid,ach,2022-07-02,2023-03-02,N,5,0
INV-104649,ACC-6620,Wayne Industries,billing@wayne.com,LATAM,Retail, Starter ,Monthly,10,GBP,622,0,paid,wire,2023/10/18,2023-10-18,FALSE,,0
INV-100113,ACC-9907,Dunder Group,,APAC,Retail,Professional,yearly,25,USD,24750.00,0,PAID,Wire Transfer,2022/01/04,30-01-2022,FALSE,,1
INV-102576,ACC-4973,Aperture Labs,billing@aperture.com,LATAM,Media,Tier 1,Annual,25,GBP,15557.50,0,completed,wire,01/27/2023,09/11/2023,FALSE,4,0
INV-100502,ACC-9092,Globex LLC,billing@globex.com,NA,Travel, Starter ,annual,1,USD,-490.00 USD,0,charged_back,,2024-10-13,2025/01/11,No,4,2
INV-104407,ACC-8497,Dunder Labs,billing@dunder.com,LATAM,Media,Start,Annual,5,EUR,2249.10,15,paid,wire,2021/01/31,2022-09-03,FALSE,4,0
INV-103090,ACC-7885,Pied Piper Ltd,,NA,Retail,Start,monthly,10,GBP,622.30,0,FAILED,ach,2023-12-08,2025-11-01,No,1,0
INV-103488,ACC-4336,Prestige Co,,EMEA,Education,STARTER,Monthly,250,USD,"$12,250.00",0,Pending,Credit Card,Mar 10 2023,Jul 25 2025,N,5,0
INV-101835,ACC-5169,Hooli Holdings,billing@hooli.com,NA,Retail,starter,annual,1,EUR,529.20 EUR,0,Paid,ACH,06/22/2024,2026-09-30,No,5,1
INV-103921,ACC-5855,Tyrell LLC,billing@tyrell.com,EMEA,Logistics,Professional,Annual,10,USD,9900.00,0,Pending,ach,2022-02-13,05/30/2024,false,4,0
INV-104332,ACC-4231,Nakatomi Labs,billing@nakatomi.com,NA,Energy,pro,Annual,5,USD,"4,950.00 USD",0,success,credit_card,2021-12-29,2022-07-11,0,4,0
INV-103020,ACC-1173,Vandelay Corp,billing@vandelay.com,NA,Education,Enterprise ,Monthly,50,EUR,16146.00,0,Complete,ACH,2023/05/31,01/11/2026,false,5,0
INV-103535,ACC-6480,Acme Inc,billing@acme.com,NA,Manufacturing,enterprise,Annual,10,USD,29900.00,0,completed,ach,2023-06-11,04/05/2025,false,3,2
INV-103582,ACC-3659,Tyrell Group,billing@tyrell.com,APAC,Retail,Start,annual,3,USD,"$-1,323.00",10,charged_back,Credit Card,08/02/2021,2024/02/17,N,4,0
INV-100267,ACC-7834,Initech Holdings,billing@initech.com,APAC,Travel,Enterprise,yearly,100,USD,"$269,100.00",10,PAID,,2023-08-20,2024-08-06,0,5,2
INV-101825,ACC-9375,Acme Corp,billing@acme.com,APAC,Manufacturing,starter,Monthly,10,USD,416.50,15,success,credit_card,2022/04/03,2024/08/22,0,2,0
INV-102283,ACC-2593,Cyberdyne Co,billing@cyberdyne.com,APAC,Education,STARTER,Monthly,1,EUR,-45,15,REFUND,ach,06/24/2022,2022-10-22,N,,0
INV-104161,ACC-9756,Stark Partners,billing@stark.com,NA,Healthcare,Start,Annual,100,USD,"44,100.00 USD",10,paid,ACH,2022-03-14,2024-06-20,0,4,0
INV-102902,ACC-8562,Acme Partners,,EMEA,Retail,Tier 3,Annual,50,USD,149500.00,0,completed,ach,2023/11/15,2024-10-15,FALSE,4,1
INV-100670,ACC-1159,Initech Inc,billing@initech.com,APAC,,ENT,annual,10,USD,-29900.00,0,refunded,Credit Card,15-12-2022,23-04-2023,No,3,1
INV-102094,ACC-2308,Hooli Partners,billing@hooli.com,EMEA,Logistics,Tier 3,annually,25,USD,74750.00,0,error,ACH,2022-09-08,11/19/2022,No,4,0
INV-100876,ACC-4461,Oscorp Corp,billing@oscorp.com,LATAM,Fintech,STARTER,annually,3,EUR,-1270.08,20,charged_back,Wire Transfer,2021/10/14,03/21/2024,N,1,0
INV-100304,ACC-4549,Tyrell Corp,billing@tyrell.com,NA,Education,Pro ,Monthly,250,USD,24750,0,error,Wire Transfer,Sep 13 2024,2027-03-20,true,4,8
INV-101739,ACC-1766,Dunder Labs,billing@dunder.com,NA,Logistics,Professional,Monthly,50,GBP,6286.50,0,Paid,invoice,2023-08-12,2023/11/26,TRUE,5,0
INV-104789,ACC-7195,Pied Piper Labs,billing@pied.com,LATAM,Gaming,Tier 2,Monthly,10,USD,990.00,0,completed,,2022-05-18,Sep 12 2022,0,4,8
INV-103999,ACC-4748,Hooli LLC,billing@hooli.com,EMEA,Retail,STARTER,Annual,100,USD,49000,0,Complete,ach,07/02/2024,2025-06-02,0,3,0
INV-103448,ACC-7745,Dunder Inc,billing@dunder.com,LATAM,Travel,STARTER,Annual,1,EUR,529.20 EUR,0,awaiting,ach,2023-06-07,2023-12-25,No,5,0
INV-100297,ACC-9399,Acme Co,billing@acme.com,EMEA,Education,enterprise,monthly,50,EUR,"€16,146.00",0,Paid,ach,2024-02-06,Mar 22 2026,false,5,0
INV-101129,ACC-5172,Globex Inc,billing@globex.com,LATAM,Retail,STARTER,yearly,250,USD,122500.00,0,cancelled,wire,2024-07-26,2026/06/11,FALSE,3,0
INV-100907,ACC-7206,Pied Piper Partners,billing@pied.com,EMEA,Healthcare,STARTER,yearly,5,USD,2450.00,0,Void,ACH,10/23/2021,2023-07-20,No,,2
INV-101802,ACC-2442,Soylent Industries,billing@soylent.com,APAC,Logistics,pro,monthly,1,USD,89.10,10,paid,ach,07/11/2021,2022-05-18,N,5,0
INV-103416,ACC-2257,Gekko Ltd,billing@gekko.com,EMEA,,Tier 1,Annual,3,EUR,1428.84,10,PAID,ACH,2022-06-27,2022/10/30,No,4,0
INV-103499,ACC-7245,Gekko Ltd,billing@gekko.com,APAC,Travel,Enterprise,monthly,100,USD,29900,0,canceled,ach,2022-03-23,2023/12/26,false,2,0
INV-103323,ACC-7648,Globex LLC,billing@globex.com,NA,Energy,pro,monthly,1,USD,99.00,0,pending,Wire Transfer,2024-09-02,2026/03/05,false,5,3
INV-103074,ACC-6697,Vandelay Industries,billing@vandelay.com,EMEA,Media,Enterprise ,annually,250,EUR,"€726,570.00",10,success,,06-01-2021,01/20/2022,N,3,0
INV-102307,ACC-4747,Hooli Industries,billing@hooli.com,EMEA,Retail,Professional,Monthly,3,EUR,€320.76,0,PAID,Credit Card,2022-06-17,2024-03-22,Y,3,3
INV-102714,ACC-1659,Initech Partners,billing@initech.com,NA,Energy,pro,annual,50,USD,49500,0,PAID,invoice,2023-10-10,2024/12/07,N,5,0
INV-103222,ACC-7352,Tyrell Partners,billing@tyrell.com,APAC,Logistics,pro,annual,25,USD,19800.00,20,Paid,ACH,2024-05-13,2025-12-04,FALSE,5,1
INV-103221,ACC-2063,Prestige Industries,billing@prestige.com,NA,Manufacturing,Professional,Monthly,25,USD,2475.00,0,paid,wire,06/07/2024,10/20/2025,false,,0
INV-102823,ACC-6990,Umbrella LLC,billing@umbrella.com,EMEA,Gaming,Start,monthly,10,USD,-490.00,0,REFUND,credit_card,2022-11-30,2024-03-11,0,3,8
INV-102738,ACC-5772,Wayne Ltd,billing@wayne.com,EMEA,Fintech,Start,yearly,3,USD,1323.00,10,completed,ach,10-04-2021,2023-01-07,Yes,3,1
INV-101180,ACC-6584,Umbrella Holdings,billing@umbrella.com,NA,Healthcare,Tier 2,monthly,250,EUR,26730.00,0,pending,ach,2023/04/09,2025-09-05,false,4,0
INV-103655,ACC-5204,Nakatomi Partners,billing@nakatomi.com,NA,Manufacturing,Pro ,Monthly,250,USD,24750.00,0,PENDING,ACH,2021-12-20,2024-04-07,0,5,0
INV-103817,ACC-3938,Pied Piper Industries,billing@pied.com,NA,Travel,Enterprise ,Annual,10,EUR,"25,833.60 EUR",20,Paid,invoice,2021-02-08,2022-04-15,N,,0
INV-100956,ACC-2326,Wayne Industries,billing@wayne.com,NA,Manufacturing,starter,annually,1,USD,490.00,0,Paid,Wire Transfer,Aug 16 2024,2025-09-06,No,5,0
INV-104163,ACC-2838,Stark Inc,billing@stark.com,EMEA,Logistics,Start,Monthly,5,EUR,264.60,0,paid,wire,04/28/2022,07/04/2022,1,1,0
INV-104947,ACC-2064,Hooli Inc,,LATAM,Gaming,starter,Annual,10,USD,4900.00,0,PAID,wire,2024/06/13,11/11/2026,false,5,0
INV-104220,ACC-3033,Wonka Inc,billing@wonka.com,NA,,Start,Annual,50,USD,"$24,500.00",0,Failed,ach,2022-08-04,2022/12/26,FALSE,4,0
INV-100553,ACC-5661,Gekko Inc,billing@gekko.com,EMEA,Travel,Start,yearly,3,GBP,-1493.52,20,Refunded,ach,2024-04-25,09-12-2024,0,4,0
INV-102588,ACC-6640,Nakatomi Ltd,billing@nakatomi.com,EMEA,Energy,Tier 1,Monthly,10,USD,$490.00,0,pending,Wire Transfer,2021-06-19,10/09/2022,N,5,1
INV-102182,ACC-5698,Vandelay LLC,,NA,Education,Pro,Monthly,50,USD,"$3,960.00",20,completed,Credit Card,12/19/2023,2025-08-01,0,,0
INV-104002,ACC-4294,Umbrella Co,billing@umbrella.com,NA,Media, Starter ,Monthly,100,USD,4900.00,0,Failed,credit_card,2021-06-20,2022-12-25,0,5,0
INV-100417,ACC-5393,Nakatomi Inc,billing@nakatomi.com,NA,Education,Tier 2,annually,100,GBP,113157.00,10,Complete,Credit Card,2023-11-20,2025-06-10,false,,0
INV-101352,ACC-1912,Wonka Partners,billing@wonka.com,LATAM,,ENT,monthly,50,USD,14950.00,0,in_review,Credit Card,2023/02/24,2024-05-04,false,5,0
INV-101568,ACC-1824,Oscorp Co,billing@oscorp.com,APAC,Education,enterprise,monthly,10,USD,2990.00,0,completed,ACH,01-07-2021,2022-07-06,FALSE,5,0
INV-100945,ACC-5860,Dunder Group,billing_at_dunder.com,LATAM,Energy,pro,Annual,25,EUR,26730.00,0,Failed,wire,2023-03-14,2025/07/10,0,4,1
INV-103014,ACC-1915,Prestige Co,billing@prestige.com,EMEA,Manufacturing,STARTER,monthly,250,USD,11025,10,PENDING,ACH,Mar 22 2024,2026-01-15,FALSE,4,3
INV-103117,ACC-6708,Umbrella Co,billing@umbrella.com,EMEA,Gaming,pro,Annual,50,USD,"$49,500.00",0,success,invoice,2023-11-14,May 14 2025,FALSE,5,0
INV-104189,ACC-8427,Aperture Labs,billing_at_aperture.com,LATAM,Manufacturing,Starter,Monthly,10,USD,367.50,25,paid,wire,2023-10-04,2024/11/29,FALSE,,1
INV-104673,ACC-4038,Gekko Corp,billing@gekko.com,APAC,Education,STARTER,Monthly,10,EUR,529.20,0,success,ACH,2022-02-20,2024-03-26,false,3,3
INV-100004,ACC-6573,Prestige Holdings,billing@prestige.com,EMEA,Fintech,Start,annual,5,GBP,-2333.62,25,REFUND,credit_card,01/01/2022,06/04/2023,false,4,3
INV-103982,ACC-3737,Stark Labs,billing@stark.com,NA,Media,Professional,annually,1,USD,$990.00,0,paid,Credit Card,2022-08-24,2025/02/24,N,3,2
INV-101545,ACC-6253,Acme Inc,billing@acme.com,EMEA,Gaming,Enterprise,yearly,3,USD,8970.00,0,completed,ACH,2021-01-01,2022-07-09,false,5,0
INV-103306,ACC-3018,Stark Group,billing@stark.com,EMEA,,enterprise,Annual,1,USD,"$2,990.00",0,success,ach,2021/06/18,03/02/2023,0,3,0
INV-104641,ACC-8543,Globex LLC,billing@globex.com,EMEA,Healthcare,Tier 2,monthly,1,USD,84.15 USD,15,paid,ach,2023-10-22,2025-06-17,false,3,0
INV-100389,ACC-2054,Aperture Labs,billing@aperture.com,EMEA,Manufacturing,STARTER,monthly,3,USD,124.95,15,success,wire,2021-12-23,2022/11/16,1,5,2
INV-103294,ACC-2321,Acme LLC,billing@acme.com,EMEA,Manufacturing,Start,Monthly,5,GBP,311.15,0,Paid,Wire Transfer,2022-10-19,2024-09-06,true,3,1
INV-103981,ACC-3723,Vandelay Holdings,billing@vandelay.com,APAC,Energy,enterprise ,Monthly,10,EUR,3229.20,0,paid,invoice,03/15/2024,2024-04-05,0,3,0
INV-102719,ACC-5227,Prestige Partners,billing@prestige.com,LATAM,Logistics,pro,Monthly,25,USD,"$1,980.00",20,Paid,Credit Card,2023-11-13,2024-03-29,TRUE,4,0
INV-100797,ACC-1118,Nakatomi Corp,billing@nakatomi.com,LATAM,Logistics,Enterprise,monthly,25,USD,"$6,727.50",10,VOID,ACH,05-07-2021,2021-12-17,FALSE,1,0
INV-104812,ACC-8966,Tyrell Ltd,billing@tyrell.com,EMEA,Education,starter,monthly,50,USD,2082.50,15,Paid,Wire Transfer,05/02/2024,2026-12-26,0,5,0
INV-101394,ACC-8779,Soylent Labs,billing@soylent.com,EMEA,Healthcare, Starter ,Monthly,10,GBP,£466.73,25,completed,Wire Transfer,2023-01-08,2024-04-05,Y,5,0
INV-102123,ACC-1626,Umbrella Partners,billing@umbrella.com,NA,Retail,Start,monthly,10,EUR,529.20,0,completed,ACH,2023-05-02,Dec 1 2023,No,4,0
INV-101728,ACC-5839,Hooli Group,billing@hooli.com,LATAM,Retail, Starter ,annual,3,EUR,-1587.60,0,Refunded,invoice,May 24 2023,10/08/2024,N,1,1
INV-104310,ACC-4303,Nakatomi Co,,APAC,Healthcare, Starter ,Monthly,50,USD,"2,205.00 USD",10,paid,ach,2021-08-22,10/29/2022,0,4,0
INV-102851,ACC-5757,Oscorp Industries,billing@oscorp.com,NA,Logistics,Pro,monthly,5,EUR,€-481.14,10,charged_back,,2024-02-19,2025-09-11,FALSE,5,0
INV-100376,ACC-8103,Pied Piper Ltd,billing@pied.com,LATAM,Healthcare,Starter,monthly,10,USD,-490.00 USD,0,REFUND,wire,12/26/2023,2024-04-07,FALSE,5,0
INV-104438,ACC-7760,Vandelay Inc,billing@vandelay.com,LATAM,Media,Starter,monthly,25,USD,1225,0,paid,ACH,2023-08-02,04/13/2024,FALSE,5,0
INV-100685,ACC-7646,Dunder Co,billing@dunder.com,APAC,Logistics, Starter ,yearly,10,EUR,5292.00,0,success,ach,2022-07-05,11/28/2023,No,5,5
INV-103947,ACC-1898,Hooli Industries,billing@hooli.com,APAC,Healthcare,Starter,yearly,50,EUR,26460.00,0,success,wire,2023/11/05,2024-01-06,N,5,0
INV-104088,ACC-7730,Wayne Corp,billing@wayne.com,NA,,Tier 2,yearly,250,USD,247500,0,Void,wire,2022-04-02,01/03/2023,TRUE,5,0
INV-100062,ACC-9501,Wonka Industries,billing@wonka.com,APAC,,Enterprise,Monthly,10,USD,"2,990.00 USD",0,completed,Credit Card,2024-08-05,01/24/2025,N,5,0
INV-102644,ACC-7473,Umbrella LLC,,APAC,Fintech, Starter ,annually,100,USD,"$49,000.00",0,Paid,credit_card,2021-12-11,2022/12/05,FALSE,3,0
INV-104534,ACC-3478,Massive Dynamic Labs,billing@massive.com,LATAM,,pro,Annual,1,USD,990.00,0,paid,invoice,08/12/2022,Dec 7 2022,Y,5,0
INV-102783,ACC-3848,Oscorp Corp,billing@oscorp.com,EMEA,Manufacturing,Start,monthly,250,USD,-11025,10,REFUND,invoice,04/18/2021,2023-05-20,false,2,0
INV-100853,ACC-5983,Massive Dynamic Ltd,billing@massive.com,EMEA,Manufacturing,ENT,Monthly,5,USD,"$1,495.00",0,completed,,2021-05-12,09/26/2023,No,,0
INV-103439,ACC-3112,Dunder Ltd,billing@dunder.com,NA,Logistics,STARTER,Monthly,250,EUR,13230.00,0,Paid,Credit Card,2022-02-10,2023/11/03,N,5,0
INV-102188,ACC-2684,Vandelay Inc,,APAC,Retail,ENT,monthly,1,USD,299,0,completed,invoice,04-06-2021,07/27/2023,N,5,0
INV-101813,ACC-9154,Nakatomi Holdings,billing@nakatomi.com,LATAM,Media,Tier 1,yearly,25,USD,12250.00,0,paid,Wire Transfer,01/19/2023,2025-09-08,N,4,8
INV-104504,ACC-9551,Pied Piper Industries,billing@pied.com,APAC,Healthcare,enterprise ,monthly,10,GBP,3037.84,20,awaiting,,30-10-2021,2022-10-16,TRUE,5,8
INV-102884,ACC-6868,Oscorp LLC,billing@oscorp.com,EMEA,Manufacturing,Tier 1,yearly,250,USD,122500.00,0,PAID,Credit Card,08/16/2023,2024-05-05,Y,,0
INV-100519,ACC-2339,Vandelay Labs,billing@vandelay.com,APAC,Gaming,Enterprise,monthly,250,USD,74750.00,0,completed,invoice,2021-12-04,2023-12-31,0,4,8
INV-104666,ACC-4965,Soylent LLC,billing@soylent.com,LATAM,Retail,Enterprise ,Monthly,25,USD,7475.00,0,success,ACH,2023-09-04,Mar 13 2026,No,,1
INV-104911,ACC-7647,Globex Co,billing@globex.com,LATAM,Logistics,Tier 1,Annual,5,USD,"2,450.00 USD",0,paid,wire,2022-11-18,2025/02/11,FALSE,4,0
INV-100727,ACC-2556,Pied Piper Labs,billing@pied.com,LATAM,Education,Professional,monthly,25,USD,2475,0,canceled,Credit Card,2024-09-01,12/12/2026,N,2,1
INV-104718,ACC-3772,Umbrella Labs,billing@umbrella.com,LATAM,Retail,enterprise ,Monthly,10,USD,2990.00,0,error,wire,Sep 4 2023,2026-05-04,0,5,0
INV-103822,ACC-2197,Wayne Group,billing@wayne.com,NA,Gaming,Pro ,annually,10,GBP,"12,573.00 GBP",0,void,wire,2024-08-20,2026/10/25,FALSE,5,1
INV-101082,ACC-2666,Aperture Co,billing@aperture.com,APAC,Media,Tier 1,annually,10,USD,4165.00,15,PAID,ach,2021/12/05,2024/07/20,0,3,1
INV-104731,ACC-1597,Nakatomi Corp,billing@nakatomi.com,APAC,Retail,pro,annually,5,EUR,5346.00,0,PAID,invoice,2024-07-15,2025-03-12,false,2,2
INV-101722,ACC-4084,Globex Holdings,billing@globex.com,NA,Manufacturing,ENT,Monthly,10,EUR,2744.82,15,success,invoice,12/30/2021,09/26/2023,0,5,3
INV-103131,ACC-9397,Initech Inc,billing@initech.com,APAC,Gaming,Professional,annual,1,USD,$990.00,0,completed,Credit Card,05/27/2023,2024-09-07,FALSE,4,5
INV-103114,ACC-1749,Umbrella Group,billing@umbrella.com,NA,Energy,PRO,yearly,1,USD,$990.00,0,PAID,invoice,04/12/2022,2024/09/18,N,,3
INV-102488,ACC-9788,Vandelay Corp,billing@vandelay.com,NA,Gaming, Starter ,annual,25,USD,10412.50,15,Paid,,16-09-2024,2026-09-28,TRUE,1,2
INV-103176,ACC-9274,Initech Co,billing@initech.com,EMEA,Travel,Start,Monthly,100,EUR,5292.00,0,PAID,Wire Transfer,06/07/2021,2021-06-08,N,4,0
INV-104338,ACC-7082,Gekko Group,,LATAM,Healthcare,Start,monthly,1,USD,44,10,PAID,wire,2021-09-15,2023/05/26,1,4,2
INV-101132,ACC-7759,Globex Co,billing@globex.com,LATAM,Healthcare,Tier 1,monthly,25,USD,1225.00,0,void,ach,2022-05-17,2023-12-27,N,,3
INV-102164,ACC-1824,Stark Industries,billing@stark.com,APAC,Manufacturing, Starter ,monthly,10,USD,490.00,0,success,ACH,01/04/2024,01/20/2026,Yes,4,0
INV-100538,ACC-3928,Umbrella Holdings,billing_at_umbrella.com,NA,Education,Professional,Annual,250,USD,222750.00,10,Void,ACH,2022/10/29,2025-03-22,Y,4,0
INV-100117,ACC-8317,Initech Industries,billing@initech.com,LATAM,Logistics,starter,Monthly,10,USD,490.00,0,paid,,2023/06/17,07/06/2025,FALSE,3,0
INV-104915,ACC-2021,Tyrell Inc,billing@tyrell.com,NA,Fintech,enterprise ,annually,1,USD,"$2,691.00",10,Paid,,2024-08-08,12/01/2024,0,5,0
INV-101213,ACC-2928,Acme Group,billing@acme.com,APAC,Media,Tier 3,Monthly,250,EUR,"64,584.00 EUR",20,success,Wire Transfer,27-05-2023,10/12/2024,false,4,0
INV-103936,ACC-5987,Vandelay Labs,billing@vandelay.com,NA,Fintech, Starter ,monthly,5,USD,$245.00,0,completed,Wire Transfer,04/08/2021,2023-01-27,TRUE,3,1
INV-103447,ACC-2796,Wayne Inc,billing@wayne.com,LATAM,Media,Tier 1,yearly,250,USD,122500.00,0,PENDING,,2024-05-28,Apr 14 2026,false,5,3
INV-104064,ACC-4719,Stark Industries,billing@stark.com,LATAM,Education,Pro,annually,1,USD,990,0,success,ACH,01/27/2021,2022-01-10,N,5,0
INV-101015,ACC-9790,Initech Holdings,billing@initech.com,APAC,Logistics,starter,yearly,25,GBP,"£15,557.50",0,PAID,Wire Transfer,2022-12-03,Sep 5 2023,N,5,0
INV-104749,ACC-3274,Cyberdyne Ltd,billing@cyberdyne.com,LATAM,Travel, Starter ,monthly,3,USD,$110.25,25,paid,wire,2024-05-30,01/26/2026,TRUE,2,0
INV-101281,ACC-5849,Aperture Co,billing@aperture.com,NA,Travel, Starter ,Monthly,25,USD,1225,0,success,ACH,2022-02-25,2022-07-01,true,4,0
INV-101499,ACC-3358,Pied Piper Group,billing@pied.com,EMEA,Energy, Starter ,Monthly,100,EUR,5292.00,0,paid,,2022-09-26,2024/10/04,Yes,5,0
INV-104291,ACC-3171,Aperture Group,billing@aperture.com,NA,Healthcare,Tier 2,annual,1,USD,$990.00,0,PAID,wire,2021-09-24,10/09/2023,N,4,0
INV-104452,ACC-9898,Vandelay Labs,billing@vandelay.com,NA,Fintech,Enterprise,annually,10,USD,"$-29,900.00",0,refunded,Wire Transfer,2022-07-20,2023/03/25,No,5,1
INV-103855,ACC-1928,Umbrella Inc,billing@umbrella.com,NA,Fintech,enterprise ,Monthly,100,USD,"$29,900.00",0,Complete,,08/01/2024,08/27/2026,0,4,2
INV-102129,ACC-5481,Nakatomi Co,billing@nakatomi.com,APAC,Education,Enterprise,Annual,100,USD,299000.00,0,Paid,ACH,2023-01-19,17-03-2024,TRUE,5,0
INV-100961,ACC-9199,Umbrella Ltd,billing_at_umbrella.com,APAC,Energy,starter,Monthly,50,USD,2205.00,10,Complete,,2023/02/21,2025/09/23,false,5,0
INV-102127,ACC-8858,Oscorp LLC,billing@oscorp.com,APAC,Fintech,PRO,Monthly,3,USD,297.00,0,PAID,invoice,2021-11-27,30-07-2023,0,5,2
INV-100160,ACC-1941,Dunder Holdings,billing@dunder.com,NA,Logistics,enterprise,annual,100,USD,299000.00,0,completed,ACH,2021-03-10,2023-05-21,0,5,0
INV-102708,ACC-3765,Prestige Inc,billing@prestige.com,APAC,,enterprise,Annual,10,USD,-29900.00,0,REFUND,Credit Card,2024-05-08,25-07-2025,N,5,0
INV-104454,ACC-9609,Massive Dynamic Partners,billing@massive.com,NA,Fintech, Starter ,Monthly,50,USD,"$2,450.00",0,Failed,,04/27/2021,12/21/2021,FALSE,4,0
INV-101304,ACC-5490,Wayne LLC,billing@wayne.com,EMEA,Fintech,Tier 1,monthly,25,USD,1225.00,0,awaiting,ACH,2023-08-21,02/14/2024,false,,1
INV-100167,ACC-5222,Tyrell Industries,billing@tyrell.com,NA,Education,Start,Annual,3,USD,1470.00,0,completed,ACH,Aug 6 2022,08/04/2023,No,5,1
INV-104016,ACC-3967,Wonka LLC,billing@wonka.com,APAC,Manufacturing,Tier 3,Monthly,100,EUR,27448.20,15,cancelled,ACH,2023/12/30,Jan 31 2026,0,4,0
INV-104053,ACC-6470,Umbrella Inc,billing@umbrella.com,APAC,Manufacturing,Professional,monthly,250,USD,24750.00,0,paid,Credit Card,Dec 6 2022,11/29/2023,No,1,1
INV-102945,ACC-6221,Wayne Ltd,billing@wayne.com,NA,Education,Start,Annual,5,USD,2450.00,0,FAILED,ach,2022-08-24,2023-07-27,true,1,2
INV-103247,ACC-9773,Stark Co,billing@stark.com,NA,,Pro,Annual,1,EUR,-1069.20,0,charged_back,wire,2022/01/25,2024/08/14,false,5,0
INV-100796,ACC-2859,Tyrell Inc,billing@tyrell.com,EMEA,Travel,Pro ,annually,10,USD,"$9,900.00",0,pending,ach,Apr 10 2023,2024-11-24,FALSE,5,0
INV-102171,ACC-8497,Soylent LLC,billing@soylent.com,LATAM,Travel,Professional,annual,25,USD,24750.00,0,success,Credit Card,07/28/2022,2023-07-12,0,3,2
INV-101760,ACC-9338,Gekko Partners,billing@gekko.com,EMEA,Healthcare,Pro ,annually,3,USD,2970.00,0,completed,wire,2023-01-24,2023/07/14,0,4,1
INV-102279,ACC-2721,Umbrella Ltd,billing@umbrella.com,LATAM,Gaming,Start,yearly,1,USD,392.00,20,completed,credit_card,2023-03-30,2024-12-14,false,3,0
INV-100655,ACC-6183,Wayne Labs,billing@wayne.com,APAC,Travel,Enterprise,monthly,1,EUR,274.48 EUR,15,cancelled,Wire Transfer,2023-04-08,10/31/2025,0,4,3
INV-102436,ACC-6579,Prestige Co,billing@prestige.com,NA,Healthcare,Pro,annual,25,USD,24750.00,0,success,ach,2022/01/11,2022-10-20,false,4,0
INV-101838,ACC-5415,Initech Ltd,billing@initech.com,LATAM,Fintech,ENT,Monthly,250,USD,74750.00,0,Paid,ACH,04/27/2024,07/30/2026,true,3,0
INV-104367,ACC-8755,Gekko Partners,billing@gekko.com,EMEA,Retail,Tier 1,Annual,3,USD,1102.50,25,Pending,wire,May 18 2022,12/02/2022,0,4,0
INV-101181,ACC-1218,Umbrella Ltd,billing@umbrella.com,APAC,Retail, Starter ,monthly,50,USD,2450.00,0,paid,Wire Transfer,2024/02/05,Jun 14 2026,false,4,0
INV-103680,ACC-9645,Wonka Holdings,billing@wonka.com,NA,,starter,Annual,100,USD,49000.00,0,success,credit_card,03/21/2022,2022-10-06,0,4,0
INV-104577,ACC-2990,Massive Dynamic Inc,billing@massive.com,APAC,Education,Starter,annual,10,USD,4900.00,0,completed,invoice,2021-05-08,2022/02/17,FALSE,2,1
INV-100746,ACC-7464,Vandelay Corp,billing@vandelay.com,APAC,Logistics, Starter ,monthly,3,EUR,€119.07,25,Paid,credit_card,12/27/2023,05/03/2024,No,5,2
INV-100224,ACC-5573,Pied Piper Co,,LATAM,,Start,Monthly,10,USD,392.00,20,completed,,2024/03/20,09/25/2026,true,1,0
INV-102964,ACC-1922,Dunder Corp,billing@dunder.com,LATAM,Healthcare, Starter ,monthly,25,USD,1102.50,10,PAID,credit_card,2023-02-27,2023-12-05,false,3,8
INV-101496,ACC-5401,Massive Dynamic Co,billing@massive.com,LATAM,Fintech,Pro ,monthly,25,USD,2475.00,0,FAILED,invoice,Dec 19 2022,2024/04/26,N,3,3
INV-100950,ACC-1512,Wonka Co,billing@wonka.com,LATAM,Logistics,Enterprise ,Annual,5,USD,"$14,950.00",0,Complete,ACH,2023/06/25,2024-03-07,false,3,0
INV-103764,ACC-9715,Hooli Group,billing@hooli.com,EMEA,Education,Pro ,Monthly,50,EUR,5346.00,0,Complete,ACH,03/12/2022,Feb 3 2024,FALSE,4,0
INV-103744,ACC-2923,Hooli Industries,billing@hooli.com,NA,Education,Start,monthly,250,EUR,"€-13,230.00",0,REFUND,,2021/06/27,2022-11-08,Y,,2
INV-101679,ACC-7707,Soylent Partners,billing@soylent.com,NA,Media, Starter ,annual,1,USD,490.00,0,success,Credit Card,2024/08/28,10/10/2024,N,5,0
INV-100218,ACC-3822,Soylent Inc,billing@soylent.com,LATAM,Logistics,PRO,Annual,3,EUR,"€3,207.60",0,paid,ACH,2024-05-03,30-07-2026,FALSE,2,0
INV-103165,ACC-8049,Stark Industries,billing@stark.com,APAC,Fintech, Starter ,monthly,250,USD,12250.00,0,Complete,ach,10-12-2022,2024-02-09,false,1,0
INV-101329,ACC-9090,Vandelay Co,billing@vandelay.com,NA,Retail,pro,monthly,250,EUR,-21384.00,20,Refunded,Credit Card,2021-02-26,2021-05-15,FALSE,2,2
INV-103780,ACC-3765,Aperture Partners,billing@aperture.com,NA,Gaming,starter,yearly,50,USD,24500,0,Complete,ACH,09/12/2021,2023/09/29,false,5,3
INV-103813,ACC-9934,Pied Piper Holdings,billing@pied.com,APAC,Education,Start,monthly,250,USD,"$9,800.00",20,Paid,Wire Transfer,2021-01-11,2021-06-10,FALSE,1,1
INV-102532,ACC-2861,Wonka Corp,billing@wonka.com,LATAM,Retail,ENT,Monthly,250,USD,"$74,750.00",0,completed,ach,2022-12-08,2024-05-28,N,4,0
INV-100935,ACC-2464,Vandelay Inc,billing@vandelay.com,EMEA,Logistics,Enterprise,monthly,1,USD,269.10,10,paid,Wire Transfer,09/27/2022,Feb 17 2025,FALSE,1,0
INV-102109,ACC-9592,Wonka Industries,billing@wonka.com,LATAM,Education,enterprise ,annual,10,USD,"29,900.00 USD",0,Paid,ACH,2023-08-10,2024-12-16,TRUE,4,1
INV-100646,ACC-8883,Dunder Labs,billing@dunder.com,APAC,Fintech,Tier 2,monthly,5,USD,495.00,0,PAID,ACH,2021/01/28,Sep 8 2023,false,5,0
INV-102885,ACC-4292,Initech Holdings,billing@initech.com,NA,Travel,ENT,Monthly,5,USD,1495.00,0,PAID,credit_card,07/27/2023,12-01-2024,true,4,0
INV-103831,ACC-5379,Massive Dynamic Partners,billing@massive.com,APAC,Logistics, Starter ,monthly,10,USD,490,0,completed,invoice,2024/06/26,2026/02/26,Y,5,0
INV-104704,ACC-4363,Cyberdyne Holdings,billing@cyberdyne.com,EMEA,Retail,Tier 2,Monthly,250,USD,"$19,800.00",20,cancelled,Wire Transfer,23-04-2022,2025-01-07,N,3,0
INV-102477,ACC-5366,Soylent Corp,billing_at_soylent.com,EMEA,Retail,Tier 1,annual,100,USD,"$49,000.00",0,paid,ach,2023-02-02,May 21 2024,1,1,0
INV-104996,ACC-9945,Umbrella LLC,billing@umbrella.com,EMEA,Logistics,pro,annual,1,USD,990.00,0,success,Wire Transfer,2022-03-05,03/10/2023,FALSE,1,0
INV-102817,ACC-9752,Acme Co,billing@acme.com,EMEA,Manufacturing,Starter,annually,100,USD,39200.00,20,paid,Wire Transfer,2021-03-18,08/05/2022,0,3,8
INV-104890,ACC-9298,Initech Industries,billing@initech.com,LATAM,Media,Pro ,Annual,5,USD,"$4,950.00",0,success,ach,2023-06-21,2024-05-01,N,4,0
INV-103167,ACC-4961,Soylent Holdings,billing@soylent.com,LATAM,Fintech,Starter,Monthly,25,USD,1225,0,completed,Credit Card,Jan 16 2024,2026-09-17,TRUE,5,0
INV-100077,ACC-1056,Soylent Group,,LATAM,Travel,PRO,yearly,100,EUR,"106,920.00 EUR",0,PAID,credit_card,2022-01-22,2024-09-07,N,,0
INV-104987,ACC-7292,Massive Dynamic Inc,billing@massive.com,EMEA,Fintech,PRO,yearly,250,EUR,213840,20,failed,wire,12/04/2022,2025/01/21,false,4,1
INV-102506,ACC-9543,Tyrell Corp,billing_at_tyrell.com,NA,Gaming,Professional,annual,10,EUR,"-9,622.80 EUR",10,refunded,invoice,2022-06-01,2025-01-06,FALSE,4,2
INV-102485,ACC-8911,Umbrella Co,,EMEA,Media,ENT,monthly,3,USD,897.00,0,paid,invoice,04/24/2024,04/26/2026,No,5,1
INV-104295,ACC-6724,Stark Group,billing@stark.com,NA,Gaming,Pro ,Monthly,3,EUR,320.76,0,awaiting,Credit Card,06/28/2022,Nov 1 2022,FALSE,4,5
INV-102697,ACC-9225,Tyrell Industries,billing@tyrell.com,NA,Manufacturing,STARTER,Annual,25,USD,10412.50,15,paid,Wire Transfer,2021-08-10,2023-07-25,No,4,0
INV-101579,ACC-8431,Tyrell Industries,billing@tyrell.com,APAC,Healthcare,STARTER,yearly,100,EUR,52920.00,0,declined,invoice,07/27/2023,01/15/2026,FALSE,3,0
INV-102955,ACC-1812,Dunder LLC,billing@dunder.com,EMEA,Fintech,Tier 2,annual,3,EUR,3207.60,0,PAID,credit_card,04/11/2021,2021-11-22,FALSE,5,0
INV-103627,ACC-7627,Wonka Holdings,billing@wonka.com,NA,Gaming,Tier 3,annually,250,USD,747500.00,0,success,,2021/10/22,2022-08-22,No,4,0
INV-102743,ACC-4568,Prestige Holdings,billing@prestige.com,NA,Retail,Pro ,annual,1,EUR,908.82,15,completed,Credit Card,2021-01-09,2022/01/02,No,4,3
INV-103445,ACC-9078,Prestige Holdings,billing@prestige.com,APAC,Education,pro,annual,100,USD,99000.00,0,paid,wire,20-02-2024,2024-10-28,Yes,2,0
INV-104737,ACC-5010,Dunder LLC,billing@dunder.com,APAC,Education,pro,Annual,10,USD,9900.00,0,pending,ACH,2023-12-11,12/15/2023,FALSE,5,0
INV-102465,ACC-1712,Stark Industries,billing@stark.com,LATAM,Travel,Tier 2,yearly,1,USD,990.00,0,PAID,ach,2024-08-14,2024-11-12,No,4,0
INV-104613,ACC-1037,Prestige Co,billing@prestige.com,EMEA,Logistics,Tier 1,Monthly,10,USD,-416,15,Refunded,ach,Jan 17 2021,2021-11-03,No,4,0
INV-104052,ACC-8719,Gekko Co,billing@gekko.com,LATAM,Fintech,starter,yearly,1,EUR,€-449.82,15,refunded,ach,15-09-2023,2026-04-24,No,4,0
INV-103587,ACC-2716,Vandelay Inc,billing@vandelay.com,EMEA,Healthcare,Starter,yearly,25,USD,12250.00,0,completed,Wire Transfer,2023/01/04,08/03/2023,0,1,1
INV-100341,ACC-4902,Globex Ltd,billing@globex.com,APAC,Healthcare, Starter ,Annual,5,USD,"1,837.50 USD",25,Failed,wire,2022/03/07,2023-09-05,Y,4,8
INV-102265,ACC-8235,Tyrell LLC,billing@tyrell.com,NA,Education,pro,monthly,10,USD,842,15,PENDING,Wire Transfer,2023-07-22,08/26/2024,false,5,0
INV-100445,ACC-9053,Initech Co,billing_at_initech.com,APAC,Travel,PRO,yearly,25,USD,24750.00,0,PAID,ACH,05/02/2024,2024-06-07,0,3,0
INV-104916,ACC-1837,Initech Inc,billing_at_initech.com,EMEA,Logistics,STARTER,Monthly,5,EUR,238.14,10,paid,ACH,2023-01-30,22-07-2025,0,4,0
INV-104499,ACC-7812,Dunder Partners,billing@dunder.com,LATAM,Fintech,Starter,Monthly,250,GBP,"15,557.50 GBP",0,PAID,invoice,2021/08/25,2023-08-15,No,1,0
INV-104743,ACC-2987,Aperture Holdings,billing@aperture.com,NA,Education,Enterprise ,monthly,10,USD,2392.00,20,paid,Credit Card,2022-03-03,01/07/2024,0,5,2
INV-101004,ACC-4823,Globex Industries,billing@globex.com,LATAM,,starter,Monthly,250,EUR,"€13,230.00",0,cancelled,invoice,2024/08/02,09/28/2024,0,4,0
INV-101803,ACC-6133,Pied Piper Holdings,billing@pied.com,LATAM,,Tier 1,Annual,10,EUR,4498,15,Paid,ach,2022/05/19,07/22/2024,false,5,0
INV-103325,ACC-3971,Tyrell Industries,billing@tyrell.com,EMEA,Travel,ENT,Monthly,10,USD,-2990.00,0,REFUND,invoice,06/30/2023,06/29/2024,0,5,0
INV-102671,ACC-7654,Gekko Co,,NA,Education, Starter ,annual,100,USD,49000.00,0,success,Wire Transfer,2023-10-27,05/29/2024,0,3,0
INV-104067,ACC-2766,Soylent Partners,billing@soylent.com,APAC,Logistics,Tier 3,Monthly,1,EUR,€242.19,25,Pending,ach,2024-06-24,2026/11/04,FALSE,5,1
INV-100573,ACC-4215,Vandelay Inc,billing@vandelay.com,LATAM,Education,Start,annual,250,EUR,"€132,300.00",0,success,ACH,2021-04-21,2021-12-12,FALSE,5,0
INV-104001,ACC-6137,Prestige Inc,billing@prestige.com,NA,Healthcare,Tier 1,Monthly,10,USD,367.50,25,completed,credit_card,08/12/2022,2025-02-13,N,5,1
INV-104919,ACC-3970,Massive Dynamic Inc,billing_at_massive.com,NA,Manufacturing,Start,annual,10,EUR,-5292.00,0,Refunded,credit_card,2023-01-12,2023-05-20,FALSE,3,0
INV-103237,ACC-1593,Initech Inc,billing@initech.com,APAC,Gaming,Tier 1,yearly,250,USD,98000.00,20,Paid,credit_card,Jun 15 2024,2025-10-24,No,5,2
INV-100321,ACC-7171,Pied Piper Holdings,billing@pied.com,APAC,Education,STARTER,monthly,5,EUR,225,15,Paid,invoice,2023-03-14,01/14/2024,No,3,5
INV-103326,ACC-3020,Hooli Ltd,billing@hooli.com,APAC,Education,starter,Monthly,50,USD,1837.50,25,Paid,invoice,2024-10-03,2025-05-22,Yes,5,0
INV-104894,ACC-7658,Aperture Labs,billing@aperture.com,LATAM,Travel,Starter,annual,1,USD,490.00,0,canceled,Credit Card,12/27/2021,2023-04-16,FALSE,5,0
INV-102103,ACC-9692,Vandelay Group,billing@vandelay.com,NA,Energy, Starter ,annual,1,USD,490.00,0,PAID,ach,2021-02-10,2022-08-16,FALSE,5,3
INV-103581,ACC-5802,Hooli LLC,billing@hooli.com,NA,Healthcare,Pro ,annual,250,USD,198000,20,error,wire,Apr 4 2023,20-05-2023,No,1,0
INV-101946,ACC-7231,Initech Inc,billing@initech.com,NA,, Starter ,monthly,25,USD,"$1,225.00",0,Complete,ach,2021-04-05,2023/10/24,0,4,2
INV-104239,ACC-7965,Umbrella Group,billing@umbrella.com,LATAM,Fintech,Start,Monthly,100,USD,4900,0,paid,wire,2022/03/30,2023/06/06,N,2,3
INV-102970,ACC-8230,Vandelay Inc,billing@vandelay.com,APAC,Energy,Enterprise,yearly,10,USD,"29,900.00 USD",0,PENDING,credit_card,2021-10-01,2023-09-17,No,2,5
INV-100008,ACC-7658,Wonka Corp,billing@wonka.com,EMEA,Media,starter,monthly,50,USD,1960.00,20,VOID,credit_card,2023/07/21,2024-05-08,N,5,3
INV-100645,ACC-8837,Gekko Labs,billing@gekko.com,APAC,Gaming,Professional,Annual,10,EUR,"€10,692.00",0,Complete,credit_card,2021-06-11,Dec 9 2021,N,,0
INV-104290,ACC-9660,Globex Ltd,billing@globex.com,LATAM,Gaming,Starter,monthly,3,USD,147.00 USD,0,completed,ACH,2022/07/07,2024-02-27,N,3,0
INV-103339,ACC-2160,Oscorp LLC,billing@oscorp.com,NA,Media,pro,monthly,3,USD,$267.30,10,Pending,,Feb 11 2021,Sep 6 2021,No,2,5
INV-104644,ACC-7875,Hooli Inc,billing@hooli.com,EMEA,Manufacturing,Enterprise,monthly,100,USD,26910.00,10,PAID,,2021-01-05,May 23 2022,FALSE,3,3
INV-104908,ACC-8933,Prestige Corp,billing@prestige.com,APAC,Gaming,Start,annual,5,EUR,2646.00,0,Complete,credit_card,2022-05-23,01/30/2024,No,2,8
INV-102611,ACC-5367,Massive Dynamic Holdings,billing@massive.com,APAC,Gaming,starter,Monthly,100,USD,4900.00,0,Complete,ach,2024/04/11,2025-10-10,FALSE,5,2
INV-100487,ACC-2155,Soylent Group,billing@soylent.com,APAC,Healthcare,Pro,annual,5,USD,4950.00,0,success,ach,26-10-2024,10/28/2026,0,4,0
INV-103277,ACC-6334,Wonka Ltd,billing@wonka.com,NA,Healthcare,Tier 2,Annual,1,USD,$990.00,0,success,,07/31/2022,2024-01-16,false,5,8
INV-102587,ACC-1613,Cyberdyne Labs,billing@cyberdyne.com,NA,Logistics,Professional,annual,10,USD,9900.00,0,completed,ACH,08/05/2021,2023-11-12,N,4,0
INV-103827,ACC-9035,Aperture Inc,billing@aperture.com,LATAM,Gaming,enterprise ,annually,1,USD,2990.00,0,Complete,credit_card,09/30/2024,2026-10-06,No,,3
INV-103149,ACC-2003,Wayne Corp,billing@wayne.com,EMEA,,Tier 3,yearly,50,EUR,"€161,460.00",0,paid,credit_card,11-10-2023,04/29/2024,1,5,2
INV-104975,ACC-4507,Acme Holdings,billing@acme.com,NA,Manufacturing,Start,monthly,25,USD,1225.00,0,Complete,Wire Transfer,2021/09/30,2023-02-08,TRUE,5,0
INV-103107,ACC-5506,Massive Dynamic Holdings,billing@massive.com,APAC,Education,ENT,Monthly,25,EUR,8073.00,0,Paid,invoice,2024/10/13,2025/06/08,FALSE,3,0
INV-100375,ACC-1468,Hooli Holdings,billing@hooli.com,APAC,,Tier 1,annually,100,USD,49000.00,0,PAID,invoice,2021-11-05,2022-12-16,FALSE,5,0
INV-100799,ACC-8757,Nakatomi Holdings,,EMEA,Gaming, Starter ,annually,250,USD,-110250.00,10,Refunded,ACH,2024-06-25,2025-09-03,true,,1
INV-103621,ACC-1072,Hooli Partners,billing@hooli.com,NA,Education,STARTER,monthly,10,EUR,529.20,0,PAID,invoice,2022/11/03,07/24/2025,0,1,2
INV-101888,ACC-9313,Prestige Labs,billing@prestige.com,NA,Energy,starter,yearly,100,USD,"$49,000.00",0,Complete,credit_card,05/15/2021,2022/12/25,0,3,0
INV-103307,ACC-5414,Cyberdyne Inc,billing@cyberdyne.com,LATAM,Energy,Tier 3,yearly,5,USD,"$13,455.00",10,in_review,ach,Feb 16 2022,2024-03-08,false,4,0
INV-102540,ACC-3279,Cyberdyne Inc,billing@cyberdyne.com,EMEA,,starter,Monthly,3,USD,$124.95,15,PAID,Credit Card,04/06/2021,2023/05/11,No,4,0
INV-102691,ACC-6940,Gekko Co,,EMEA,Energy,enterprise ,Annual,3,USD,"$8,970.00",0,pending,credit_card,2022-08-29,2023-01-24,TRUE,3,0
INV-104674,ACC-8894,Aperture Partners,,APAC,Logistics,enterprise,Annual,50,USD,"$134,550.00",10,paid,credit_card,2021-02-26,05/21/2022,false,2,0
INV-104424,ACC-8684,Initech LLC,billing@initech.com,EMEA,Healthcare,Start,Monthly,25,USD,1225.00,0,Complete,credit_card,2023-05-31,09/22/2025,false,5,3
INV-101037,ACC-9809,Cyberdyne Co,billing@cyberdyne.com,APAC,Media,ENT,annual,5,USD,"$13,455.00",10,Complete,Wire Transfer,2021-04-10,2021-05-13,N,4,2
INV-102077,ACC-1706,Tyrell LLC,billing@tyrell.com,LATAM,Gaming,Enterprise ,annually,10,USD,"$29,900.00",0,error,credit_card,2021-03-28,2023/06/10,No,2,0
INV-103562,ACC-9546,Vandelay Corp,billing@vandelay.com,EMEA,Retail,Pro ,annually,1,USD,$990.00,0,PAID,Wire Transfer,2022-10-02,04/08/2024,false,4,0
INV-104461,ACC-3321,Umbrella LLC,billing@umbrella.com,NA,Media,pro,monthly,25,EUR,2673.00,0,success,,2023-09-28,2025-04-09,N,4,2
INV-103017,ACC-9775,Globex Group,billing@globex.com,NA,Education,Start,annual,5,EUR,"2,249.10 EUR",15,Complete,ACH,2021-02-25,2022-05-04,0,5,0
INV-102101,ACC-1348,Initech Inc,billing@initech.com,APAC,Media,Tier 1,monthly,3,USD,-147,0,charged_back,Credit Card,2021-07-04,24-10-2022,0,5,2
INV-100501,ACC-4102,Soylent Ltd,billing@soylent.com,EMEA,Education,Pro ,monthly,3,EUR,320.76,0,Pending,ach,07/25/2024,11/28/2026,No,5,0
INV-101818,ACC-6152,Umbrella Inc,billing@umbrella.com,EMEA,Media,PRO,annual,25,USD,18562,25,success,Wire Transfer,05/07/2021,2021-06-04,false,,0
INV-100014,ACC-2776,Stark Inc,billing@stark.com,EMEA,Logistics,PRO,annual,25,USD,24750,0,PAID,Wire Transfer,06/13/2023,06/14/2023,false,5,0
INV-104022,ACC-9916,Wonka Industries,billing@wonka.com,NA,Gaming,PRO,annual,25,USD,"$21,037.50",15,success,ach,2022-10-28,02/10/2024,true,5,0
INV-102999,ACC-5023,Vandelay Labs,billing@vandelay.com,NA,Education,starter,Annual,100,USD,49000,0,pending,,07/28/2021,2023-04-26,Y,3,0
INV-103066,ACC-4659,Prestige Industries,billing@prestige.com,LATAM,Energy,STARTER,yearly,50,USD,19600.00,20,paid,ACH,2021-01-16,2021/03/10,0,3,8
INV-100292,ACC-4241,Acme Group,billing@acme.com,NA,Logistics,starter,Monthly,10,EUR,529.20,0,Paid,ach,2022-06-21,2025-01-08,TRUE,3,8
INV-104594,ACC-6041,Pied Piper Group,billing@pied.com,NA,Education,Professional,Monthly,5,USD,371.25,25,PAID,ach,2024-07-07,16-01-2025,0,5,0
INV-104070,ACC-5334,Stark Ltd,billing@stark.com,APAC,Media,Professional,yearly,250,USD,247500.00,0,success,credit_card,2024/06/18,2024-08-04,No,4,3
INV-100655,ACC-6183,Wayne Labs,billing@wayne.com,APAC,Travel,Enterprise,monthly,1,EUR,274.48 EUR,15,cancelled,Wire Transfer,2023-04-08,10/31/2025,0,4,3
INV-100136,ACC-3140,Oscorp Inc,billing@oscorp.com,APAC,Gaming,Start,yearly,3,USD,"$1,470.00",0,PAID,Credit Card,2024-10-20,2026/04/10,0,5,1
INV-100530,ACC-5323,Nakatomi Holdings,billing@nakatomi.com,APAC,Manufacturing,Pro ,Monthly,10,USD,$990.00,0,awaiting,Wire Transfer,2022-02-23,05/20/2024,0,5,0
INV-104348,ACC-7364,Hooli Holdings,,LATAM,Media,Tier 2,monthly,1,USD,79.20,20,Paid,ACH,09/26/2024,2025-04-16,FALSE,3,0
INV-103560,ACC-2494,Gekko Inc,billing@gekko.com,EMEA,,Professional,monthly,250,USD,24750.00,0,Paid,ACH,04/04/2022,2024-06-07,N,3,0
INV-101974,ACC-3940,Initech Partners,billing@initech.com,LATAM,Manufacturing,Start,yearly,10,USD,4900.00,0,success,,02/20/2024,2026-10-22,No,4,0
INV-100056,ACC-6447,Wonka LLC,,EMEA,Retail,STARTER,Annual,250,EUR,"132,300.00 EUR",0,in_review,Wire Transfer,Oct 4 2021,12/07/2021,N,5,0
INV-100897,ACC-9140,Cyberdyne Corp,billing@cyberdyne.com,APAC,Education,Pro,Monthly,1,USD,79.20,20,pending,ach,14-08-2023,2025-04-02,false,5,1
INV-100684,ACC-7230,Initech Partners,billing@initech.com,EMEA,Media,starter,Annual,250,EUR,105840,20,PENDING,credit_card,2022/01/18,2024-07-16,false,1,0
INV-103108,ACC-9640,Dunder Corp,billing@dunder.com,NA,Gaming, Starter ,annually,5,USD,"$-2,450.00",0,REFUND,wire,08/28/2021,04/30/2024,FALSE,2,0
INV-100980,ACC-6516,Gekko LLC,billing@gekko.com,APAC,Travel,STARTER,annually,50,USD,"$22,050.00",10,completed,ach,2023-05-16,2026-01-06,Yes,2,1
INV-102751,ACC-3953,Acme Group,billing@acme.com,LATAM,Education,Tier 2,annually,3,USD,"2,376.00 USD",20,PAID,credit_card,2024-07-05,11-12-2025,false,4,0
INV-102385,ACC-9610,Cyberdyne Holdings,billing@cyberdyne.com,NA,Education,Tier 3,monthly,10,EUR,2583.36,20,paid,,01/22/2023,2023/09/01,N,,1
INV-102638,ACC-7551,Globex Labs,billing@globex.com,NA,Retail,PRO,yearly,50,USD,49500.00,0,paid,ach,2023/06/13,07/01/2023,TRUE,4,0
INV-101794,ACC-7141,Nakatomi Partners,billing@nakatomi.com,LATAM,Energy,Enterprise,Monthly,5,EUR,"1,614.60 EUR",0,error,wire,2021-01-01,2022-11-10,N,5,1
INV-102245,ACC-7235,Initech Corp,billing@initech.com,APAC,,starter,Monthly,25,USD,1225.00,0,PAID,Wire Transfer,2022-09-01,2022-10-29,Yes,5,1
INV-100432,ACC-1440,Tyrell Co,billing@tyrell.com,EMEA,Media,Tier 1,Monthly,5,USD,245.00,0,paid,ACH,2023-03-27,2025-10-18,1,3,0
INV-101295,ACC-4221,Vandelay Corp,billing@vandelay.com,NA,Retail,Tier 1,Monthly,250,EUR,"€-10,584.00",20,REFUND,invoice,08/11/2023,2024-07-20,1,4,1
INV-102013,ACC-4273,Vandelay Labs,billing_at_vandelay.com,NA,Education,Start,annually,10,USD,4900.00,0,PAID,,2022-10-29,2023-04-30,0,4,2
INV-100984,ACC-3403,Cyberdyne Labs,billing@cyberdyne.com,EMEA,Healthcare,starter,Monthly,50,USD,"$2,450.00",0,success,ACH,2023-04-06,2024-09-07,0,,1
INV-103501,ACC-4124,Wayne Partners,billing@wayne.com,EMEA,Fintech,Tier 1,yearly,25,USD,"$12,250.00",0,paid,ach,2022/02/24,06/22/2023,No,5,0
INV-102811,ACC-9617,Nakatomi Ltd,billing@nakatomi.com,NA,,Starter,annually,100,USD,49000.00,0,PAID,credit_card,2021-06-02,02/21/2024,0,5,0
INV-102927,ACC-1739,Hooli Partners,billing@hooli.com,LATAM,,starter,annually,3,EUR,1270,20,PAID,,05/25/2023,2025/03/10,0,5,1
INV-104223,ACC-1019,Acme Industries,billing@acme.com,LATAM,Energy,Tier 1,Monthly,50,USD,"$2,450.00",0,success,,2024-04-23,13-06-2024,false,4,0
INV-100811,ACC-4477,Stark Holdings,billing@stark.com,EMEA,Education,Start,Monthly,50,EUR,"2,249.10 EUR",15,VOID,Credit Card,2022-06-10,2024-12-13,false,5,2
INV-100959,ACC-5022,Initech Co,billing@initech.com,NA,Energy,Tier 2,annually,1,USD,990.00,0,Paid,invoice,2021-02-17,02/14/2022,true,4,1
INV-100500,ACC-2329,Soylent Group,billing@soylent.com,LATAM,Travel, Starter ,Monthly,3,EUR,142.88,10,paid,credit_card,2023-03-04,01/26/2024,false,3,0
INV-102777,ACC-8600,Stark Inc,billing@stark.com,EMEA,,Starter,yearly,10,USD,3675.00,25,Complete,,2023-09-17,2026-05-09,N,4,1
INV-100744,ACC-2620,Stark Industries,billing@stark.com,LATAM,Gaming,pro,Annual,50,USD,49500.00,0,completed,ach,01/09/2022,22-01-2024,N,,5
INV-101226,ACC-4869,Hooli Inc,billing@hooli.com,EMEA,Media,Pro ,monthly,100,USD,"9,900.00 USD",0,completed,credit_card,07/11/2023,2024-12-24,true,4,0
INV-104373,ACC-7058,Prestige Partners,,NA,Gaming,Professional,Annual,1,USD,990.00,0,Failed,wire,12/24/2021,07/03/2023,0,,2
INV-103346,ACC-4490,Vandelay Labs,billing@vandelay.com,NA,Logistics,Enterprise ,Monthly,50,USD,"$14,950.00",0,success,Wire Transfer,07/15/2021,2024-02-01,Y,,1
INV-104544,ACC-2221,Cyberdyne Co,billing@cyberdyne.com,EMEA,Travel,Start,monthly,10,EUR,529.20,0,PENDING,Credit Card,08/06/2024,12/26/2026,N,3,3
INV-100339,ACC-3517,Vandelay Ltd,billing@vandelay.com,NA,Fintech,starter,annually,50,EUR,"€26,460.00",0,success,ACH,2023-06-13,21-08-2023,false,5,1
INV-103915,ACC-4935,Gekko Partners,billing@gekko.com,LATAM,Manufacturing,Start,Monthly,10,USD,490.00,0,Complete,invoice,2021/08/21,2021-09-22,N,4,1
INV-100634,ACC-9407,Tyrell Ltd,billing@tyrell.com,EMEA,Manufacturing,pro,yearly,100,GBP,106870.50,15,paid,invoice,2022-06-16,12/21/2023,true,5,0
INV-100619,ACC-7354,Wayne Group,,EMEA,Travel,Tier 2,Monthly,25,USD,1856,25,Failed,Wire Transfer,03/14/2024,2026-09-20,FALSE,2,1
INV-100210,ACC-1232,Stark Holdings,billing@stark.com,EMEA,Travel,Tier 2,Monthly,5,USD,495.00,0,success,,2022/01/06,2024-04-03,0,1,0
INV-103768,ACC-4702,Prestige Holdings,billing@prestige.com,APAC,Healthcare,Tier 1,yearly,250,EUR,119070.00,10,success,ach,2021-08-17,2022/08/20,FALSE,1,3
INV-104240,ACC-6260,Initech Labs,billing@initech.com,LATAM,Energy,STARTER,Annual,10,USD,4900.00,0,PAID,wire,2021-08-17,04/24/2022,0,5,0
INV-104077,ACC-6693,Oscorp Labs,billing@oscorp.com,APAC,Education,Starter,monthly,5,GBP,311.15,0,failed,,2022-03-08,09/02/2023,N,3,0
INV-104895,ACC-7034,Initech Inc,,EMEA,Fintech,Start,annually,3,GBP,1866.90,0,Complete,wire,07/21/2023,06/01/2025,FALSE,3,0
INV-104663,ACC-3436,Prestige Holdings,billing_at_prestige.com,LATAM,Manufacturing,Starter,monthly,10,GBP,622.30,0,PAID,invoice,Nov 30 2023,2025-06-19,0,5,3
INV-101897,ACC-4077,Pied Piper Co,billing@pied.com,LATAM,Fintech,Starter,annual,250,USD,122500.00,0,declined,ach,10/17/2021,2023-06-03,FALSE,4,1
INV-102146,ACC-4762,Pied Piper Corp,billing@pied.com,APAC,Media,starter,yearly,100,USD,49000.00,0,failed,wire,2022-09-25,06/25/2023,Yes,,0
INV-101231,ACC-8847,Soylent Labs,billing@soylent.com,APAC,,PRO,Annual,10,GBP,-12573.00,0,Refunded,Credit Card,23-01-2023,03/18/2024,1,4,1
INV-101120,ACC-5857,Cyberdyne Industries,billing@cyberdyne.com,LATAM,Media,pro,annual,250,EUR,227205.00,15,paid,ach,Aug 1 2022,25-11-2023,0,4,3
INV-104726,ACC-6384,Hooli Labs,billing@hooli.com,LATAM,Logistics,Starter,Monthly,3,USD,$147.00,0,PAID,,2023/07/02,04/30/2025,Yes,,0
INV-104453,ACC-5863,Wayne Inc,billing@wayne.com,APAC,Manufacturing,enterprise,annual,5,USD,14950.00,0,paid,Credit Card,2023/10/17,11/25/2024,false,2,0
INV-103418,ACC-9755,Soylent Ltd,billing@soylent.com,APAC,Retail,STARTER,monthly,100,USD,"$4,900.00",0,paid,credit_card,2024-05-09,01/15/2026,No,1,0
INV-102889,ACC-2927,Oscorp LLC,billing@oscorp.com,EMEA,Manufacturing,Starter,annual,10,USD,"$3,675.00",25,PAID,invoice,2021/08/08,2023-10-19,0,,0
INV-101900,ACC-6304,Aperture LLC,billing@aperture.com,LATAM,Travel,enterprise,monthly,1,USD,269.10,10,PAID,credit_card,Sep 3 2023,2026-01-12,No,5,0
INV-100534,ACC-1051,Stark LLC,billing@stark.com,NA,Gaming,STARTER,yearly,50,USD,24500.00,0,paid,,2023-06-29,Sep 24 2024,Yes,4,0
INV-100982,ACC-1545,Umbrella Holdings,billing@umbrella.com,LATAM,Manufacturing,ENT,Monthly,1,EUR,290.63,10,cancelled,ach,2023/02/10,2025-07-24,N,5,1
INV-102779,ACC-3046,Umbrella Inc,billing@umbrella.com,LATAM,Travel,Start,Monthly,1,USD,49.00,0,in_review,ach,2022-07-22,2022-08-28,false,5,0
INV-100798,ACC-8533,Initech Co,billing@initech.com,NA,Travel,STARTER,monthly,10,GBP,560.07,10,completed,Credit Card,2022/07/04,2024-04-20,Yes,3,0
INV-104538,ACC-4581,Globex Holdings,,APAC,Fintech, Starter ,Annual,5,USD,2205.00,10,awaiting,Wire Transfer,2024-07-23,10/13/2026,false,5,0
INV-102134,ACC-1490,Vandelay Co,billing@vandelay.com,NA,Healthcare,Pro,yearly,10,USD,9900,0,paid,Wire Transfer,2021-08-27,10/03/2021,Y,5,5
INV-101532,ACC-3609,Oscorp Corp,billing@oscorp.com,NA,Media,enterprise ,monthly,10,USD,2990.00,0,Complete,credit_card,2024/04/30,2025/07/10,false,,0
INV-100792,ACC-8517,Hooli Labs,,EMEA,,STARTER,monthly,50,EUR,2646.00,0,completed,Wire Transfer,2023-06-28,2024-09-13,No,5,1
INV-104992,ACC-8259,Cyberdyne Industries,billing@cyberdyne.com,APAC,Media,Enterprise ,Monthly,10,GBP,3797.30,0,Complete,Wire Transfer,2021-09-05,2022-03-08,Y,,0
INV-104038,ACC-1013,Umbrella Partners,billing@umbrella.com,EMEA,,STARTER,monthly,10,USD,490.00,0,Failed,ACH,11/02/2022,02/27/2024,No,5,3
INV-100714,ACC-5616,Aperture Ltd,billing@aperture.com,NA,Gaming,Tier 2,Monthly,5,USD,445.50,10,completed,ach,06/06/2021,28-08-2023,N,3,3
INV-103224,ACC-3305,Oscorp Group,billing@oscorp.com,NA,Manufacturing,Start,annual,5,USD,"$2,082.50",15,completed,credit_card,2024-07-03,11/18/2024,No,3,8
INV-101514,ACC-8513,Wonka LLC,billing@wonka.com,EMEA,Media,Starter,annually,5,GBP,3111.50,0,completed,ach,2022-08-23,Jun 3 2023,false,4,3
INV-103793,ACC-6882,Hooli Group,billing@hooli.com,NA,Education,Professional,annual,10,EUR,10692.00,0,paid,ACH,2024-10-11,2027-06-23,N,3,3
INV-101549,ACC-2138,Cyberdyne Ltd,billing@cyberdyne.com,APAC,Logistics,Professional,Annual,50,USD,"$49,500.00",0,Complete,Credit Card,2022-02-04,2022/05/01,N,4,0
INV-100353,ACC-7260,Soylent Inc,billing@soylent.com,APAC,Energy,Starter,monthly,10,USD,490.00,0,success,Wire Transfer,04/20/2022,Oct 11 2024,false,3,2
INV-102116,ACC-9585,Wayne Corp,billing@wayne.com,NA,Retail,enterprise,yearly,50,USD,149500.00,0,PAID,Credit Card,03/22/2023,2023-06-10,Y,4,3
INV-102217,ACC-9748,Dunder Labs,billing@dunder.com,APAC,Healthcare,ENT,monthly,5,EUR,-1614.60,0,refunded,credit_card,2023-02-28,10/04/2025,false,5,0
INV-103169,ACC-6248,Dunder Co,billing@dunder.com,APAC,Fintech,starter,yearly,25,USD,11025.00,10,success,wire,04/12/2024,Jul 2 2025,No,3,3
INV-101904,ACC-2134,Dunder Corp,billing@dunder.com,APAC,Retail,starter,yearly,250,USD,"122,500.00 USD",0,Paid,ach,2024/08/07,02/14/2025,FALSE,1,0
INV-103951,ACC-7962,Wayne Ltd,billing@wayne.com,EMEA,Fintech,Starter,Monthly,250,USD,"12,250.00 USD",0,success,Credit Card,May 14 2021,2023-10-06,0,3,0
INV-104250,ACC-5989,Acme Partners,billing@acme.com,APAC,Gaming,Professional,Monthly,1,USD,99.00,0,success,wire,Dec 23 2022,2024-09-04,false,2,2
INV-104900,ACC-4955,Tyrell Group,billing@tyrell.com,EMEA,Healthcare, Starter ,annually,100,USD,44100.00,10,success,credit_card,2022-10-19,2024/11/07,No,4,5
INV-102897,ACC-2249,Stark LLC,billing@stark.com,LATAM,Fintech,Enterprise ,monthly,1,EUR,322.92,0,pending,wire,08/06/2021,Sep 19 2023,Y,5,1
INV-104886,ACC-5881,Gekko Partners,billing@gekko.com,LATAM,Education,STARTER,annually,250,USD,104125.00,15,completed,Credit Card,2022-10-27,07-12-2023,No,4,0
INV-102722,ACC-7801,Soylent Partners,billing@soylent.com,EMEA,Healthcare,enterprise ,Monthly,250,EUR,80730.00,0,paid,ach,09/22/2021,19-07-2023,No,3,5
INV-100581,ACC-9689,Wayne Ltd,billing@wayne.com,NA,,Pro,Monthly,10,USD,$990.00,0,awaiting,credit_card,19-07-2022,2023-06-23,FALSE,3,0
INV-104819,ACC-8974,Aperture Labs,billing@aperture.com,LATAM,Logistics,starter,monthly,250,USD,12250,0,void,,2022-03-02,Apr 9 2023,false,1,0
INV-101878,ACC-9034,Wonka Ltd,billing@wonka.com,NA,Education,PRO,annual,100,USD,89100.00,10,PAID,ACH,08/06/2024,2026/11/04,N,3,0
INV-103110,ACC-1890,Soylent Holdings,billing@soylent.com,EMEA,Healthcare,Pro ,annual,3,GBP,3771.90,0,error,wire,08/11/2022,11/18/2023,TRUE,4,0
INV-102520,ACC-2422,Initech Industries,billing@initech.com,LATAM,Media,PRO,annually,100,EUR,106920.00,0,PAID,ACH,2022-05-27,2024-03-14,Yes,3,1
INV-103500,ACC-2447,Soylent Holdings,billing@soylent.com,LATAM,Logistics,Start,Monthly,100,USD,3920.00,20,Pending,ach,Feb 21 2021,Sep 13 2023,N,,2
INV-103022,ACC-8718,Cyberdyne Ltd,billing@cyberdyne.com,APAC,Fintech,Pro ,yearly,5,USD,4950,0,Paid,Credit Card,2023-08-17,2025/07/31,N,3,0
INV-102854,ACC-6112,Pied Piper Industries,billing@pied.com,APAC,Fintech,Tier 1,monthly,50,USD,1960.00,20,PAID,credit_card,2023-03-14,2024/05/01,TRUE,5,0
INV-104363,ACC-6249,Gekko Group,billing@gekko.com,NA,,enterprise,Monthly,100,USD,-29900.00,0,charged_back,invoice,10/22/2021,04-11-2022,N,1,0
INV-103503,ACC-4464,Soylent Labs,,APAC,Healthcare, Starter ,Monthly,100,USD,4900,0,failed,Wire Transfer,12/03/2023,12/09/2024,1,,5
INV-102501,ACC-2298,Wayne Industries,billing@wayne.com,LATAM,Education,Pro,monthly,50,USD,4950.00,0,Pending,wire,Nov 9 2022,2025/05/27,false,5,2
INV-102367,ACC-7662,Stark Partners,billing@stark.com,APAC,Energy,enterprise,Annual,10,USD,-29900.00,0,REFUND,,2023/05/02,2023-11-08,FALSE,3,5
INV-101252,ACC-7549,Cyberdyne Inc,billing@cyberdyne.com,APAC,Media,PRO,annually,10,EUR,10692.00,0,success,credit_card,2022-09-07,02/03/2023,false,5,3
INV-102828,ACC-4076,Dunder Ltd,billing@dunder.com,EMEA,Fintech,Pro ,yearly,250,USD,198000.00,20,cancelled,wire,10/24/2022,30-05-2024,N,4,2
INV-103191,ACC-3612,Oscorp Holdings,billing@oscorp.com,APAC,Healthcare,pro,annual,250,USD,247500.00,0,Paid,,2023-01-08,06/23/2023,FALSE,5,0
INV-103879,ACC-9253,Nakatomi Corp,billing@nakatomi.com,LATAM,Logistics,Tier 2,annual,5,EUR,4811.40,10,PAID,wire,08/07/2021,2022-06-16,FALSE,4,2
INV-104349,ACC-3188,Nakatomi Holdings,billing@nakatomi.com,EMEA,Media,Starter,Monthly,25,USD,1225.00,0,Complete,Wire Transfer,Oct 8 2021,2024-03-14,No,4,1
INV-101263,ACC-8082,Stark Corp,billing@stark.com,EMEA,Gaming,Starter,monthly,50,USD,2450,0,Failed,ach,16-10-2022,10/01/2024,0,5,0
INV-102130,ACC-7571,Wayne Co,billing@wayne.com,APAC,Healthcare,Tier 1,yearly,50,GBP,31115.00,0,declined,invoice,07/14/2022,2024/02/12,FALSE,3,0
INV-100739,ACC-1600,Oscorp Group,billing@oscorp.com,LATAM,Retail,Start,monthly,250,USD,12250.00,0,Complete,ACH,2021/05/21,04/25/2023,No,5,0
INV-102559,ACC-9332,Aperture Partners,billing@aperture.com,EMEA,Retail,Enterprise,Annual,1,EUR,3229.20,0,PAID,credit_card,10/15/2023,02/22/2026,FALSE,3,0
INV-101839,ACC-3526,Initech Inc,billing@initech.com,LATAM,Logistics,starter,Monthly,100,USD,"$4,900.00",0,FAILED,wire,12/24/2021,2023-11-16,false,3,0
INV-100214,ACC-5216,Nakatomi Industries,billing@nakatomi.com,LATAM,Fintech,Starter,Monthly,10,USD,367.50,25,VOID,invoice,2022-06-27,12/26/2022,0,5,0
INV-101339,ACC-2023,Dunder LLC,billing@dunder.com,NA,Healthcare,Enterprise,yearly,10,USD,"$29,900.00",0,in_review,Credit Card,2021-05-26,2023-01-14,false,3,0
INV-103684,ACC-6792,Tyrell Industries,billing@tyrell.com,EMEA,Retail,Tier 1,monthly,50,USD,"$2,205.00",10,completed,credit_card,01/10/2023,Jan 30 2023,0,2,0
INV-101262,ACC-8696,Nakatomi Labs,billing@nakatomi.com,NA,Logistics,Tier 1,Annual,100,USD,49000.00,0,PAID,,22-08-2022,2025-01-01,0,1,0
INV-100446,ACC-5789,Soylent Corp,billing@soylent.com,EMEA,Logistics,ENT,monthly,10,USD,"$2,990.00",0,paid,Wire Transfer,11/08/2023,2025-12-10,0,5,3
INV-102859,ACC-7313,Dunder Partners,billing@dunder.com,APAC,Fintech,pro,yearly,250,GBP,"£267,176.25",15,Paid,credit_card,2024-06-21,04/10/2026,FALSE,5,0
INV-103869,ACC-1252,Hooli Holdings,billing@hooli.com,APAC,Fintech,ENT,Monthly,100,USD,29900.00,0,in_review,ACH,09/21/2021,2023-01-06,Y,,5
INV-104136,ACC-2458,Hooli Partners,billing@hooli.com,EMEA,Healthcare,Tier 1,monthly,250,USD,12250.00,0,Complete,Credit Card,2024-07-24,2025/10/12,false,3,0
INV-101062,ACC-5302,Umbrella Corp,billing@umbrella.com,EMEA,Travel,pro,annually,25,USD,24750.00,0,PAID,,2021-03-06,08/07/2022,FALSE,1,0
INV-102896,ACC-9250,Pied Piper Corp,billing@pied.com,APAC,Manufacturing,Tier 3,monthly,250,EUR,80730.00,0,Paid,Wire Transfer,Dec 19 2021,07/01/2023,true,,0
INV-100204,ACC-9921,Massive Dynamic Industries,billing@massive.com,LATAM,Logistics,pro,annual,3,USD,"$2,970.00",0,completed,Credit Card,2023-07-01,2023-12-28,N,4,1
INV-103702,ACC-6668,Vandelay Labs,billing@vandelay.com,EMEA,Manufacturing,STARTER,monthly,10,USD,$490.00,0,completed,Credit Card,2021-01-19,2021-05-06,0,5,8
INV-100399,ACC-6530,Prestige Holdings,billing@prestige.com,NA,,Pro,annually,10,USD,9900.00,0,error,Wire Transfer,09/21/2022,2024/04/25,FALSE,4,0
INV-104103,ACC-1621,Gekko Inc,billing@gekko.com,APAC,Healthcare,Tier 3,annual,10,USD,"$29,900.00",0,Pending,ach,2024/01/23,2024/09/30,true,3,0
INV-104281,ACC-7564,Umbrella Partners,billing@umbrella.com,EMEA,Media,STARTER,Monthly,250,USD,12250.00,0,PAID,Wire Transfer,2023/09/13,2024-08-24,0,4,1
INV-104682,ACC-9055,Hooli Labs,billing@hooli.com,NA,Healthcare,Professional,Annual,1,USD,$-742.50,25,charged_back,ach,05/06/2022,2024-08-17,FALSE,,1
INV-101261,ACC-4976,Pied Piper LLC,billing@pied.com,NA,Media,enterprise,Monthly,1,USD,$299.00,0,FAILED,ach,01/05/2024,03/14/2025,N,1,0
INV-102648,ACC-3655,Acme Labs,billing@acme.com,LATAM,Education, Starter ,Annual,3,USD,1470.00,0,Paid,,2022-05-18,2022-05-25,FALSE,4,0
INV-101687,ACC-3679,Massive Dynamic Holdings,billing@massive.com,NA,Healthcare,Tier 1,monthly,3,EUR,158.76,0,PAID,,2024-09-29,2026/06/20,0,,0
INV-104055,ACC-4523,Gekko Holdings,billing@gekko.com,APAC,Travel,starter,monthly,100,USD,4900.00,0,void,Credit Card,2024-05-12,May 17 2026,Yes,5,5
INV-103111,ACC-2456,Dunder Corp,billing@dunder.com,NA,,STARTER,yearly,10,USD,4410.00,10,Failed,ACH,08/08/2021,12/29/2021,TRUE,4,1
INV-101428,ACC-6658,Wayne Partners,billing@wayne.com,EMEA,Fintech,ENT,annually,10,USD,29900.00,0,PAID,ACH,01-03-2023,Jul 26 2023,N,5,0
INV-103141,ACC-4941,Stark Partners,billing@stark.com,NA,,starter,Monthly,100,EUR,5292.00,0,Paid,wire,2022-04-22,2023-11-07,0,4,0
INV-100933,ACC-3552,Wayne Group,billing@wayne.com,EMEA,Energy,starter,Annual,3,EUR,1587.60,0,PAID,credit_card,2023/11/28,04/21/2024,FALSE,,0
INV-102073,ACC-9452,Globex Holdings,billing@globex.com,APAC,Retail,enterprise ,annually,100,USD,"$299,000.00",0,PAID,,2023/07/16,2024/02/06,TRUE,5,2
INV-103062,ACC-5986,Tyrell Ltd,billing@tyrell.com,APAC,Fintech,Pro ,annually,3,USD,2970.00,0,VOID,wire,07/29/2022,2023/05/22,Yes,,0
INV-102908,ACC-3227,Acme LLC,,NA,Education,Starter,annually,10,EUR,"5,292.00 EUR",0,paid,Wire Transfer,2021-08-22,23-10-2021,false,5,0
INV-101463,ACC-8354,Massive Dynamic Industries,billing_at_massive.com,NA,Fintech,Pro ,annual,25,EUR,"24,057.00 EUR",10,success,Credit Card,2024-10-02,03/30/2027,No,3,0
INV-104473,ACC-2329,Cyberdyne Industries,billing@cyberdyne.com,NA,Logistics,Tier 1,yearly,50,EUR,26460.00,0,PAID,ach,2023-06-19,2024-07-21,N,,0
INV-101881,ACC-9335,Stark Co,billing@stark.com,NA,Energy,Professional,annually,100,EUR,"€106,920.00",0,success,wire,2022-12-30,04/19/2024,N,,0
INV-104526,ACC-6803,Soylent Group,billing@soylent.com,LATAM,Travel,ENT,annually,10,EUR,24219,25,success,ACH,07/21/2023,2025-07-02,N,5,0
INV-100107,ACC-9225,Tyrell LLC,,EMEA,Media,Pro,monthly,5,GBP,534.35,15,Complete,ach,09/29/2022,08/30/2023,1,5,2
INV-101354,ACC-6287,Nakatomi Industries,billing@nakatomi.com,NA,Healthcare,starter,annually,100,EUR,"52,920.00 EUR",0,PENDING,ACH,Dec 16 2021,Aug 7 2024,N,5,3
INV-104654,ACC-2904,Hooli Industries,billing@hooli.com,NA,Gaming,Tier 1,Monthly,250,EUR,11245.50,15,completed,invoice,Aug 26 2022,2024/03/04,N,,0
INV-100775,ACC-7877,Stark Partners,billing@stark.com,APAC,Healthcare,Professional,annual,50,USD,37125.00,25,paid,credit_card,2022-01-08,2022-04-11,Yes,4,5
INV-100128,ACC-6873,Prestige Co,billing@prestige.com,EMEA,Media,pro,Monthly,250,USD,"22,275.00 USD",10,PAID,Wire Transfer,2024-02-19,2026-04-10,false,4,3
INV-100407,ACC-9505,Vandelay Labs,billing@vandelay.com,EMEA,Media,Tier 1,Monthly,25,USD,1225.00,0,PAID,ACH,2022-04-04,Sep 26 2024,Y,4,0
INV-100699,ACC-7611,Wonka Labs,billing@wonka.com,EMEA,Fintech,Tier 1,annual,100,USD,49000.00,0,Paid,credit_card,05/24/2023,2024-10-07,N,3,0
INV-104813,ACC-6175,Pied Piper Labs,,EMEA,Gaming,Professional,Annual,5,USD,4950,0,in_review,Credit Card,2024/03/17,2025-06-09,Yes,2,0
INV-101708,ACC-8839,Globex Group,billing@globex.com,APAC,Manufacturing,starter,monthly,10,USD,416,15,success,ACH,2023-04-23,2024-10-20,0,1,0
INV-100784,ACC-4837,Umbrella Corp,billing@umbrella.com,EMEA,Media,Tier 2,Monthly,100,USD,9900.00,0,success,Wire Transfer,2024/10/07,2027-01-16,0,3,0
INV-104822,ACC-6211,Tyrell Partners,billing@tyrell.com,LATAM,Education,Tier 2,yearly,25,EUR,26730,0,Paid,invoice,03/23/2024,2026-05-03,0,5,0
INV-100504,ACC-1268,Vandelay LLC,billing@vandelay.com,LATAM,Fintech,starter,Annual,10,USD,"$4,165.00",15,PAID,Wire Transfer,31-01-2024,2024-11-10,No,5,1
INV-104195,ACC-8133,Prestige Co,billing@prestige.com,LATAM,Media,Tier 1,annually,250,USD,122500,0,Failed,,2023-07-24,2023-09-14,false,5,0
INV-102901,ACC-3827,Massive Dynamic Corp,billing@massive.com,APAC,Energy,Pro ,yearly,10,USD,9900.00,0,Paid,Wire Transfer,2022/08/27,2024/03/15,false,,0
INV-103812,ACC-5644,Initech Group,billing@initech.com,APAC,Media,STARTER,annual,5,USD,2450.00,0,success,Wire Transfer,05/28/2021,Feb 16 2023,0,3,0
INV-103643,ACC-3675,Soylent Holdings,billing@soylent.com,APAC,Media,Tier 2,Monthly,100,USD,"$9,900.00",0,paid,Wire Transfer,Mar 6 2021,06/28/2022,No,4,3
INV-103372,ACC-4413,Globex Group,billing@globex.com,EMEA,Education, Starter ,monthly,50,USD,"$-1,837.50",25,REFUND,ach,07/31/2021,Oct 6 2023,N,5,1
INV-103577,ACC-9984,Prestige LLC,billing@prestige.com,NA,Logistics,Starter,annual,25,USD,12250.00,0,success,credit_card,2021-05-17,2022-02-28,Yes,2,2
INV-100223,ACC-4181,Soylent Co,billing@soylent.com,EMEA,Travel,PRO,Annual,10,USD,"$9,900.00",0,PAID,ach,2023-08-12,Nov 23 2024,0,4,0
INV-102135,ACC-7559,Gekko Corp,billing@gekko.com,LATAM,,pro,annual,3,USD,2970.00,0,Complete,wire,04/19/2021,2022/01/18,0,3,1
INV-102968,ACC-2631,Dunder Inc,billing@dunder.com,APAC,Retail,Pro ,annually,1,USD,$990.00,0,paid,invoice,2023-09-30,2023-12-15,false,4,0
INV-101107,ACC-7265,Hooli LLC,billing@hooli.com,EMEA,,Starter,monthly,250,EUR,11907.00,10,error,credit_card,05/29/2021,2023-06-26,0,,0
INV-104269,ACC-5432,Stark Co,billing@stark.com,LATAM,Education, Starter ,Monthly,3,USD,-147.00,0,Refunded,credit_card,2023/11/12,2026-01-22,0,1,3
INV-103922,ACC-9151,Globex Group,billing@globex.com,EMEA,Manufacturing,PRO,Monthly,1,USD,99.00 USD,0,success,invoice,2022-12-21,2024/12/10,N,5,1
INV-102695,ACC-9304,Initech Corp,billing@initech.com,LATAM,Travel,Enterprise,Monthly,3,USD,762.45,15,completed,Wire Transfer,14-12-2023,06/22/2024,0,5,0
INV-103774,ACC-9485,Umbrella Industries,billing@umbrella.com,APAC,Energy,Tier 3,annual,5,USD,14950.00,0,Paid,ach,2022-11-27,08/02/2024,0,,0
INV-101404,ACC-6481,Pied Piper LLC,billing@pied.com,NA,Healthcare,PRO,monthly,3,USD,297.00,0,paid,wire,Sep 17 2023,2024-06-02,FALSE,5,0
INV-103049,ACC-3148,Stark Inc,billing@stark.com,NA,Education,pro,yearly,25,USD,24750.00,0,FAILED,credit_card,04/16/2024,2024-07-21,TRUE,4,0
INV-104241,ACC-3847,Wonka Ltd,billing@wonka.com,NA,Gaming,Start,Annual,100,GBP,62230.00,0,paid,credit_card,08/15/2021,2023-05-04,N,,1
INV-103204,ACC-3082,Vandelay Ltd,billing_at_vandelay.com,LATAM,,Start,Monthly,5,USD,-245.00,0,REFUND,Credit Card,08/31/2023,Mar 20 2024,0,4,1
INV-102416,ACC-3608,Oscorp LLC,billing@oscorp.com,APAC,Energy,starter,Monthly,50,GBP,"2,800.35 GBP",10,Paid,Credit Card,Dec 26 2022,07/01/2023,No,3,0
INV-102482,ACC-8343,Tyrell Industries,billing@tyrell.com,NA,Media,starter,monthly,3,GBP,140,25,cancelled,ACH,01-06-2024,2026-05-23,N,,0
INV-102295,ACC-6754,Dunder LLC,billing@dunder.com,EMEA,Logistics,ENT,Monthly,50,USD,14950,0,Complete,ACH,08/01/2023,11/18/2024,FALSE,4,1
INV-104447,ACC-7274,Wayne LLC,billing@wayne.com,EMEA,Healthcare,enterprise ,monthly,100,EUR,"32,292.00 EUR",0,Paid,,12/23/2021,2023-12-14,No,5,0
INV-101378,ACC-7713,Cyberdyne Group,billing@cyberdyne.com,NA,,Tier 1,Monthly,100,USD,3920,20,paid,invoice,2022-04-03,11/06/2024,FALSE,3,5
INV-102320,ACC-1962,Dunder Partners,billing@dunder.com,APAC,Gaming,PRO,annually,5,EUR,"€4,544.10",15,Complete,ach,15-07-2024,2026-05-16,false,4,2
INV-102371,ACC-3585,Acme Corp,billing@acme.com,NA,Energy, Starter ,Monthly,5,EUR,224.91,15,PAID,ACH,2022-11-26,2024-12-09,N,4,0
INV-101527,ACC-3594,Initech Labs,billing@initech.com,LATAM,Gaming,STARTER,monthly,25,USD,"$1,225.00",0,Paid,,09/02/2024,2026-06-12,N,5,0
INV-103305,ACC-5285,Wayne Corp,,EMEA,,Tier 1,Monthly,5,EUR,-264.60,0,REFUND,ACH,07-02-2023,2023-10-11,0,2,0
INV-103926,ACC-2285,Nakatomi Industries,billing@nakatomi.com,NA,Retail,Tier 1,Monthly,5,USD,$220.50,10,VOID,Wire Transfer,2023-08-09,2025/05/26,0,1,1
INV-100363,ACC-7444,Vandelay Partners,billing@vandelay.com,LATAM,Media,Tier 3,Monthly,50,GBP,18986.50,0,PAID,Wire Transfer,2023-06-15,2024-02-06,1,,2
INV-102655,ACC-2015,Dunder Inc,billing@dunder.com,EMEA,Fintech,Tier 2,annually,3,USD,2970,0,Complete,credit_card,2022-11-05,07/31/2023,TRUE,2,0
INV-100937,ACC-2206,Tyrell Group,billing@tyrell.com,EMEA,Healthcare,Enterprise,Annual,1,USD,2542,15,pending,wire,2023-06-06,2024-10-27,FALSE,5,0
INV-101032,ACC-9189,Gekko Industries,billing@gekko.com,NA,Gaming,ENT,monthly,25,USD,6353.75,15,completed,credit_card,Apr 16 2024,2025/02/20,FALSE,5,0
INV-101153,ACC-5650,Soylent Partners,billing@soylent.com,EMEA,Manufacturing,PRO,annual,100,EUR,90882.00,15,PAID,ACH,2024/03/05,Jan 7 2025,N,2,0
INV-102270,ACC-9377,Vandelay Holdings,billing@vandelay.com,EMEA,Manufacturing,Tier 3,Monthly,25,USD,"$7,475.00",0,Complete,ach,2023/07/28,2025-06-01,TRUE,4,0
INV-104623,ACC-2803,Acme Corp,billing@acme.com,LATAM,Logistics,Tier 3,monthly,25,USD,7475.00,0,Complete,,11/29/2022,2023/04/25,true,3,0
INV-101995,ACC-4376,Oscorp Group,billing@oscorp.com,NA,Retail,Tier 3,annual,3,USD,6727.50,25,cancelled,Wire Transfer,04/07/2022,2022-07-04,FALSE,,5
INV-101863,ACC-3924,Massive Dynamic Ltd,billing@massive.com,LATAM,Energy,STARTER,annually,25,USD,"12,250.00 USD",0,PAID,Wire Transfer,2021-02-13,2021/02/22,true,5,0
INV-101785,ACC-4810,Aperture Co,billing@aperture.com,EMEA,Fintech,Pro ,monthly,100,EUR,8019,25,PAID,wire,2022-05-03,2022-09-29,0,2,1
INV-104897,ACC-7962,Prestige Labs,billing@prestige.com,NA,Education,enterprise ,Monthly,1,USD,$299.00,0,pending,,05/05/2021,2023-01-17,FALSE,,2
INV-103072,ACC-8585,Nakatomi Co,billing@nakatomi.com,EMEA,Energy,Starter,yearly,250,EUR,132300.00,0,PENDING,,05/22/2022,2024/12/19,FALSE,1,0
INV-103289,ACC-3733,Massive Dynamic Ltd,billing@massive.com,LATAM,Logistics,Pro ,yearly,100,EUR,85536,20,completed,Wire Transfer,2024-01-01,Sep 16 2025,N,3,2
INV-104147,ACC-1000,Gekko Co,billing@gekko.com,LATAM,Media,PRO,annual,10,EUR,9088.20,15,completed,ach,2024-03-31,2026-02-03,No,5,5
INV-101530,ACC-1490,Tyrell Industries,billing@tyrell.com,NA,Manufacturing,starter,monthly,25,USD,"$1,102.50",10,paid,Credit Card,13-11-2023,09/17/2024,No,5,0
INV-102649,ACC-8207,Wonka Partners,billing@wonka.com,APAC,,Enterprise ,monthly,10,GBP,3227.70,15,Paid,Credit Card,2022-04-19,01/08/2025,0,4,0
INV-101519,ACC-6823,Stark Inc,billing@stark.com,APAC,Energy,Enterprise ,Monthly,1,GBP,379.73,0,pending,invoice,01-08-2022,2023-04-20,No,1,0
INV-100469,ACC-4707,Tyrell LLC,,NA,Gaming,ENT,annual,5,EUR,16146.00,0,success,,2023-06-28,2023-11-20,false,4,1
INV-104237,ACC-3836,Hooli Co,billing@hooli.com,NA,Logistics,Pro,yearly,5,USD,4455.00,10,Complete,ach,05/13/2024,2025/12/11,0,5,0
INV-100110,ACC-7660,Gekko Industries,,APAC,Fintech,STARTER,annually,10,USD,4900.00,0,failed,Wire Transfer,2022-09-16,2025-01-09,No,5,8
INV-102186,ACC-2042,Hooli LLC,billing@hooli.com,NA,Energy,Enterprise ,yearly,10,USD,"-29,900.00 USD",0,Refunded,ACH,2022-10-11,2023-01-05,N,4,5
INV-100856,ACC-1856,Acme Inc,billing@acme.com,APAC,,Start,Annual,25,USD,12250.00,0,paid,,Dec 24 2022,2023-09-11,FALSE,3,0
INV-101002,ACC-9434,Soylent Group,billing@soylent.com,EMEA,,Tier 2,yearly,250,USD,247500.00,0,awaiting,Credit Card,2022/05/02,Jul 16 2022,N,1,5
INV-101940,ACC-2423,Nakatomi Group,billing@nakatomi.com,LATAM,Education,starter,monthly,1,USD,49.00,0,PAID,wire,2021-08-29,May 8 2022,TRUE,4,1
INV-101387,ACC-1211,Hooli Group,billing@hooli.com,LATAM,Healthcare,Starter,yearly,50,USD,24500.00,0,success,invoice,05/07/2024,2025-09-02,No,,1
INV-102867,ACC-6101,Soylent Industries,billing@soylent.com,EMEA,Manufacturing,Tier 2,monthly,10,USD,$990.00,0,completed,Wire Transfer,2021-01-28,2023-08-08,FALSE,3,0
INV-102775,ACC-2670,Soylent Partners,billing@soylent.com,EMEA,Healthcare,Tier 1,yearly,1,USD,490.00,0,success,invoice,2022/10/25,Jul 10 2024,FALSE,5,3
INV-100112,ACC-1699,Cyberdyne LLC,billing@cyberdyne.com,EMEA,Media,Enterprise,yearly,5,USD,"14,950.00 USD",0,Complete,,2022-03-16,2024-10-01,FALSE,4,1
INV-103930,ACC-8027,Hooli Holdings,billing@hooli.com,APAC,Education, Starter ,yearly,100,USD,36750.00,25,PENDING,Wire Transfer,10/13/2023,2026-06-20,N,1,0
INV-103518,ACC-1822,Wonka Group,billing@wonka.com,EMEA,Travel,Professional,annual,3,USD,2970.00,0,Paid,invoice,10/15/2021,10/26/2022,Y,3,0
INV-101508,ACC-3415,Pied Piper Group,billing@pied.com,NA,Energy,STARTER,annually,1,EUR,529,0,completed,credit_card,03/25/2022,04/22/2023,N,,0
INV-100507,ACC-5358,Pied Piper Co,billing@pied.com,APAC,Logistics,Start,Annual,10,USD,4900.00,0,in_review,ach,2024/07/20,07/23/2024,N,5,0
INV-103192,ACC-4311,Wonka Corp,billing@wonka.com,LATAM,Media,Pro,monthly,25,USD,2103.75,15,PENDING,wire,2024-07-25,01/19/2026,0,,0
INV-100667,ACC-3612,Tyrell Labs,billing@tyrell.com,NA,Healthcare,starter,Monthly,1,GBP,62.23,0,paid,invoice,2022-09-26,13-10-2024,true,5,2
INV-101626,ACC-3543,Wonka Inc,billing@wonka.com,EMEA,Retail,enterprise,Monthly,100,USD,"$29,900.00",0,completed,invoice,2023-05-14,01/07/2025,No,3,3
INV-101483,ACC-5589,Tyrell Inc,,EMEA,Healthcare,ENT,Monthly,250,USD,74750.00,0,success,Credit Card,2023/08/10,2026/04/28,Y,5,0
INV-103873,ACC-1312,Globex Inc,billing@globex.com,EMEA,Healthcare,Start,annually,5,USD,2450.00,0,PAID,wire,01/19/2021,05/14/2021,No,4,0
INV-102692,ACC-2788,Soylent Partners,billing@soylent.com,LATAM,,pro,annual,1,USD,990.00,0,completed,Wire Transfer,2023-11-13,2024-09-06,false,5,0
INV-102257,ACC-8642,Prestige LLC,billing@prestige.com,NA,,Enterprise ,Annual,3,USD,8970.00,0,PAID,ACH,04/24/2023,2024-09-11,No,1,0
INV-104266,ACC-3176,Hooli Partners,billing@hooli.com,NA,Fintech,enterprise ,annual,25,USD,74750.00,0,VOID,ach,14-07-2024,12/12/2025,No,,1
INV-100437,ACC-5275,Umbrella Group,billing@umbrella.com,APAC,,Tier 3,monthly,250,USD,74750.00,0,Complete,invoice,01/16/2022,2022-10-26,0,1,8
INV-101409,ACC-2111,Gekko Ltd,,LATAM,Manufacturing,PRO,yearly,50,GBP,62865.00,0,Complete,Credit Card,Mar 6 2021,01/14/2023,false,4,0
INV-104971,ACC-9114,Gekko Ltd,billing@gekko.com,APAC,Gaming,enterprise ,yearly,5,GBP,"£17,087.85",10,Paid,Credit Card,2022-01-19,2023/01/23,N,4,1
INV-101040,ACC-2853,Hooli Partners,,APAC,Healthcare, Starter ,annually,50,USD,22050.00,10,Paid,,2024-01-15,08/07/2025,FALSE,5,0
INV-101055,ACC-5160,Wonka Holdings,billing@wonka.com,EMEA,Media,Enterprise,Monthly,100,USD,29900.00,0,FAILED,invoice,2021-09-06,2024-03-09,false,4,3
INV-100857,ACC-1278,Prestige Labs,billing@prestige.com,LATAM,Retail,pro,annual,25,EUR,"€26,730.00",0,Paid,Wire Transfer,2021/04/04,09/24/2023,N,4,8
INV-104943,ACC-6930,Prestige LLC,billing@prestige.com,NA,Travel,starter,Monthly,5,USD,245.00,0,void,wire,11/04/2023,2025-03-05,No,5,5
INV-101853,ACC-3517,Umbrella Group,billing@umbrella.com,EMEA,Fintech,Starter,monthly,50,USD,2450.00,0,paid,credit_card,12/10/2023,2025-02-07,false,,2
INV-104891,ACC-8406,Tyrell Inc,billing@tyrell.com,APAC,Gaming,ENT,monthly,25,EUR,"7,265.70 EUR",10,paid,,07/28/2021,2021-09-19,N,3,0
INV-100985,ACC-4601,Globex Co,billing@globex.com,NA,Gaming,Enterprise ,annually,10,USD,-29900,0,Refunded,,2021/10/06,2022-11-07,0,4,3
INV-100337,ACC-7997,Globex Ltd,billing@globex.com,APAC,Energy,PRO,annually,3,USD,"$2,970.00",0,Complete,invoice,2021-04-08,Oct 11 2021,Yes,1,0
INV-104090,ACC-5330,Initech Co,billing@initech.com,LATAM,Media,starter,monthly,250,USD,10412.50,15,success,wire,2021-08-18,03/29/2023,true,3,0
INV-103619,ACC-2859,Hooli Inc,,EMEA,Travel,Pro,annual,3,GBP,"£3,771.90",0,PAID,ACH,2022-02-13,09/16/2024,0,4,0
INV-103766,ACC-1672,Massive Dynamic Corp,billing@massive.com,LATAM,Travel,starter,annual,10,USD,4900.00,0,cancelled,ACH,2021/08/25,2021/09/23,0,5,0
INV-101500,ACC-3227,Cyberdyne Partners,billing@cyberdyne.com,EMEA,Energy,PRO,Monthly,10,USD,$990.00,0,error,,2024-05-29,08/26/2026,false,5,1
INV-102737,ACC-2310,Hooli Inc,billing@hooli.com,EMEA,Energy,starter,Annual,10,USD,4410.00,10,paid,credit_card,2021-06-11,Jun 1 2023,FALSE,4,0
INV-101123,ACC-1445,Wonka Ltd,billing@wonka.com,LATAM,Fintech,STARTER,annually,250,USD,"$110,250.00",10,success,ach,Dec 17 2022,2024-02-06,1,,0
INV-104738,ACC-1544,Oscorp Ltd,billing@oscorp.com,LATAM,,STARTER,annual,3,EUR,1428.84,10,declined,Credit Card,2023-02-16,03/29/2023,FALSE,5,0
INV-104851,ACC-3755,Wayne Partners,billing@wayne.com,LATAM,Media,Tier 1,annual,250,USD,122500.00,0,paid,Credit Card,2023/09/30,2025-10-03,No,2,3
INV-103214,ACC-2742,Aperture Corp,billing@aperture.com,EMEA,Healthcare,Professional,annual,50,USD,49500.00,0,Void,,09/15/2021,2022-12-10,N,4,0
INV-103376,ACC-2773,Nakatomi Inc,billing@nakatomi.com,NA,Media,Tier 2,monthly,1,USD,79.20,20,completed,Credit Card,2021-01-27,2022/05/13,No,3,0
INV-104181,ACC-2976,Stark Holdings,billing_at_stark.com,NA,Retail,Start,Annual,250,USD,"122,500.00 USD",0,completed,wire,2023/03/12,2025/12/04,false,5,0
INV-103931,ACC-8771,Wonka Corp,billing@wonka.com,APAC,Healthcare,starter,annually,3,USD,1470.00,0,paid,credit_card,02/10/2024,2024-08-03,0,5,0
INV-100488,ACC-8844,Globex Co,billing@globex.com,EMEA,Manufacturing,starter,Annual,1,USD,490.00,0,pending,credit_card,Jun 14 2024,2025-06-28,No,3,0
INV-104905,ACC-9248,Dunder Co,billing@dunder.com,EMEA,Retail,pro,monthly,250,USD,19800,20,Complete,invoice,2021-12-13,08/08/2023,FALSE,5,2
INV-101451,ACC-7175,Prestige Labs,billing@prestige.com,LATAM,Travel,Start,annually,10,USD,4165.00,15,PAID,invoice,Jun 26 2023,2024-04-04,false,4,0
INV-102325,ACC-9276,Massive Dynamic Labs,billing@massive.com,APAC,Gaming, Starter ,monthly,100,GBP,"£6,223.00",0,PENDING,invoice,2022-10-08,05/28/2025,false,2,2
INV-104773,ACC-6056,Initech Labs,billing@initech.com,LATAM,Retail,Tier 3,Monthly,10,USD,2990.00,0,success,Credit Card,2023-10-05,04/16/2024,FALSE,3,0
INV-101547,ACC-2668,Initech Holdings,billing@initech.com,EMEA,Fintech, Starter ,annually,1,USD,$441.00,10,PAID,ACH,2023/02/05,2023-04-15,N,5,0
INV-100732,ACC-8904,Globex Industries,billing@globex.com,APAC,,Tier 1,Monthly,250,USD,12250.00,0,failed,Wire Transfer,2023/05/02,2025/10/04,0,,3
INV-102865,ACC-1104,Acme Group,billing@acme.com,EMEA,Healthcare, Starter ,monthly,25,USD,"$1,225.00",0,PAID,ach,06/21/2024,2025-07-13,0,5,3
INV-101711,ACC-1966,Soylent LLC,billing@soylent.com,LATAM,Retail, Starter ,monthly,10,USD,490.00,0,paid,Wire Transfer,01/17/2023,2025-01-31,No,5,0
INV-104479,ACC-7572,Wayne Co,billing@wayne.com,LATAM,Gaming,Professional,Annual,5,USD,"$4,950.00",0,paid,ACH,2023-12-08,06/09/2025,No,,1
INV-104660,ACC-5876,Tyrell Industries,billing@tyrell.com,APAC,Travel,Tier 3,annual,10,EUR,32292.00,0,paid,,2022/10/25,2023/01/04,N,4,1
INV-103051,ACC-9294,Tyrell Labs,billing@tyrell.com,LATAM,Travel,Tier 2,Monthly,50,EUR,5346.00,0,VOID,invoice,2023-06-28,2023-11-17,No,,0
INV-101044,ACC-2206,Soylent Industries,billing@soylent.com,LATAM,Travel,Pro,Monthly,3,USD,222.75,25,Paid,Credit Card,2023-07-11,18-11-2025,Yes,4,2
INV-101257,ACC-6386,Oscorp LLC,billing@oscorp.com,EMEA,Fintech,enterprise ,Monthly,25,USD,"$6,727.50",10,PAID,Credit Card,01/29/2024,2024-07-21,No,4,0
INV-104370,ACC-7987,Aperture Partners,billing@aperture.com,LATAM,Travel,Enterprise,monthly,3,USD,897.00,0,FAILED,,2022/11/26,2024/10/22,false,4,1
INV-102555,ACC-6476,Cyberdyne Partners,billing@cyberdyne.com,LATAM,Retail,STARTER,annually,50,USD,24500.00,0,Paid,credit_card,18-04-2021,May 26 2021,N,4,1
INV-103956,ACC-4942,Wayne LLC,billing@wayne.com,LATAM,Healthcare,Enterprise ,Annual,25,USD,"56,062.50 USD",25,success,wire,06/21/2023,2024-09-25,Yes,4,0
INV-100098,ACC-5090,Soylent Corp,billing@soylent.com,APAC,Energy,STARTER,yearly,10,USD,4900.00,0,success,credit_card,Jul 15 2023,2023/09/30,false,2,0
INV-102034,ACC-6341,Umbrella Inc,billing@umbrella.com,LATAM,Education,Pro,annually,250,USD,247500.00,0,completed,ach,2023-01-02,12/31/2024,N,,0
INV-104922,ACC-4719,Tyrell Industries,billing@tyrell.com,LATAM,Travel,pro,yearly,250,USD,247500.00,0,declined,ach,2023-03-10,2024/07/16,FALSE,5,8
INV-102960,ACC-3328,Pied Piper Partners,billing@pied.com,NA,Energy,Start,monthly,5,EUR,264.60,0,failed,,11-05-2023,2024-11-05,false,,0
INV-104412,ACC-9227,Hooli Group,billing@hooli.com,EMEA,Gaming,Enterprise,annual,3,USD,8970.00,0,paid,Credit Card,08-07-2023,2025-09-08,false,2,1
INV-100826,ACC-4279,Umbrella Industries,billing@umbrella.com,NA,Media,Pro ,monthly,10,GBP,"£1,257.30",0,paid,credit_card,May 17 2021,2022/03/09,N,,0
INV-104768,ACC-6183,Nakatomi Co,billing@nakatomi.com,EMEA,Logistics,enterprise,Annual,3,USD,"$8,970.00",0,Complete,Wire Transfer,06/12/2022,08/21/2024,N,4,0
INV-104150,ACC-5685,Wayne LLC,billing@wayne.com,EMEA,Manufacturing,starter,Monthly,25,USD,1225.00,0,PAID,wire,2022-08-19,09/16/2024,TRUE,1,1
INV-100394,ACC-8040,Aperture Corp,billing@aperture.com,EMEA,Education,Tier 2,Monthly,5,USD,495.00 USD,0,PAID,credit_card,04-12-2022,2024-02-24,FALSE,3,0
INV-103941,ACC-3616,Prestige Ltd,billing@prestige.com,LATAM,Media,Starter,Monthly,3,GBP,£186.69,0,completed,Wire Transfer,Sep 9 2021,2023/09/24,FALSE,4,0
INV-103201,ACC-2096,Gekko Co,billing@gekko.com,NA,Travel,Start,Annual,250,USD,122500.00,0,Complete,invoice,2024-01-09,2026-04-03,FALSE,5,8
INV-100715,ACC-2211,Oscorp Inc,billing@oscorp.com,APAC,Healthcare,Starter,annual,100,EUR,52920.00,0,canceled,ACH,Aug 1 2021,Mar 25 2023,No,5,0
INV-103865,ACC-8173,Nakatomi Ltd,billing@nakatomi.com,EMEA,Education,Professional,Annual,250,USD,247500.00,0,Complete,ach,2024-08-24,07/11/2025,FALSE,3,0
INV-101915,ACC-1452,Gekko Holdings,billing@gekko.com,EMEA,Media,enterprise,Monthly,100,USD,29900.00,0,Complete,Credit Card,09/21/2023,05/16/2025,No,1,0
INV-102082,ACC-3643,Acme Corp,billing@acme.com,NA,Education,Professional,annually,5,USD,"4,950.00 USD",0,Pending,ACH,2024-09-27,2025-02-24,No,2,0
INV-100361,ACC-8167,Aperture Holdings,billing@aperture.com,APAC,Education,Pro ,monthly,3,USD,$297.00,0,Complete,invoice,2024-07-01,Feb 5 2027,false,5,2
INV-100879,ACC-1228,Acme Holdings,,LATAM,Manufacturing,PRO,yearly,10,USD,9900.00,0,completed,Credit Card,2023-12-19,Mar 21 2026,No,1,0
INV-104787,ACC-7009,Nakatomi Labs,billing@nakatomi.com,NA,Energy,Starter,annually,10,USD,4900.00,0,success,credit_card,09/13/2022,2024-10-16,0,4,0
INV-100709,ACC-5597,Cyberdyne Corp,billing@cyberdyne.com,NA,Fintech,Tier 1,monthly,1,USD,$39.20,20,cancelled,Wire Transfer,May 12 2021,2022-08-31,N,1,0
INV-103549,ACC-2094,Stark Corp,billing@stark.com,EMEA,Education, Starter ,Monthly,50,USD,"$2,450.00",0,paid,invoice,2021-04-27,2023-04-14,false,3,1
INV-101590,ACC-4846,Dunder Corp,billing@dunder.com,APAC,Energy,Pro ,annually,25,USD,22275.00,10,completed,Credit Card,07/07/2021,2022-03-10,false,1,0
INV-102494,ACC-9290,Soylent Industries,billing@soylent.com,NA,Travel, Starter ,Annual,3,USD,"$1,470.00",0,PAID,ACH,10/10/2022,2022-12-18,Yes,3,0
INV-101225,ACC-9950,Dunder Ltd,billing@dunder.com,APAC,, Starter ,monthly,1,USD,$49.00,0,error,ach,2021/06/10,Sep 13 2021,1,3,0
INV-104811,ACC-5616,Initech Ltd,billing@initech.com,EMEA,Fintech,STARTER,Monthly,10,EUR,€529.20,0,Paid,Wire Transfer,Apr 19 2022,2024-11-02,No,3,0
INV-102993,ACC-2776,Globex Partners,billing@globex.com,EMEA,Gaming,Starter,Annual,100,EUR,"52,920.00 EUR",0,awaiting,Wire Transfer,2023/07/25,2024/07/15,true,4,0
INV-104154,ACC-4467,Globex LLC,billing@globex.com,NA,Gaming,Tier 3,annual,250,USD,635375.00,15,paid,Wire Transfer,2024-09-28,2025-11-23,Y,5,0
INV-101735,ACC-3071,Oscorp Labs,billing@oscorp.com,EMEA,Energy,starter,yearly,250,USD,"122,500.00 USD",0,paid,ACH,09/02/2022,2025/04/20,0,2,2
INV-101126,ACC-3883,Prestige Ltd,billing@prestige.com,EMEA,Gaming,Starter,yearly,5,USD,-2082.50,15,REFUND,credit_card,2024-06-10,2025-03-16,false,5,2
INV-103927,ACC-5798,Pied Piper Industries,billing@pied.com,APAC,Manufacturing,Starter,monthly,10,GBP,£622.30,0,Void,invoice,16-02-2023,09/26/2023,0,4,0
INV-102881,ACC-2963,Pied Piper Corp,billing@pied.com,LATAM,Fintech,ENT,Annual,3,USD,8970.00,0,Paid,,2021-10-18,2022-05-24,FALSE,1,0
INV-101566,ACC-5032,Wonka Inc,billing@wonka.com,LATAM,Media,pro,annually,100,USD,99000.00,0,Pending,,Oct 25 2021,2023-06-24,0,4,3
INV-102895,ACC-2350,Hooli Group,billing@hooli.com,LATAM,Gaming,Starter,annual,10,USD,4410,10,success,credit_card,12/05/2022,2025-07-27,FALSE,4,2
INV-103187,ACC-8650,Hooli Inc,billing@hooli.com,APAC,Manufacturing,Pro,Monthly,5,EUR,534.60,0,paid,invoice,06/07/2024,2026-12-19,No,5,0
INV-103249,ACC-5033,Dunder LLC,billing@dunder.com,NA,, Starter ,Annual,100,EUR,47628.00,10,canceled,wire,2024-04-21,2024-10-12,false,2,1
INV-102453,ACC-4639,Stark Ltd,billing@stark.com,LATAM,Manufacturing, Starter ,Monthly,10,USD,490.00,0,cancelled,Wire Transfer,11/16/2023,03/15/2025,N,4,0
INV-103155,ACC-1223,Globex Holdings,billing@globex.com,APAC,Gaming,starter,monthly,10,USD,490,0,declined,invoice,2023/05/21,Oct 9 2025,FALSE,3,0
INV-102391,ACC-6175,Vandelay LLC,billing@vandelay.com,EMEA,Gaming,pro,Monthly,250,USD,"$24,750.00",0,in_review,wire,2023-03-19,2025-09-05,false,2,3
INV-103321,ACC-2614,Vandelay LLC,billing@vandelay.com,APAC,Gaming,Starter,annual,5,EUR,"€2,646.00",0,Paid,Wire Transfer,2024/01/11,2024/06/03,FALSE,2,0
INV-100126,ACC-3167,Acme Co,billing@acme.com,LATAM,Travel,Tier 2,Monthly,1,USD,99.00,0,VOID,Wire Transfer,02/11/2023,07/02/2025,No,4,0
INV-102802,ACC-8865,Aperture Ltd,billing@aperture.com,APAC,Retail,enterprise ,Monthly,1,USD,$269.10,10,Complete,wire,2023/04/28,12/12/2023,N,4,0
INV-104878,ACC-7057,Umbrella Inc,billing@umbrella.com,APAC,, Starter ,Monthly,3,EUR,158.76,0,paid,Wire Transfer,2022-05-28,2023-06-30,0,4,0
INV-103939,ACC-7282,Wayne Holdings,billing@wayne.com,NA,Logistics,Tier 1,annual,100,USD,49000.00,0,Complete,ach,2022-08-30,2024-08-11,false,4,1
INV-101381,ACC-5458,Soylent Industries,billing@soylent.com,NA,,Tier 3,Monthly,1,USD,269,10,paid,credit_card,02-03-2023,Jul 5 2023,0,5,0
INV-101438,ACC-9084,Wayne Partners,billing@wayne.com,LATAM,Education,Tier 2,Annual,3,EUR,3207.60,0,failed,Wire Transfer,2024-08-13,12/17/2024,Y,1,0
INV-102579,ACC-8054,Pied Piper Partners,billing@pied.com,LATAM,Education,Enterprise ,monthly,25,USD,7475.00,0,PENDING,invoice,2023-06-24,25-10-2025,false,3,5
INV-102172,ACC-7707,Wonka Partners,billing@wonka.com,LATAM,Manufacturing,Pro,monthly,50,USD,3960.00,20,completed,invoice,2021-12-21,2022-07-21,false,5,0
INV-100888,ACC-2575,Initech Labs,billing@initech.com,LATAM,Retail,starter,monthly,250,USD,12250.00,0,Failed,credit_card,Jul 1 2021,2021-07-30,N,5,0
INV-101332,ACC-1959,Umbrella Co,billing@umbrella.com,NA,Gaming,enterprise ,annual,250,USD,598000.00,20,Paid,Credit Card,2022-06-06,2022-07-30,true,3,1
INV-102187,ACC-7529,Stark Co,billing@stark.com,LATAM,Manufacturing,Enterprise ,monthly,10,USD,2990.00,0,pending,,2022/11/12,2025-05-31,FALSE,4,0
INV-103007,ACC-3661,Pied Piper Holdings,billing@pied.com,EMEA,Energy,enterprise,monthly,250,EUR,72657,10,completed,ach,2024-02-24,2025/08/31,true,5,1
INV-104519,ACC-8489,Soylent Inc,billing@soylent.com,LATAM,Travel,STARTER,Annual,25,EUR,13230.00,0,completed,ach,2023-03-21,2023-12-28,false,4,0
INV-103602,ACC-4499,Pied Piper Inc,billing@pied.com,NA,Logistics,Start,annually,10,USD,"$4,900.00",0,paid,wire,2024-08-26,11/03/2026,0,3,1
INV-100776,ACC-4927,Nakatomi Inc,billing@nakatomi.com,NA,Healthcare,Starter,annual,250,GBP,116681.25,25,paid,credit_card,2022-02-17,Jun 4 2022,0,5,0
INV-104835,ACC-8738,Dunder Group,billing@dunder.com,APAC,, Starter ,annual,3,USD,1470,0,Paid,Credit Card,12/13/2021,Feb 28 2023,0,1,1
INV-103658,ACC-5622,Pied Piper Co,billing@pied.com,NA,Travel,Enterprise ,annual,50,EUR,161460.00,0,Complete,Wire Transfer,2021-06-05,2021-06-30,N,5,0
INV-104455,ACC-2955,Soylent Group,billing@soylent.com,EMEA,Energy,Pro,monthly,10,EUR,1069.20,0,Void,Credit Card,2024-04-11,08/15/2024,0,5,0
INV-101567,ACC-9354,Pied Piper Corp,billing@pied.com,EMEA,Travel,STARTER,Monthly,3,USD,-147.00,0,refunded,wire,2024-05-06,2025-12-13,FALSE,4,0
INV-101069,ACC-6074,Massive Dynamic Inc,billing@massive.com,NA,Manufacturing,Starter,yearly,250,USD,"104,125.00 USD",15,pending,Wire Transfer,2023/03/03,2024-06-09,Yes,5,5
INV-100923,ACC-7646,Initech Industries,billing@initech.com,NA,,Tier 1,monthly,25,EUR,"€1,323.00",0,success,Credit Card,Jul 17 2022,12/26/2023,No,5,0
INV-102368,ACC-8696,Umbrella Inc,billing@umbrella.com,APAC,Media,Enterprise ,annual,100,USD,"299,000.00 USD",0,PAID,credit_card,11/04/2022,2025-06-14,N,2,0
INV-102396,ACC-1786,Vandelay Co,billing@vandelay.com,APAC,Manufacturing,Starter,annually,1,USD,392,20,Void,,12/19/2023,2026-08-19,N,4,5
INV-100291,ACC-4594,Globex Co,billing@globex.com,NA,,enterprise ,Monthly,10,USD,2691.00,10,success,Credit Card,2022-11-10,2025-02-13,N,3,0
INV-101595,ACC-9288,Cyberdyne Group,billing@cyberdyne.com,EMEA,Energy,Tier 1,monthly,250,EUR,9922.50,25,Paid,wire,2024-06-06,2025-07-10,No,4,0
INV-104258,ACC-3345,Aperture Partners,billing@aperture.com,LATAM,Travel,Tier 1,annually,10,USD,4900,0,paid,ach,10/05/2024,2026/07/10,0,5,5
INV-102181,ACC-3609,Stark Industries,,EMEA,Education,STARTER,yearly,3,USD,1470,0,awaiting,,2022-09-13,28-01-2025,FALSE,,1
INV-103618,ACC-5246,Acme Ltd,billing@acme.com,APAC,Manufacturing,Start,annual,100,USD,-49000.00,0,REFUND,Credit Card,2023-08-09,2025/08/31,No,4,0
INV-103605,ACC-8407,Massive Dynamic Labs,billing@massive.com,LATAM,Logistics,Tier 1,annual,10,USD,"4,900.00 USD",0,failed,,May 13 2022,2024-12-08,FALSE,1,8
INV-103526,ACC-7118,Initech Labs,billing@initech.com,NA,Energy,PRO,yearly,25,USD,-19800.00,20,REFUND,invoice,2021-09-07,05/01/2024,0,4,0
INV-104843,ACC-8403,Cyberdyne Holdings,billing@cyberdyne.com,NA,Gaming,STARTER,Monthly,25,USD,918.75 USD,25,Paid,invoice,2023-03-19,2024-11-12,N,3,0
INV-104019,ACC-9436,Globex Holdings,billing@globex.com,LATAM,Fintech,Pro ,yearly,100,USD,99000.00,0,paid,,2024/04/23,2026/01/18,Yes,3,1
INV-101533,ACC-5961,Acme Inc,billing@acme.com,EMEA,Media,Starter,monthly,25,EUR,1323,0,PAID,,08-07-2024,08/28/2025,1,,0
INV-100794,ACC-3723,Hooli Co,billing@hooli.com,LATAM,Energy,PRO,Monthly,25,USD,"$2,475.00",0,awaiting,credit_card,2023-07-17,07/26/2025,true,5,2
INV-101416,ACC-7501,Umbrella Labs,billing@umbrella.com,APAC,Retail,Enterprise ,Monthly,25,EUR,"€6,054.75",25,paid,wire,2023-07-07,02/15/2025,FALSE,5,1
INV-100741,ACC-8851,Pied Piper LLC,billing@pied.com,APAC,Retail,Start,annual,5,GBP,"£3,111.50",0,Complete,credit_card,05/23/2024,2026-01-02,N,4,0
INV-103311,ACC-4960,Hooli Industries,billing@hooli.com,LATAM,Education,Enterprise,annually,10,USD,"23,920.00 USD",20,Complete,Wire Transfer,2021-07-01,2023-11-13,Y,2,0
INV-104175,ACC-2464,Stark LLC,billing@stark.com,NA,Media,Enterprise,annual,1,USD,2990,0,success,,01/31/2021,2022-09-09,false,3,0
INV-101906,ACC-7087,Acme Inc,,LATAM,Logistics,Starter,yearly,10,EUR,5292.00,0,paid,credit_card,2024/10/09,2026/12/15,false,4,1
INV-104763,ACC-6785,Tyrell Industries,,LATAM,Retail,Pro ,monthly,10,EUR,802,25,PENDING,ACH,09/13/2024,Feb 1 2027,No,5,3
INV-100328,ACC-2080,Prestige Labs,billing@prestige.com,APAC,Travel,Starter,annually,25,USD,12250.00,0,FAILED,Wire Transfer,2023/02/12,Oct 31 2025,N,2,0
INV-103118,ACC-9245,Cyberdyne Inc,billing@cyberdyne.com,EMEA,Gaming,PRO,Monthly,50,EUR,4544.10,15,completed,Credit Card,01/16/2023,2024-10-29,FALSE,2,1
INV-104867,ACC-3689,Aperture Corp,billing@aperture.com,LATAM,Gaming,Pro ,Monthly,1,USD,89.10 USD,10,paid,,2022-05-07,2024-01-24,FALSE,,2
INV-104322,ACC-4731,Aperture Corp,billing@aperture.com,APAC,Healthcare,Professional,Monthly,50,EUR,5346,0,error,invoice,2023-10-17,2024-08-07,0,3,0
INV-104959,ACC-1775,Dunder Industries,billing@dunder.com,LATAM,Retail,ENT,annually,3,EUR,9687.60,0,in_review,ach,10/13/2023,2026-03-11,TRUE,,0
INV-103071,ACC-5689,Globex Labs,billing@globex.com,NA,Gaming,Start,annually,100,USD,49000.00,0,Complete,ach,2024-05-01,2024/10/14,FALSE,,1
INV-102607,ACC-2702,Wayne Partners,billing@wayne.com,APAC,Retail,Enterprise ,monthly,3,GBP,1139.19,0,paid,credit_card,19-02-2023,2024-07-27,N,4,1
INV-102054,ACC-4769,Hooli Holdings,billing@hooli.com,APAC,Media,Enterprise,annually,10,USD,29900.00,0,FAILED,wire,2022-07-04,2024-03-01,false,,1
INV-104232,ACC-4441,Dunder Ltd,billing@dunder.com,LATAM,,pro,yearly,100,EUR,"106,920.00 EUR",0,paid,ach,2024/07/07,2024/09/27,FALSE,1,8
INV-100244,ACC-9052,Wayne Corp,billing@wayne.com,LATAM,Travel,STARTER,annual,50,USD,"$24,500.00",0,completed,Wire Transfer,2024/03/17,2025-07-11,false,,0
INV-100766,ACC-3318,Cyberdyne Ltd,billing_at_cyberdyne.com,APAC,Education,PRO,monthly,5,USD,$495.00,0,failed,wire,2022-02-21,Jan 18 2023,No,4,0
INV-102423,ACC-8336,Umbrella Co,billing@umbrella.com,LATAM,Media,enterprise,Annual,100,USD,239200.00,20,FAILED,Wire Transfer,2022/02/03,2024-03-22,TRUE,5,0
INV-104619,ACC-1099,Massive Dynamic LLC,,APAC,,Tier 2,monthly,50,USD,4950.00,0,declined,ACH,2022/09/09,06/28/2024,Yes,3,0
INV-104276,ACC-7374,Pied Piper Industries,billing@pied.com,APAC,Gaming,STARTER,Monthly,1,EUR,44.98,15,completed,Wire Transfer,2023-09-10,04/05/2024,false,4,3
INV-100942,ACC-1272,Globex Group,billing@globex.com,NA,Education,Tier 2,monthly,10,USD,$-990.00,0,REFUND,ACH,11-05-2021,2023-03-01,FALSE,1,0
INV-101272,ACC-2394,Gekko Corp,billing@gekko.com,EMEA,Travel,Starter,yearly,250,USD,98000.00,20,Complete,ach,05/11/2021,12/19/2021,FALSE,,0
INV-100567,ACC-9682,Wonka Ltd,billing@wonka.com,APAC,Education,enterprise ,monthly,100,GBP,"34,175.70 GBP",10,success,ach,05/10/2023,12/11/2024,N,5,0
INV-104445,ACC-1289,Initech Partners,billing@initech.com,LATAM,Healthcare,Tier 3,annually,10,EUR,"€32,292.00",0,PAID,ACH,04/28/2022,24-11-2024,FALSE,5,2
INV-101482,ACC-9016,Prestige Holdings,billing@prestige.com,EMEA,Media,PRO,monthly,10,USD,990.00,0,PAID,invoice,04-07-2022,2023/10/12,FALSE,1,0
INV-101294,ACC-3566,Pied Piper LLC,billing@pied.com,APAC,Travel,Enterprise,annually,250,USD,"747,500.00 USD",0,success,,Mar 13 2024,2025-05-10,No,3,1
INV-100142,ACC-2744,Acme Ltd,billing@acme.com,APAC,Energy,starter,monthly,1,USD,49.00 USD,0,FAILED,ach,2021/10/27,03/04/2024,TRUE,4,2
INV-104481,ACC-6466,Soylent Ltd,billing@soylent.com,EMEA,Gaming,Enterprise ,annual,10,USD,"$29,900.00",0,paid,,2024-06-30,2025-11-20,N,,0
INV-103011,ACC-8770,Tyrell Co,billing@tyrell.com,LATAM,Gaming,enterprise ,monthly,100,USD,26910.00,10,awaiting,credit_card,2023-07-17,2026-01-11,0,5,0
INV-101409,ACC-2111,Gekko Ltd,,LATAM,Manufacturing,PRO,yearly,50,GBP,62865.00,0,Complete,Credit Card,Mar 6 2021,01/14/2023,false,4,0
INV-100701,ACC-8472,Wayne Partners,billing@wayne.com,LATAM,Travel,PRO,monthly,100,USD,9900.00,0,completed,Credit Card,2022-09-20,2023-08-02,No,4,8
INV-103759,ACC-7223,Prestige LLC,billing@prestige.com,LATAM,Education,Start,monthly,10,USD,490.00,0,Paid,credit_card,2023-06-15,2023-10-24,FALSE,3,0
INV-101320,ACC-6418,Pied Piper Co,billing@pied.com,EMEA,Fintech,STARTER,annual,250,USD,"91,875.00 USD",25,PAID,Wire Transfer,09/01/2024,29-09-2024,0,4,0
INV-102254,ACC-9462,Gekko Co,billing@gekko.com,LATAM,,Tier 1,annual,50,USD,19600.00,20,Complete,ach,Nov 10 2023,2025-09-16,FALSE,3,2
INV-100565,ACC-5130,Nakatomi Inc,billing_at_nakatomi.com,NA,Travel,Start,monthly,5,EUR,264.60,0,Paid,ach,2022-08-12,01/03/2023,No,3,5
INV-101607,ACC-9370,Tyrell Industries,billing_at_tyrell.com,LATAM,Logistics,Pro ,annually,10,USD,9900.00,0,completed,credit_card,2024-08-15,2027-03-09,N,,0
INV-103184,ACC-5655,Cyberdyne Holdings,billing@cyberdyne.com,LATAM,,Pro ,yearly,3,USD,"2,970.00 USD",0,canceled,Wire Transfer,09/11/2023,2024/05/13,FALSE,5,5
INV-104091,ACC-6477,Aperture Co,billing@aperture.com,EMEA,Energy,enterprise ,monthly,1,USD,299,0,success,Wire Transfer,2022-06-11,2023-07-18,Yes,4,8
INV-103839,ACC-9529,Vandelay Inc,billing@vandelay.com,APAC,Manufacturing,PRO,annual,3,USD,2970.00,0,error,Credit Card,2023-07-13,08-03-2025,1,4,0
INV-101913,ACC-3624,Wayne Labs,billing@wayne.com,EMEA,Logistics,pro,Monthly,50,USD,"4,455.00 USD",10,PAID,,Feb 16 2022,2022-05-15,N,2,0
INV-102930,ACC-5963,Acme Holdings,billing@acme.com,LATAM,Fintech,Pro,Monthly,1,USD,99.00,0,PAID,ach,2022-01-14,05/03/2024,TRUE,5,0
INV-103825,ACC-9826,Gekko LLC,billing@gekko.com,LATAM,Manufacturing,enterprise,Annual,5,USD,"$11,212.50",25,cancelled,,Feb 27 2024,2025-06-23,0,4,0
INV-104463,ACC-7539,Aperture Group,billing@aperture.com,APAC,Manufacturing,Tier 1,Monthly,25,USD,1225.00,0,Paid,wire,04/02/2024,10/22/2026,N,3,2
INV-101677,ACC-1974,Tyrell LLC,billing@tyrell.com,EMEA,Media, Starter ,Annual,5,USD,"$2,450.00",0,success,invoice,2021-11-13,09/22/2023,N,3,1
INV-104460,ACC-3182,Globex Ltd,billing@globex.com,EMEA,Gaming,Pro,Monthly,3,EUR,321,0,Complete,Credit Card,2022-08-24,02/10/2024,1,,0
INV-101755,ACC-1233,Umbrella Holdings,billing@umbrella.com,NA,Fintech, Starter ,monthly,3,EUR,€158.76,0,pending,Credit Card,2021-03-10,2021/03/12,Yes,4,0
INV-102804,ACC-2917,Nakatomi Corp,billing@nakatomi.com,EMEA,Education,STARTER,annually,250,USD,"$110,250.00",10,success,wire,03/18/2024,Feb 24 2026,No,2,3
INV-103737,ACC-5191,Massive Dynamic Inc,billing@massive.com,APAC,Manufacturing, Starter ,annual,5,USD,2205.00,10,pending,invoice,2023-11-05,2024-11-05,Yes,3,2
INV-102985,ACC-8786,Wayne Group,billing@wayne.com,LATAM,Fintech,starter,monthly,3,USD,$110.25,25,completed,wire,12/05/2022,2025/06/03,Y,,0
INV-103963,ACC-2679,Initech Inc,billing@initech.com,LATAM,Media,enterprise ,Monthly,25,EUR,"€8,073.00",0,success,Credit Card,2022-11-08,2023-03-10,1,,0
INV-104440,ACC-4241,Pied Piper Corp,billing@pied.com,NA,Energy, Starter ,monthly,10,GBP,£466.73,25,awaiting,wire,16-08-2023,2024-10-01,N,1,1
INV-100718,ACC-6186,Hooli Partners,billing@hooli.com,NA,Fintech,STARTER,yearly,5,USD,1960.00,20,Failed,Wire Transfer,03/07/2024,Aug 11 2024,TRUE,2,0
INV-104873,ACC-5645,Acme Corp,billing@acme.com,EMEA,Manufacturing,Pro,annually,5,USD,"$4,950.00",0,success,Wire Transfer,2023-04-02,Dec 2 2024,0,5,0
INV-102326,ACC-7290,Wayne Group,billing@wayne.com,LATAM,Fintech,ENT,Monthly,50,USD,12707.50,15,awaiting,invoice,2022-05-06,2022-05-13,false,,5
INV-103995,ACC-4868,Massive Dynamic Inc,billing@massive.com,LATAM,Fintech, Starter ,monthly,100,EUR,"€5,292.00",0,pending,,2021-10-18,2022-06-10,N,,2
INV-103901,ACC-3318,Hooli Co,billing@hooli.com,NA,Energy,Tier 1,Monthly,10,EUR,423.36,20,Paid,invoice,2022-12-27,Jul 28 2024,No,5,0
INV-100211,ACC-6653,Hooli Group,billing@hooli.com,LATAM,Retail,STARTER,monthly,3,USD,$132.30,10,Complete,invoice,12/27/2023,22-08-2024,false,,0
INV-102028,ACC-9032,Prestige Labs,,NA,Travel,STARTER,annually,5,EUR,"€2,646.00",0,completed,credit_card,2024-10-07,2027-03-16,0,1,3
INV-100163,ACC-3924,Cyberdyne LLC,billing@cyberdyne.com,EMEA,Travel,STARTER,Annual,10,GBP,"£6,223.00",0,Pending,Credit Card,Feb 13 2022,10/11/2022,0,4,2
INV-104374,ACC-7103,Gekko Corp,billing@gekko.com,NA,Manufacturing,Tier 2,annually,100,EUR,106920.00,0,paid,ach,17-03-2022,11/10/2023,false,5,8
INV-100213,ACC-4163,Wayne Holdings,billing@wayne.com,EMEA,Healthcare,Tier 1,monthly,3,GBP,140.02,25,success,,06/26/2021,2023-11-19,0,4,0
INV-101466,ACC-6706,Cyberdyne Labs,billing@cyberdyne.com,NA,,Pro ,monthly,250,EUR,"€26,730.00",0,completed,ach,2022-08-23,2024/01/03,Yes,3,1
INV-102095,ACC-9373,Pied Piper Holdings,billing@pied.com,NA,Energy,pro,monthly,50,USD,4950.00,0,paid,,2024-09-15,May 11 2027,false,4,0
INV-103985,ACC-3309,Stark Corp,billing@stark.com,LATAM,Logistics,enterprise,annual,100,USD,299000.00,0,paid,credit_card,2021-01-22,01/22/2023,FALSE,,1
INV-100978,ACC-7994,Wonka Partners,billing_at_wonka.com,APAC,Media,Tier 3,annually,50,USD,149500.00,0,Complete,,2021-04-02,2021-12-22,No,5,1
INV-100524,ACC-3893,Acme Labs,billing@acme.com,NA,Energy,Pro,monthly,10,USD,$990.00,0,in_review,invoice,2023-06-30,10/04/2025,No,2,0
INV-101130,ACC-4652,Nakatomi Ltd,billing@nakatomi.com,LATAM,Energy,Enterprise ,Monthly,100,USD,29900.00,0,completed,Wire Transfer,2021-05-22,2022-05-25,No,4,5
INV-103054,ACC-5668,Umbrella Partners,billing@umbrella.com,LATAM,Energy,Starter,Monthly,10,USD,490.00,0,declined,Credit Card,2023-09-30,Mar 20 2024,FALSE,1,0
INV-100828,ACC-8014,Pied Piper Labs,billing@pied.com,NA,Healthcare,Pro,Annual,10,GBP,10058.40,20,completed,credit_card,2021-03-11,2023-01-04,false,4,0
INV-100388,ACC-8925,Aperture LLC,,EMEA,Manufacturing,Start,Annual,5,USD,2450.00,0,completed,,2024-06-18,2026-10-15,FALSE,,3
INV-100757,ACC-8616,Acme Industries,billing@acme.com,NA,Energy,STARTER,monthly,1,USD,36.75,25,completed,ach,02/23/2021,2023-05-21,false,5,0
INV-104008,ACC-4571,Wayne Ltd,billing@wayne.com,EMEA,Media,Pro,Monthly,10,EUR,1069.20,0,success,ach,2021-06-25,09/07/2021,N,,0
INV-101962,ACC-4043,Nakatomi Co,billing@nakatomi.com,APAC,,Enterprise ,annually,5,USD,14950.00,0,paid,Credit Card,05/02/2022,11/10/2022,N,5,0
INV-101657,ACC-1084,Vandelay Inc,billing@vandelay.com,LATAM,Media,Start,monthly,3,USD,117.60,20,completed,invoice,2021-05-02,2023-09-08,N,4,0
INV-101581,ACC-2825,Massive Dynamic Labs,billing@massive.com,NA,Healthcare,Starter,monthly,100,USD,"4,900.00 USD",0,completed,,2023-06-07,2025-10-21,FALSE,,0
INV-103334,ACC-6143,Oscorp Corp,,EMEA,Gaming,enterprise,annual,1,USD,2541.50,15,Paid,Wire Transfer,04/29/2023,2025/07/12,0,1,2
INV-104938,ACC-3081,Aperture Holdings,billing@aperture.com,APAC,Gaming,ENT,annual,1,USD,2990,0,paid,ach,2021-04-16,2023-01-25,Y,2,0
INV-102947,ACC-3454,Acme Holdings,billing@acme.com,APAC,, Starter ,monthly,50,USD,"$2,450.00",0,Paid,Credit Card,Dec 5 2023,2024-12-09,TRUE,5,0
INV-104274,ACC-6964,Dunder Inc,,NA,Education,Start,Monthly,3,USD,147.00,0,awaiting,ACH,2022-10-14,31-10-2023,1,5,0
INV-104764,ACC-5821,Aperture Holdings,billing@aperture.com,LATAM,Media,Starter,Annual,25,USD,10412.50,15,cancelled,,2021/04/23,2023-07-28,N,3,0
INV-104628,ACC-1077,Globex Inc,billing@globex.com,NA,,Enterprise,Monthly,3,USD,$897.00,0,PAID,,2023-12-22,2025-10-02,Yes,,3
INV-103843,ACC-4860,Soylent Corp,billing@soylent.com,EMEA,Education,starter,monthly,50,USD,"2,450.00 USD",0,paid,wire,2024-02-21,01/20/2026,0,3,0
INV-101988,ACC-6733,Hooli Co,billing@hooli.com,NA,Energy,starter,monthly,100,USD,4900,0,success,wire,04/27/2022,11/10/2023,0,3,2
INV-104898,ACC-5171,Wayne Labs,,LATAM,Logistics,Start,annually,10,USD,3920,20,success,ACH,2022-09-19,Nov 16 2024,true,3,0
INV-100566,ACC-8870,Stark Corp,billing@stark.com,APAC,Gaming,starter,Monthly,1,USD,$49.00,0,canceled,credit_card,2021-10-24,13-02-2022,false,4,0
INV-101087,ACC-1644,Hooli LLC,billing@hooli.com,LATAM,,enterprise ,monthly,250,USD,"$74,750.00",0,success,credit_card,12/25/2022,2025-02-12,0,5,1
INV-104921,ACC-7731,Nakatomi Labs,,EMEA,Healthcare,Tier 1,monthly,250,USD,"$10,412.50",15,PENDING,Wire Transfer,2021/08/18,2022-05-06,No,2,0
INV-101330,ACC-5769,Vandelay LLC,,NA,Fintech,Tier 2,monthly,250,USD,"$24,750.00",0,Paid,ach,2024-05-03,2026/11/26,0,3,0
INV-100771,ACC-6995,Wonka Inc,billing@wonka.com,APAC,Healthcare, Starter ,yearly,10,EUR,5292.00,0,PAID,,05/14/2023,2023-08-07,0,4,0
INV-100183,ACC-1807,Pied Piper Partners,billing@pied.com,EMEA,,PRO,yearly,3,EUR,"€3,207.60",0,Paid,Wire Transfer,02/10/2022,06/24/2023,false,5,0
INV-104646,ACC-5039,Stark Inc,billing@stark.com,LATAM,Media,pro,Monthly,25,USD,"$2,475.00",0,Complete,,2022/02/02,2022-11-10,No,4,3
INV-104394,ACC-3713,Vandelay Holdings,billing@vandelay.com,APAC,Logistics,Pro ,annual,10,USD,"$9,900.00",0,completed,Credit Card,03/02/2021,2021/08/10,N,5,0
INV-100219,ACC-2978,Cyberdyne LLC,,LATAM,,Start,Annual,5,USD,2450.00,0,void,Credit Card,2024/07/18,04/06/2026,No,3,2
INV-102384,ACC-9776,Nakatomi Inc,billing@nakatomi.com,LATAM,Retail, Starter ,Annual,100,GBP,"56,007.00 GBP",10,success,wire,2024-02-06,2026-07-16,N,4,8
INV-103678,ACC-4226,Umbrella Corp,billing@umbrella.com,APAC,Education,enterprise ,annual,3,USD,7624.50,15,Complete,invoice,2023/09/21,2025-01-28,FALSE,4,0
INV-101456,ACC-6284,Wayne Inc,billing@wayne.com,NA,Education,Pro,annually,10,GBP,10687.05,15,Paid,ach,Aug 20 2023,2023-12-03,0,3,3
INV-100102,ACC-2420,Gekko Group,billing@gekko.com,NA,Media,enterprise,annually,3,GBP,"£11,391.90",0,Paid,ach,2024/08/13,2024-11-07,false,5,2
INV-102304,ACC-2956,Oscorp Industries,billing@oscorp.com,EMEA,Retail,Start,Monthly,5,USD,245.00,0,Complete,invoice,02/16/2024,2026-03-13,0,5,0
INV-102898,ACC-9289,Wonka Labs,billing@wonka.com,EMEA,Healthcare,starter,annual,5,USD,1960.00,20,success,,2023-08-15,08/07/2025,FALSE,2,0
INV-102156,ACC-2628,Tyrell Partners,,LATAM,Healthcare,Starter,monthly,5,EUR,€264.60,0,Complete,credit_card,2023-11-04,2026-06-12,FALSE,1,3
INV-102208,ACC-9830,Globex Corp,billing@globex.com,NA,Logistics,Pro ,Monthly,5,USD,$396.00,20,PAID,ach,07-09-2024,2026/05/03,false,2,0
INV-102330,ACC-2304,Massive Dynamic Holdings,billing@massive.com,EMEA,Gaming,starter,annually,1,USD,416.50 USD,15,Pending,Credit Card,2022-10-26,Aug 19 2023,0,5,0
INV-100664,ACC-4495,Prestige Partners,billing@prestige.com,EMEA,Media,Enterprise ,Monthly,25,USD,7475.00,0,paid,Credit Card,2021-06-30,2024-03-08,FALSE,5,0
INV-103292,ACC-5470,Acme Co,billing@acme.com,APAC,Media,enterprise,monthly,50,EUR,16146.00,0,Paid,ACH,15-12-2023,2024-01-31,N,3,0
INV-104119,ACC-3760,Wayne Group,billing@wayne.com,NA,Manufacturing,Tier 1,monthly,5,USD,245.00,0,completed,Wire Transfer,2023-03-03,2024/07/15,false,4,1
INV-102530,ACC-8211,Pied Piper Co,billing@pied.com,NA,Travel,ENT,annual,25,USD,67275.00,10,completed,,01/11/2021,2022-07-19,N,5,0
INV-101511,ACC-6887,Stark Labs,billing@stark.com,EMEA,Media,STARTER,monthly,1,USD,49.00,0,paid,,2023-04-25,2024-01-10,false,4,3
INV-100482,ACC-1635,Gekko Inc,billing@gekko.com,LATAM,Gaming,Enterprise,annual,10,USD,"$29,900.00",0,completed,Credit Card,07/24/2021,2022-12-15,FALSE,3,0
INV-103371,ACC-5112,Wonka Inc,billing@wonka.com,LATAM,Travel, Starter ,Monthly,250,EUR,13230.00,0,Paid,invoice,2024/07/28,01/01/2026,N,,0
INV-103987,ACC-6742,Stark Holdings,billing@stark.com,LATAM,Logistics,Pro ,yearly,10,EUR,10692,0,cancelled,Wire Transfer,2021-08-07,2023/03/03,No,2,0
INV-104559,ACC-2584,Dunder Group,billing@dunder.com,EMEA,Gaming,enterprise,Monthly,5,EUR,1614.60,0,paid,Credit Card,12/31/2022,2024-06-08,0,4,0
INV-100209,ACC-6431,Pied Piper Partners,billing@pied.com,APAC,,STARTER,monthly,10,USD,441.00,10,PAID,ACH,02/29/2024,Nov 21 2024,Yes,5,1
INV-102911,ACC-5980,Cyberdyne Corp,billing@cyberdyne.com,NA,Media,Tier 1,yearly,50,USD,20825.00,15,completed,invoice,2021-04-15,2022-08-06,N,5,2
INV-102072,ACC-9328,Initech Inc,billing@initech.com,EMEA,Healthcare,Tier 2,monthly,50,GBP,-6286.50,0,Refunded,Wire Transfer,2023/07/03,2026-02-16,FALSE,4,0
INV-100702,ACC-1541,Stark Industries,billing@stark.com,NA,Travel,starter,Annual,25,USD,12250.00,0,success,invoice,2022-07-12,2024-02-10,No,3,1
INV-100457,ACC-8060,Vandelay LLC,billing@vandelay.com,LATAM,,Enterprise ,Monthly,100,USD,29900.00,0,PAID,ACH,2023-06-05,2025-12-01,Yes,5,1
INV-104968,ACC-6317,Wayne Labs,billing@wayne.com,LATAM,Media,Enterprise,Monthly,1,EUR,€290.63,10,Paid,invoice,2021-10-31,2024-01-05,FALSE,3,0
INV-101163,ACC-4401,Wayne Corp,billing@wayne.com,LATAM,Healthcare,Starter,annual,10,USD,"$4,900.00",0,Paid,credit_card,2024-07-18,2026-04-20,false,5,2
INV-104695,ACC-7013,Aperture Corp,billing@aperture.com,EMEA,Gaming, Starter ,Monthly,5,USD,$196.00,20,error,ACH,07/04/2024,2026-04-29,FALSE,4,0
INV-102418,ACC-1343,Globex Group,billing@globex.com,LATAM,Healthcare, Starter ,Monthly,25,USD,1225.00,0,failed,credit_card,2023-08-15,02/14/2025,TRUE,5,0
INV-101999,ACC-7183,Wonka Group,billing@wonka.com,APAC,Travel,STARTER,annual,5,USD,2450,0,success,ACH,2024-08-17,2025-09-25,N,3,0
INV-102035,ACC-9983,Nakatomi Ltd,,NA,Energy,Pro,yearly,1,GBP,1257.30,0,Pending,ACH,2021-06-15,Feb 17 2023,N,,1
INV-103242,ACC-1168,Aperture Inc,billing@aperture.com,EMEA,Retail,Tier 2,monthly,100,USD,9900,0,success,invoice,2022-11-07,2023/12/25,0,4,0
INV-104607,ACC-7852,Cyberdyne Inc,billing@cyberdyne.com,EMEA,Gaming,Pro ,Annual,50,EUR,48114.00,10,in_review,ach,12/01/2023,2025-01-06,N,2,0
INV-102765,ACC-8437,Tyrell Group,billing@tyrell.com,APAC,Fintech,Enterprise,annual,5,USD,14950.00,0,Complete,wire,06/19/2023,03/17/2024,FALSE,5,5
INV-104739,ACC-1026,Vandelay LLC,billing@vandelay.com,EMEA,Manufacturing,starter,yearly,25,USD,-12250.00,0,charged_back,Credit Card,2024-09-23,2026-03-09,false,3,0
INV-100465,ACC-7500,Wonka Corp,billing@wonka.com,APAC,Logistics,Tier 1,annually,100,USD,-49000.00,0,charged_back,Wire Transfer,2022/03/16,06/23/2023,N,5,0
INV-103497,ACC-9380,Oscorp Industries,,LATAM,Media,Enterprise,monthly,3,USD,$672.75,25,Paid,invoice,04/13/2024,2026-12-09,false,5,1
INV-101800,ACC-6100,Aperture Corp,billing@aperture.com,EMEA,Logistics,Tier 3,annually,25,USD,74750.00,0,PAID,invoice,Oct 3 2024,2026/09/11,FALSE,,0
INV-100421,ACC-4798,Hooli Inc,billing@hooli.com,APAC,Gaming,Enterprise,monthly,5,USD,1196.00,20,paid,invoice,2021-04-17,2021-09-04,0,5,2
INV-100425,ACC-7821,Acme Labs,billing@acme.com,EMEA,Retail,enterprise ,monthly,1,EUR,€322.92,0,success,Credit Card,2021-12-20,03/19/2023,true,5,0
INV-100020,ACC-8449,Cyberdyne Group,billing@cyberdyne.com,EMEA,Retail,Start,annually,10,EUR,5292.00,0,success,,12/18/2022,08/04/2023,FALSE,1,0
INV-102138,ACC-9075,Wayne Ltd,billing@wayne.com,LATAM,Retail,enterprise ,annually,1,USD,"2,990.00 USD",0,completed,Wire Transfer,11/20/2023,2024/07/27,0,5,0
INV-101646,ACC-8870,Initech Corp,billing@initech.com,LATAM,Education, Starter ,monthly,10,USD,490.00 USD,0,completed,ACH,Nov 13 2021,2021/12/03,Yes,,0
INV-102996,ACC-9822,Hooli Ltd,billing@hooli.com,LATAM,Manufacturing,pro,annual,50,USD,"$49,500.00",0,success,wire,2023-04-15,Dec 31 2025,1,4,1
INV-102424,ACC-5435,Gekko Holdings,billing@gekko.com,EMEA,Education,Enterprise,annually,25,USD,"74,750.00 USD",0,failed,Credit Card,2021-03-05,2021-03-15,false,5,2
INV-103380,ACC-7345,Cyberdyne Holdings,billing@cyberdyne.com,LATAM,Education,Tier 1,monthly,25,USD,"$1,225.00",0,success,ACH,08/28/2023,2024-06-17,TRUE,4,1
INV-100287,ACC-8863,Umbrella Inc,billing@umbrella.com,NA,Energy,Starter,Annual,25,USD,10412.50,15,PAID,credit_card,Nov 15 2022,2024-04-30,false,2,0
INV-100526,ACC-4316,Globex Group,billing@globex.com,EMEA,Energy,starter,Monthly,50,USD,2450.00,0,failed,,06/29/2022,2024-02-18,FALSE,4,1
INV-103792,ACC-9564,Nakatomi Corp,billing@nakatomi.com,EMEA,Logistics,Pro ,Monthly,250,EUR,26730.00,0,PENDING,Credit Card,2022-07-28,2024/04/16,1,4,0
INV-102468,ACC-1299,Cyberdyne Inc,,APAC,Gaming,Pro ,monthly,1,USD,99.00,0,awaiting,invoice,2023-05-14,2024-03-19,No,5,0
INV-102026,ACC-7246,Soylent Holdings,billing@soylent.com,LATAM,,Tier 1,Annual,250,GBP,"£155,575.00",0,PAID,,04-01-2023,2023-03-31,No,3,0
INV-103973,ACC-8452,Stark LLC,billing@stark.com,NA,Travel,Enterprise ,yearly,25,GBP,94932.50,0,paid,Wire Transfer,01/19/2021,2023-10-07,FALSE,5,2
INV-104141,ACC-2664,Hooli Labs,billing@hooli.com,APAC,Energy,Start,monthly,10,USD,490.00,0,success,ACH,2023-03-04,2024-06-30,false,4,0
INV-101047,ACC-4650,Aperture Holdings,billing@aperture.com,NA,Retail,enterprise ,monthly,1,EUR,€322.92,0,completed,credit_card,08/05/2024,2025-06-04,Yes,5,0
INV-100588,ACC-5980,Umbrella Group,billing@umbrella.com,NA,Retail,Enterprise,Annual,250,USD,598000.00,20,success,credit_card,12/19/2023,2024-05-06,No,3,0
INV-104595,ACC-2522,Prestige Co,billing@prestige.com,APAC,Media,Tier 1,Monthly,50,USD,2450.00,0,Complete,ach,2023-04-16,2024-01-31,No,3,0
INV-100779,ACC-4322,Soylent Corp,billing@soylent.com,NA,Fintech,Tier 2,yearly,50,USD,49500.00,0,Paid,Wire Transfer,2022/04/10,05/21/2022,N,,0
INV-100397,ACC-5572,Initech Inc,,APAC,Retail,Enterprise ,Monthly,100,USD,"$29,900.00",0,Paid,Wire Transfer,Sep 13 2024,Nov 28 2025,N,4,0
INV-101700,ACC-4011,Pied Piper Labs,billing@pied.com,APAC,Manufacturing,Pro ,yearly,250,EUR,267300,0,FAILED,credit_card,01/06/2024,2026-02-15,0,,0
INV-104578,ACC-4216,Aperture Industries,billing@aperture.com,LATAM,Logistics,Tier 2,Monthly,100,USD,9900.00,0,cancelled,Credit Card,2022-09-02,09-02-2023,false,5,0
INV-101620,ACC-7783,Prestige Corp,billing@prestige.com,APAC,Logistics,Starter,yearly,10,GBP,"£6,223.00",0,Complete,invoice,Aug 3 2023,02/04/2025,FALSE,,0
INV-100892,ACC-9740,Vandelay Holdings,billing@vandelay.com,LATAM,Retail,PRO,annual,1,EUR,"€1,069.20",0,cancelled,Credit Card,2022/03/20,2022-04-27,Yes,4,5
INV-101698,ACC-4967,Wonka Labs,billing@wonka.com,NA,,Starter,Annual,3,EUR,"€1,587.60",0,Void,wire,Aug 11 2021,2021-12-25,FALSE,3,0
INV-100299,ACC-6387,Pied Piper LLC,billing@pied.com,APAC,Manufacturing,Professional,monthly,10,USD,$841.50,15,paid,Credit Card,05/20/2024,2025-10-02,true,3,3
INV-101902,ACC-6831,Stark Industries,billing@stark.com,APAC,Healthcare,ENT,monthly,5,USD,1121.25,25,completed,ach,2022-09-26,2023-07-09,N,,0
INV-101140,ACC-7532,Wonka Labs,billing@wonka.com,NA,Logistics,STARTER,annual,3,USD,1470.00,0,success,ach,2024/02/28,2024/06/01,false,5,8
INV-101467,ACC-7667,Stark Holdings,billing@stark.com,LATAM,Energy,starter,monthly,1,USD,49.00 USD,0,success,Credit Card,2022-07-14,07/01/2024,0,,0
INV-103520,ACC-9011,Initech Co,billing@initech.com,EMEA,Travel,starter,monthly,1,USD,41.65,15,Void,ACH,21-12-2021,2023/06/01,N,2,0
INV-104535,ACC-6485,Oscorp Partners,billing@oscorp.com,EMEA,Healthcare,Tier 1,monthly,50,USD,2450.00,0,VOID,credit_card,05/24/2021,02/08/2024,Yes,3,0
INV-104528,ACC-2498,Nakatomi Labs,billing@nakatomi.com,NA,Healthcare,Starter,yearly,10,EUR,4762.80,10,Paid,wire,2024-02-15,Feb 14 2026,Y,2,0
INV-103904,ACC-7836,Umbrella Inc,billing@umbrella.com,NA,Media,Tier 2,annually,25,USD,24750.00,0,Paid,credit_card,May 18 2021,2023-10-22,0,5,0
INV-104989,ACC-4415,Prestige Corp,billing@prestige.com,LATAM,Manufacturing,PRO,Annual,1,USD,$742.50,25,Paid,wire,11/11/2022,2024-06-20,FALSE,,8
INV-102115,ACC-9786,Nakatomi Industries,billing@nakatomi.com,LATAM,Manufacturing,starter,annually,100,USD,"$41,650.00",15,declined,,2024/06/27,Feb 17 2026,N,4,3
INV-104128,ACC-7521,Prestige Group,billing@prestige.com,NA,Travel,pro,annually,250,EUR,240570.00,10,success,ACH,05/21/2023,Dec 3 2023,FALSE,5,3
INV-102839,ACC-7100,Stark LLC,billing@stark.com,NA,Energy,STARTER,monthly,250,EUR,13230.00,0,canceled,ACH,2021-05-24,2022-07-01,0,4,0
INV-103481,ACC-8293,Soylent Group,billing@soylent.com,LATAM,Manufacturing,starter,Monthly,25,EUR,1190.70,10,PENDING,invoice,09/05/2022,2023-07-03,0,3,5
INV-100817,ACC-7857,Tyrell Partners,billing@tyrell.com,APAC,Manufacturing,Start,Monthly,5,EUR,€264.60,0,paid,Credit Card,05/28/2024,11/22/2025,1,4,3
INV-100437,ACC-5275,Umbrella Group,billing@umbrella.com,APAC,,Tier 3,monthly,250,USD,74750.00,0,Complete,invoice,01/16/2022,2022-10-26,0,1,8
INV-102551,ACC-6860,Acme Inc,billing@acme.com,LATAM,Retail,STARTER,Annual,25,USD,12250,0,paid,ach,2022-07-24,02/12/2023,FALSE,5,0
INV-103088,ACC-4478,Cyberdyne Co,,EMEA,,Enterprise ,Monthly,10,USD,2990.00,0,PAID,Credit Card,2021-08-25,03/20/2023,FALSE,2,0
INV-100657,ACC-3307,Wayne Ltd,billing@wayne.com,LATAM,, Starter ,Monthly,50,USD,2450.00,0,error,invoice,2023-06-07,12/29/2024,false,5,3
INV-100914,ACC-6104,Wayne Corp,billing@wayne.com,NA,Manufacturing,Starter,Monthly,1,EUR,52.92,0,Pending,invoice,2024-01-07,2025-08-07,0,3,0
INV-101676,ACC-7509,Soylent Ltd,billing@soylent.com,EMEA,Fintech,enterprise ,monthly,100,USD,"$29,900.00",0,Pending,,2021-05-25,07/26/2021,FALSE,,0
INV-103852,ACC-9589,Acme Ltd,billing@acme.com,LATAM,Media,Tier 2,annually,10,USD,"9,900.00 USD",0,Pending,Credit Card,2024/03/27,2025/12/20,TRUE,3,0
INV-100076,ACC-2130,Prestige Inc,billing@prestige.com,LATAM,Education,Enterprise ,yearly,1,USD,2242,25,success,ACH,08/15/2024,2027-04-28,FALSE,4,0
INV-101271,ACC-6918,Globex Labs,billing@globex.com,APAC,,Starter,yearly,1,USD,490.00,0,PAID,ACH,09/07/2021,2022-05-05,FALSE,4,0
INV-101402,ACC-2038,Soylent Holdings,billing@soylent.com,EMEA,Gaming,Tier 1,monthly,10,USD,490,0,Void,wire,2021-12-11,Apr 23 2023,FALSE,4,0
INV-102846,ACC-1199,Wonka Inc,billing@wonka.com,LATAM,,starter,Annual,5,USD,2450.00,0,paid,ACH,2021-10-10,02/20/2022,N,,3
INV-102032,ACC-2847,Gekko Partners,billing@gekko.com,NA,Travel,starter,monthly,50,USD,2450.00,0,PAID,credit_card,2024-05-02,2024-11-27,Y,4,1
INV-102104,ACC-9170,Wonka Holdings,billing@wonka.com,LATAM,Gaming,Starter,annual,100,USD,"$49,000.00",0,Failed,ach,08/03/2021,06/04/2022,TRUE,4,0
INV-101815,ACC-1000,Gekko Industries,billing@gekko.com,APAC,Education,enterprise ,monthly,5,USD,"1,345.50 USD",10,Paid,ACH,Apr 5 2022,2023-10-31,Yes,5,0
INV-102288,ACC-7035,Tyrell Partners,billing@tyrell.com,LATAM,Retail,pro,Monthly,10,USD,792.00,20,PAID,ach,2022-03-20,2023-04-12,N,2,0
INV-104434,ACC-6916,Initech LLC,billing@initech.com,LATAM,Manufacturing,Start,Monthly,10,USD,490,0,Paid,invoice,Oct 8 2024,12/21/2025,TRUE,5,8
INV-102071,ACC-5389,Stark Corp,billing@stark.com,EMEA,Fintech,Start,monthly,1,USD,$49.00,0,success,invoice,2024/01/15,01-09-2026,false,3,0
INV-102785,ACC-7488,Acme Inc,billing@acme.com,NA,Logistics,Starter,monthly,50,EUR,2646.00,0,canceled,invoice,Nov 1 2021,Oct 2 2023,FALSE,3,1
INV-100650,ACC-6006,Cyberdyne Group,billing@cyberdyne.com,APAC,Media, Starter ,Monthly,3,USD,117.60,20,completed,ach,2023/05/21,May 8 2024,false,4,1
INV-103799,ACC-3772,Oscorp Partners,billing@oscorp.com,EMEA,Retail,starter,monthly,10,USD,416.50,15,in_review,Wire Transfer,2024-05-22,2027-01-14,false,5,0
INV-100922,ACC-7055,Stark Partners,billing@stark.com,NA,Gaming,Pro,annual,10,EUR,10692.00,0,void,credit_card,2022-11-11,09/05/2023,false,5,0
INV-102317,ACC-4592,Cyberdyne Partners,billing@cyberdyne.com,EMEA,Travel,Tier 1,Monthly,25,USD,"$1,225.00",0,completed,Credit Card,2024-09-22,12-10-2024,FALSE,,5
INV-102454,ACC-1534,Umbrella Co,billing@umbrella.com,APAC,Gaming,starter,monthly,250,USD,12250.00,0,Complete,ACH,09/17/2021,2022-03-13,No,3,0
INV-101133,ACC-1625,Prestige LLC,billing@prestige.com,LATAM,Healthcare,Pro,Annual,3,USD,2970,0,Paid,Wire Transfer,07/28/2023,08/18/2023,Yes,5,3
INV-104471,ACC-2260,Cyberdyne Ltd,billing@cyberdyne.com,EMEA,Gaming,Enterprise ,annually,3,USD,8970.00,0,PAID,wire,2021/03/16,30-10-2023,FALSE,,0
INV-103473,ACC-2572,Wonka LLC,billing@wonka.com,EMEA,Media,Pro,yearly,10,USD,9900.00,0,Failed,Credit Card,08/27/2023,2025-05-01,0,,0
INV-101305,ACC-3271,Umbrella Group,billing@umbrella.com,LATAM,,Pro,annually,10,GBP,10058.40,20,Complete,ach,09/17/2023,Nov 28 2023,0,4,1
INV-100666,ACC-9879,Stark Holdings,,APAC,Retail,Tier 2,Monthly,10,EUR,801.90,25,success,wire,2022/09/03,2023-10-23,0,5,0
INV-104146,ACC-3930,Oscorp Holdings,billing@oscorp.com,NA,Gaming,STARTER,yearly,1,USD,490.00 USD,0,VOID,ACH,2024-10-31,25-12-2024,No,4,0
INV-101413,ACC-6004,Umbrella Holdings,billing@umbrella.com,LATAM,Fintech,Starter,Monthly,10,USD,441.00,10,Paid,ACH,2021-09-09,10/31/2021,No,4,0
INV-104298,ACC-6728,Aperture Industries,billing@aperture.com,EMEA,Energy,Pro ,Monthly,100,USD,9900.00,0,completed,Wire Transfer,2021-09-19,05/17/2023,false,4,0
INV-104622,ACC-6016,Tyrell Inc,billing@tyrell.com,LATAM,Gaming,PRO,Monthly,50,USD,4207.50,15,Complete,,2023-01-19,2024/07/13,Y,5,2
INV-100134,ACC-2475,Pied Piper Corp,billing@pied.com,APAC,Education,Pro,Annual,3,USD,2970.00,0,VOID,credit_card,2021-07-24,2023-11-03,TRUE,1,3
INV-101916,ACC-2711,Soylent Holdings,billing@soylent.com,APAC,Media,starter,Annual,250,USD,91875,25,paid,,06/28/2021,2023-05-15,FALSE,,2
INV-100329,ACC-6210,Globex Corp,billing@globex.com,APAC,Manufacturing,Enterprise ,yearly,5,USD,14950.00,0,paid,,2021-11-15,19-09-2023,1,4,0
INV-102136,ACC-4640,Dunder Corp,billing@dunder.com,EMEA,Healthcare,Tier 3,yearly,250,USD,747500.00,0,paid,invoice,2023-05-08,02/21/2024,FALSE,5,0
INV-100152,ACC-3435,Prestige Co,billing@prestige.com,EMEA,Energy,starter,Monthly,10,USD,$490.00,0,PAID,ACH,2024/09/19,05/21/2025,No,,2
INV-100957,ACC-4895,Aperture Inc,billing@aperture.com,NA,,Pro,monthly,10,USD,990.00,0,in_review,ACH,2022-09-02,2024-06-03,Yes,,0
INV-104903,ACC-4315,Tyrell Inc,billing_at_tyrell.com,EMEA,Travel,pro,Monthly,50,EUR,5346.00,0,Complete,Credit Card,2022-01-08,2023-12-11,FALSE,3,0
INV-101274,ACC-2752,Globex Group,,APAC,Media,Start,Annual,25,GBP,"£15,557.50",0,completed,ACH,2022-05-04,03/11/2024,No,3,5
INV-102759,ACC-2500,Gekko LLC,billing@gekko.com,EMEA,Energy,STARTER,Annual,10,USD,"$3,675.00",25,Paid,,02/19/2024,04/01/2025,true,5,2
INV-104831,ACC-1129,Vandelay Inc,billing@vandelay.com,EMEA,Healthcare, Starter ,yearly,100,USD,"$49,000.00",0,success,Credit Card,2024-10-12,08-06-2026,No,4,0
INV-103163,ACC-9457,Umbrella Labs,billing@umbrella.com,APAC,Fintech,Enterprise ,Monthly,3,USD,897.00,0,Paid,ach,2021-06-27,2022-03-20,0,5,2
INV-104097,ACC-1230,Vandelay Labs,billing@vandelay.com,APAC,,PRO,annually,10,GBP,12573.00,0,FAILED,Credit Card,2024-08-21,Jan 6 2025,N,3,5
INV-100694,ACC-4641,Tyrell Ltd,billing@tyrell.com,APAC,Fintech,Tier 3,monthly,250,GBP,94932,0,success,ach,21-06-2022,19-12-2023,FALSE,4,3
INV-104340,ACC-5030,Vandelay Corp,billing@vandelay.com,LATAM,Gaming,PRO,monthly,5,USD,396,20,Void,invoice,2021-08-05,2023-05-02,0,,1
INV-101034,ACC-4329,Stark Inc,billing@stark.com,LATAM,Healthcare,Tier 2,yearly,250,USD,247500.00,0,Complete,invoice,2023/06/08,06/30/2024,N,5,0
INV-101875,ACC-5030,Gekko Holdings,billing@gekko.com,EMEA,Logistics,STARTER,yearly,5,EUR,"2,646.00 EUR",0,FAILED,Wire Transfer,2022-05-21,2025-01-20,false,4,0
INV-102000,ACC-6621,Soylent Industries,billing@soylent.com,APAC,Media,pro,monthly,1,EUR,€106.92,0,paid,credit_card,02/05/2024,2026-04-10,FALSE,4,0
INV-103961,ACC-6957,Soylent Co,billing@soylent.com,LATAM,Media,Start,Monthly,3,USD,$147.00,0,completed,ACH,2022-02-22,11-09-2022,No,1,0
INV-103150,ACC-7236,Wayne Group,billing@wayne.com,NA,Manufacturing,Tier 2,Annual,10,USD,"$9,900.00",0,Paid,wire,2023-06-02,11/15/2024,0,5,0
INV-100802,ACC-5748,Gekko Ltd,billing@gekko.com,NA,Gaming,ENT,annually,1,EUR,3229.20,0,success,ACH,2022-10-19,Oct 4 2024,No,5,0
INV-102105,ACC-1526,Dunder Labs,billing@dunder.com,NA,Media,Tier 1,Annual,10,EUR,"€5,292.00",0,PAID,Wire Transfer,2021-02-04,2021-04-14,Yes,5,0
INV-102144,ACC-1315,Prestige Inc,billing@prestige.com,NA,Travel,pro,monthly,10,GBP,1005.84,20,Pending,invoice,2023-04-09,06/19/2023,No,1,0
INV-101866,ACC-8792,Pied Piper Ltd,billing@pied.com,EMEA,Logistics,Starter,Annual,10,USD,"$4,900.00",0,awaiting,,2021-06-21,2024-01-11,Yes,4,2
INV-102278,ACC-1136,Hooli Industries,billing@hooli.com,EMEA,Media,STARTER,Monthly,100,USD,4900.00,0,completed,invoice,09/04/2022,2025/03/28,TRUE,4,0
INV-100238,ACC-1308,Umbrella LLC,billing_at_umbrella.com,NA,Healthcare,Professional,monthly,1,USD,99.00,0,completed,ach,2021-09-01,2024-03-19,false,2,1
INV-100843,ACC-5951,Hooli Holdings,billing@hooli.com,LATAM,,starter,yearly,25,USD,"$9,187.50",25,Complete,Credit Card,01/19/2023,2023/08/25,Y,4,0
INV-103576,ACC-5089,Gekko LLC,billing@gekko.com,LATAM,Healthcare, Starter ,Annual,5,USD,2450.00,0,canceled,ACH,2022-01-12,2023/08/16,0,4,0
INV-102207,ACC-7246,Acme Labs,billing@acme.com,EMEA,Logistics,Pro,Monthly,25,USD,2475.00,0,Paid,Credit Card,2024-08-30,01/27/2026,1,5,1
INV-101891,ACC-8931,Wayne Industries,billing@wayne.com,LATAM,,Professional,monthly,25,USD,2475.00,0,Complete,ACH,2021-02-06,2023-08-27,FALSE,3,0
INV-104104,ACC-2182,Gekko Industries,billing@gekko.com,EMEA,Healthcare,PRO,Annual,10,USD,9900.00,0,Paid,wire,Feb 23 2024,2024/11/26,false,5,3
INV-104772,ACC-7312,Dunder Holdings,billing@dunder.com,LATAM,Healthcare,starter,monthly,100,USD,4900.00,0,cancelled,wire,2023-11-10,2024-11-24,FALSE,5,0
INV-101110,ACC-8553,Hooli Industries,billing@hooli.com,LATAM,Energy,Tier 1,yearly,100,USD,-49000.00,0,REFUND,invoice,2021-01-08,Apr 17 2023,N,5,0
INV-100620,ACC-1928,Dunder Group,billing@dunder.com,EMEA,Healthcare,pro,yearly,1,USD,990,0,in_review,,2021-08-24,2022/01/19,FALSE,,1
INV-104153,ACC-1477,Initech Industries,,EMEA,Manufacturing,pro,annually,3,USD,"$2,970.00",0,paid,,Mar 2 2022,2023-01-28,true,1,2
INV-103364,ACC-5419,Tyrell Co,billing@tyrell.com,EMEA,Travel,Pro,annual,50,EUR,"53,460.00 EUR",0,Paid,Wire Transfer,02-09-2024,2025-09-03,0,1,3
INV-102841,ACC-6620,Tyrell Ltd,billing@tyrell.com,EMEA,Media, Starter ,Annual,10,EUR,5292.00,0,Paid,,2021-09-09,2023-05-24,FALSE,4,0
INV-102677,ACC-4002,Vandelay Inc,,APAC,,Tier 3,annually,25,GBP,94932,0,Paid,invoice,2022-07-02,2022/12/21,N,4,0
INV-102203,ACC-9268,Umbrella Corp,billing@umbrella.com,EMEA,Energy,Starter,yearly,5,USD,2450,0,PAID,credit_card,2023-11-01,2024-01-15,0,1,8
INV-103333,ACC-6162,Globex Corp,billing@globex.com,APAC,Retail,Starter,annual,25,USD,9187.50,25,PENDING,wire,28-03-2024,2026-04-08,TRUE,5,0
INV-100168,ACC-2296,Aperture LLC,billing@aperture.com,LATAM,Education,starter,annually,25,EUR,"13,230.00 EUR",0,Complete,ACH,2023/07/01,09/07/2025,false,4,0
INV-103641,ACC-5994,Soylent LLC,billing@soylent.com,EMEA,Retail, Starter ,annually,50,USD,22050,10,completed,Credit Card,17-03-2023,2024-11-13,true,4,8
INV-100814,ACC-1764,Cyberdyne Partners,,APAC,Logistics,starter,Monthly,50,USD,"2,450.00 USD",0,completed,wire,10/29/2023,2025-12-11,false,4,0
INV-100756,ACC-7268,Vandelay Holdings,billing@vandelay.com,APAC,Manufacturing,Pro,monthly,50,USD,"4,950.00 USD",0,Complete,ACH,2024-08-29,2025-02-18,1,3,0
INV-101009,ACC-9518,Globex Partners,billing@globex.com,EMEA,Logistics,Professional,monthly,1,USD,79.20,20,Failed,invoice,08-02-2024,02/13/2024,Yes,4,0
INV-102969,ACC-4734,Hooli Labs,billing@hooli.com,LATAM,Education, Starter ,annually,1,USD,441.00,10,PAID,wire,2021-05-18,Apr 19 2022,N,3,1
INV-100987,ACC-2319,Gekko Industries,billing@gekko.com,NA,Travel,Start,Monthly,25,USD,"$1,102.50",10,Complete,invoice,2024-08-27,2026-10-31,N,5,1
INV-104145,ACC-8610,Wayne Labs,billing@wayne.com,NA,Manufacturing,Start,annual,250,EUR,-132300,0,Refunded,ACH,2021-05-18,Apr 11 2023,false,5,2
INV-104345,ACC-7096,Wayne Labs,billing@wayne.com,APAC,Fintech,Professional,Monthly,10,USD,990,0,success,ach,2023/03/21,2025/03/11,N,,8
INV-103826,ACC-5652,Massive Dynamic Inc,billing@massive.com,EMEA,Healthcare,PRO,annually,250,USD,"$247,500.00",0,Paid,wire,2022/10/02,07/12/2023,false,4,2
INV-104007,ACC-6329,Tyrell Industries,billing@tyrell.com,APAC,, Starter ,annual,1,USD,490.00,0,in_review,Wire Transfer,2021-03-26,2023-11-01,false,5,0
INV-103522,ACC-9323,Globex Labs,billing@globex.com,EMEA,Fintech,STARTER,annual,250,USD,-110250.00,10,refunded,invoice,12/05/2022,2023-06-04,FALSE,4,0
INV-104776,ACC-9148,Prestige Partners,billing@prestige.com,NA,Media,STARTER,annual,5,USD,2205.00,10,PAID,ach,2023-08-14,2025-03-17,FALSE,,1
INV-101179,ACC-2804,Initech Corp,billing@initech.com,EMEA,Retail,Start,monthly,1,EUR,44.98,15,Paid,,08/14/2024,Oct 21 2026,false,5,0
INV-101382,ACC-7430,Cyberdyne Holdings,billing@cyberdyne.com,NA,Travel, Starter ,yearly,10,USD,4900,0,error,invoice,03/21/2024,01/01/2026,FALSE,,5
INV-101734,ACC-9642,Initech Co,billing@initech.com,APAC,Retail,Start,yearly,25,USD,12250.00,0,pending,ACH,2023-03-12,04/11/2023,TRUE,4,1
INV-100440,ACC-7200,Prestige Corp,billing@prestige.com,EMEA,Education,Pro,Annual,3,USD,2970.00,0,PAID,Wire Transfer,11/22/2021,01/16/2024,No,4,0
INV-101867,ACC-2350,Umbrella Labs,billing@umbrella.com,NA,Travel,Pro,yearly,5,USD,4950,0,success,Wire Transfer,2022-11-08,2023-02-21,N,4,1
INV-101576,ACC-9060,Vandelay Ltd,billing@vandelay.com,NA,Travel, Starter ,annually,1,USD,490.00,0,paid,wire,2024-08-26,06/28/2025,0,5,0
INV-100925,ACC-8185,Pied Piper Labs,billing@pied.com,APAC,, Starter ,monthly,250,USD,11025.00,10,paid,Wire Transfer,2021-02-27,2022-02-02,No,5,5
INV-100841,ACC-4462,Tyrell Ltd,billing@tyrell.com,NA,Manufacturing,STARTER,yearly,25,USD,12250.00,0,success,invoice,2021/09/10,2023-01-28,0,,0
INV-101207,ACC-6148,Stark Inc,billing@stark.com,LATAM,Media, Starter ,annually,5,USD,-2450,0,charged_back,invoice,Jun 4 2023,2023/12/31,FALSE,4,3
INV-101555,ACC-9748,Globex Holdings,billing@globex.com,NA,Education,STARTER,yearly,50,GBP,"£31,115.00",0,success,invoice,2023-03-04,2023-05-04,N,3,0
INV-104497,ACC-8436,Acme Group,billing@acme.com,EMEA,Gaming, Starter ,annual,10,USD,"$4,900.00",0,PAID,wire,2021-10-15,2022/11/06,false,3,3
INV-104722,ACC-2249,Nakatomi Group,,LATAM,Fintech,Tier 1,Annual,250,EUR,"€132,300.00",0,Complete,ACH,2022-05-01,2023-04-20,FALSE,5,0
INV-100039,ACC-2627,Wonka Industries,billing@wonka.com,APAC,Manufacturing,ENT,annual,250,USD,"$598,000.00",20,paid,ach,2023-07-21,2023/10/22,FALSE,5,2
INV-103246,ACC-4004,Dunder Inc,billing@dunder.com,APAC,Gaming,Professional,Annual,10,USD,9900.00,0,paid,Wire Transfer,06/21/2023,2025-10-23,TRUE,,0
INV-104564,ACC-5827,Soylent Holdings,billing@soylent.com,APAC,Travel,starter,Monthly,250,USD,"$12,250.00",0,PAID,credit_card,2021-07-21,2023/09/04,Yes,4,1
INV-100988,ACC-5000,Stark Industries,billing@stark.com,NA,Retail,PRO,Annual,50,USD,42075.00,15,Paid,Credit Card,2021-09-24,2024/05/15,No,1,2
INV-102584,ACC-4303,Wayne Industries,billing@wayne.com,APAC,Manufacturing,starter,monthly,100,USD,4900.00,0,FAILED,Credit Card,2021-02-21,2021-09-06,TRUE,5,2
INV-102992,ACC-6872,Vandelay Inc,billing@vandelay.com,APAC,Logistics, Starter ,Annual,25,USD,"12,250.00 USD",0,cancelled,Credit Card,12-07-2021,2024/03/11,false,3,0
INV-104242,ACC-3594,Globex Labs,billing@globex.com,EMEA,Healthcare, Starter ,annual,10,USD,"$4,900.00",0,paid,ACH,Jul 16 2024,2025/03/31,N,4,5
INV-101165,ACC-5310,Oscorp Group,billing@oscorp.com,APAC,Retail,pro,monthly,250,USD,24750.00,0,completed,Wire Transfer,2024/10/18,2026/09/06,0,3,2
INV-104826,ACC-8995,Oscorp Inc,billing@oscorp.com,EMEA,Fintech,ENT,monthly,1,USD,$239.20,20,success,Credit Card,2024-03-11,2026-03-21,false,4,2
INV-101503,ACC-3302,Prestige Corp,billing@prestige.com,EMEA,,Starter,monthly,250,USD,12250.00,0,completed,wire,09-07-2023,2025-11-17,FALSE,4,0
INV-103348,ACC-9241,Prestige Partners,billing@prestige.com,NA,Education,ENT,annually,250,USD,"$747,500.00",0,Paid,,10/12/2021,2022-07-13,No,5,5
INV-100972,ACC-1183,Wonka Holdings,billing@wonka.com,EMEA,Fintech,pro,monthly,10,USD,990.00,0,PENDING,wire,Jun 17 2024,2025-12-06,N,,2
INV-102388,ACC-7791,Pied Piper Ltd,billing@pied.com,EMEA,Media,starter,yearly,25,USD,12250.00,0,Paid,Wire Transfer,Feb 27 2021,10/09/2021,N,2,3
INV-101175,ACC-7571,Prestige Labs,billing_at_prestige.com,NA,Healthcare,starter,annually,250,EUR,132300.00,0,pending,Wire Transfer,Nov 25 2022,2025-02-06,N,,0
INV-104741,ACC-2609,Wayne Group,,EMEA,Retail,enterprise,annually,10,USD,29900.00,0,Paid,wire,2021-12-17,Apr 22 2022,1,1,0
INV-103360,ACC-9255,Cyberdyne Corp,,APAC,Education,enterprise ,annual,10,USD,29900.00,0,PAID,invoice,Sep 3 2021,Sep 30 2023,1,2,3
INV-100735,ACC-6639,Umbrella Industries,billing@umbrella.com,APAC,Energy,Professional,Monthly,100,GBP,10058.40,20,Pending,wire,01/06/2022,2022-05-13,N,4,2
INV-100977,ACC-8121,Globex Ltd,billing@globex.com,NA,Travel,PRO,Monthly,10,USD,792.00,20,Complete,Wire Transfer,10/01/2021,Apr 21 2023,0,1,3
INV-102266,ACC-5105,Prestige Labs,billing@prestige.com,APAC,Logistics,starter,monthly,50,USD,1960.00,20,Complete,invoice,2021/11/24,2024-05-13,0,3,0
INV-102057,ACC-2936,Vandelay Inc,billing@vandelay.com,NA,Manufacturing,starter,Monthly,10,EUR,529.20,0,completed,ACH,2021-05-07,2022-07-17,No,4,0
INV-103708,ACC-3799,Oscorp Group,billing@oscorp.com,APAC,Media,Pro,monthly,1,EUR,106.92,0,paid,ACH,2024-09-25,Jan 13 2025,Yes,5,0
INV-102417,ACC-1574,Aperture Holdings,billing@aperture.com,LATAM,Fintech,enterprise ,annual,25,USD,74750.00,0,Complete,credit_card,Aug 23 2023,2023/09/15,false,5,0
INV-103692,ACC-6140,Massive Dynamic LLC,billing@massive.com,EMEA,Manufacturing,STARTER,monthly,50,USD,2450.00,0,Complete,credit_card,2022-11-05,May 29 2024,TRUE,5,3
INV-104690,ACC-6057,Hooli Holdings,,APAC,Gaming,STARTER,annually,250,USD,122500.00,0,void,Credit Card,2023/10/17,2023-12-06,false,3,1
INV-100002,ACC-3803,Stark LLC,billing@stark.com,APAC,Education,pro,yearly,5,USD,4950.00,0,canceled,Wire Transfer,2022-10-27,03/08/2025,0,1,0
INV-103975,ACC-6867,Dunder LLC,billing@dunder.com,APAC,Education,pro,Monthly,50,USD,"4,950.00 USD",0,paid,Wire Transfer,02/02/2024,2025-10-21,true,5,0
INV-100324,ACC-9351,Umbrella Co,billing@umbrella.com,EMEA,Education,Tier 1,annual,100,EUR,39690.00,25,Complete,,2023-06-08,2024/04/08,N,2,2
INV-102040,ACC-6867,Oscorp Group,billing@oscorp.com,NA,Manufacturing,Start,Monthly,1,GBP,£52.90,15,Void,ACH,2022/12/05,Nov 13 2023,false,,8
INV-104665,ACC-2253,Umbrella Corp,billing@umbrella.com,EMEA,Education,Tier 3,annually,3,USD,8073.00,10,PAID,ACH,2023-09-24,04/17/2025,FALSE,2,0
INV-103638,ACC-7909,Hooli Industries,billing@hooli.com,NA,Education,STARTER,monthly,10,USD,490.00,0,error,ACH,05/04/2021,2022/08/19,false,5,0
INV-100981,ACC-9472,Nakatomi Partners,billing@nakatomi.com,APAC,Fintech,STARTER,Monthly,25,EUR,1323.00,0,success,,2022/04/15,08/24/2023,FALSE,1,2
INV-104792,ACC-4486,Umbrella Corp,billing@umbrella.com,APAC,Travel,enterprise ,monthly,100,USD,29900.00,0,Complete,,2024-08-19,15-10-2024,0,3,2
INV-104556,ACC-6303,Dunder Ltd,billing@dunder.com,LATAM,Fintech,Pro ,Annual,10,USD,"$9,900.00",0,canceled,Credit Card,2024-10-05,09/13/2026,1,4,1
INV-103919,ACC-6757,Nakatomi Holdings,billing@nakatomi.com,EMEA,Media,Pro,Annual,100,USD,"99,000.00 USD",0,paid,ach,May 18 2023,2023-08-13,FALSE,3,0
INV-103928,ACC-6177,Wayne Inc,billing@wayne.com,NA,Media,Professional,Monthly,100,USD,9900,0,completed,invoice,2021/03/08,2023/01/11,0,3,1
INV-104687,ACC-7754,Hooli LLC,billing@hooli.com,LATAM,Media,starter,Monthly,50,USD,"$2,450.00",0,failed,Credit Card,2021-02-06,06/28/2021,0,2,0
INV-102591,ACC-8469,Acme Labs,billing@acme.com,NA,Travel,starter,monthly,25,EUR,1323,0,success,credit_card,2023/04/07,12/27/2025,Y,5,0
INV-100237,ACC-8544,Umbrella Labs,billing@umbrella.com,NA,Manufacturing,Enterprise,Monthly,5,USD,"$1,270.75",15,Pending,ach,2024-05-08,2025-10-25,false,4,2
INV-102951,ACC-6909,Oscorp Industries,billing@oscorp.com,LATAM,,Tier 3,annual,3,GBP,11391.90,0,PAID,ach,04/29/2022,01/22/2023,true,4,0
INV-100590,ACC-5066,Aperture Partners,billing@aperture.com,LATAM,Education,Tier 1,annual,3,EUR,-1191,25,Refunded,credit_card,2022-01-25,05/15/2022,N,3,0
INV-104386,ACC-9827,Gekko Holdings,billing@gekko.com,NA,Education,Tier 2,Annual,100,EUR,-90882.00,15,charged_back,ach,2023-02-12,Oct 31 2024,N,3,5
INV-101405,ACC-5539,Dunder Ltd,billing@dunder.com,NA,Media,Tier 3,yearly,50,EUR,"€161,460.00",0,PAID,wire,2023-04-10,2024-04-30,false,5,0
INV-101358,ACC-9267,Wonka Inc,billing@wonka.com,LATAM,Gaming,ENT,Monthly,10,USD,"$2,990.00",0,Complete,Credit Card,2022-01-06,2023-11-30,1,5,8
INV-100958,ACC-2647,Aperture Inc,billing@aperture.com,NA,Education,pro,monthly,5,USD,$495.00,0,Paid,invoice,2022-04-29,2022/10/23,TRUE,5,1
INV-103521,ACC-5854,Wayne Labs,billing@wayne.com,NA,Education,Starter,Monthly,10,EUR,€529.20,0,paid,invoice,2021/01/14,18-07-2021,N,3,0
INV-101191,ACC-4106,Tyrell Partners,billing@tyrell.com,NA,Retail, Starter ,Annual,5,USD,2082.50,15,Complete,wire,2021-06-18,03/08/2022,N,4,0
INV-100658,ACC-4878,Acme Partners,billing_at_acme.com,APAC,Fintech,Starter,annually,5,USD,"$2,450.00",0,canceled,Wire Transfer,2022-01-18,2023-02-11,true,2,0
INV-103857,ACC-3902,Dunder Group,billing@dunder.com,APAC,Education,ENT,Monthly,5,USD,1495.00,0,canceled,credit_card,2021-05-25,Nov 26 2021,No,5,1
INV-100443,ACC-8268,Wonka Partners,billing@wonka.com,LATAM,Healthcare,enterprise,Monthly,100,EUR,-32292,0,Refunded,Credit Card,2021/05/24,05/31/2021,N,4,0
INV-103704,ACC-3874,Initech Partners,billing@initech.com,NA,Manufacturing,Start,Monthly,1,GBP,£52.90,15,paid,ACH,2021/08/25,2022-09-03,No,4,2
INV-102809,ACC-4482,Pied Piper Holdings,billing@pied.com,NA,Retail,enterprise,Annual,50,USD,112125.00,25,completed,ach,2023-07-16,2024-08-04,FALSE,1,1
INV-103161,ACC-2529,Globex Group,billing@globex.com,LATAM,Manufacturing,Start,monthly,3,USD,124.95,15,VOID,ACH,Dec 10 2022,13-06-2023,0,4,1
INV-100319,ACC-4662,Nakatomi Group,billing@nakatomi.com,NA,,STARTER,monthly,3,USD,132.30,10,Paid,invoice,26-08-2021,2023-04-04,No,4,5
INV-102825,ACC-4697,Umbrella Co,billing@umbrella.com,APAC,Travel,STARTER,Monthly,100,USD,4900,0,paid,Wire Transfer,2022-08-15,10/14/2022,0,2,3
INV-100017,ACC-1822,Dunder Co,billing@dunder.com,LATAM,Fintech,Pro,Monthly,100,USD,9900.00,0,canceled,wire,2023/06/26,2025/03/14,No,5,0
INV-104143,ACC-3661,Dunder Partners,billing@dunder.com,NA,Energy,Pro,annual,100,USD,"$89,100.00",10,void,Credit Card,2021-11-14,04/06/2024,No,4,2
INV-103255,ACC-1832,Tyrell Industries,billing@tyrell.com,EMEA,Healthcare,Tier 2,Monthly,50,EUR,5346,0,success,,2024/05/30,2026-08-17,false,2,0
INV-103412,ACC-4025,Aperture Co,billing@aperture.com,LATAM,Energy,Pro ,Annual,5,EUR,5346.00,0,FAILED,,2022-02-27,Oct 30 2022,0,2,3
INV-101460,ACC-8542,Massive Dynamic Ltd,billing@massive.com,EMEA,Education,Tier 2,annual,250,USD,"247,500.00 USD",0,Pending,Wire Transfer,2021-01-05,01/13/2022,false,4,2
INV-102687,ACC-7180,Wonka Corp,billing@wonka.com,LATAM,Fintech,Starter,monthly,10,USD,441.00,10,paid,invoice,2021-03-30,02/16/2023,1,,0
INV-101807,ACC-1943,Oscorp Corp,billing@oscorp.com,LATAM,Travel,Start,Monthly,25,USD,1225.00,0,completed,Credit Card,2024-09-03,Mar 17 2025,0,4,0
INV-103950,ACC-4247,Pied Piper LLC,billing@pied.com,NA,Retail,Enterprise,monthly,50,USD,14950.00,0,Complete,Wire Transfer,2024/06/30,2026-01-04,1,4,3
INV-100578,ACC-1868,Globex Co,billing@globex.com,NA,Education,starter,annually,50,EUR,23814.00,10,completed,credit_card,2023-12-13,2024/06/19,TRUE,1,0
INV-100839,ACC-1717,Acme Group,billing@acme.com,APAC,Manufacturing,pro,monthly,1,USD,$99.00,0,completed,ACH,20-11-2021,2023-10-26,N,5,0
INV-104095,ACC-6286,Gekko Ltd,billing@gekko.com,APAC,Manufacturing,Tier 1,Annual,25,USD,"$11,025.00",10,success,Credit Card,2023-09-10,09/25/2024,false,5,2
INV-102437,ACC-4518,Nakatomi Partners,billing@nakatomi.com,EMEA,Fintech,PRO,monthly,100,USD,9900.00,0,Pending,wire,2021-01-10,2023-08-20,No,3,8
INV-102894,ACC-6213,Initech Partners,billing@initech.com,EMEA,Fintech,PRO,annual,10,EUR,"8,553.60 EUR",20,Void,Wire Transfer,2024-02-24,24-02-2025,FALSE,3,0
INV-103419,ACC-9307,Tyrell Inc,billing@tyrell.com,LATAM,Media,Tier 2,Annual,1,USD,990.00,0,Complete,,2023-03-06,2024-09-30,1,4,0
INV-104212,ACC-8179,Initech Co,billing@initech.com,LATAM,Healthcare,Pro ,annual,1,EUR,1069.20,0,declined,Wire Transfer,2024-01-25,2024/12/21,0,3,0
INV-102612,ACC-2098,Nakatomi Inc,billing@nakatomi.com,APAC,Travel,STARTER,Monthly,100,GBP,"£6,223.00",0,awaiting,invoice,2023-10-13,2025-08-17,N,5,0
INV-101272,ACC-2394,Gekko Corp,billing@gekko.com,EMEA,Travel,Starter,yearly,250,USD,98000.00,20,Complete,ach,05/11/2021,12/19/2021,FALSE,,0
INV-102961,ACC-6409,Pied Piper Inc,billing@pied.com,NA,Gaming, Starter ,Monthly,1,USD,$49.00,0,paid,wire,2023-06-26,26-10-2025,FALSE,5,0
INV-101256,ACC-5768,Hooli Corp,billing@hooli.com,APAC,Healthcare,Professional,annual,25,USD,"$24,750.00",0,completed,invoice,2022-06-03,2024/04/13,false,5,0
INV-100546,ACC-9287,Umbrella Ltd,billing@umbrella.com,EMEA,Education, Starter ,annually,50,USD,24500.00,0,completed,Wire Transfer,2024-09-19,2024-11-25,0,1,0
INV-100662,ACC-7381,Nakatomi LLC,billing@nakatomi.com,LATAM,Healthcare,Tier 3,Monthly,25,USD,"$7,475.00",0,error,Wire Transfer,2021-05-01,2021-08-02,true,4,0
INV-103476,ACC-7290,Oscorp Corp,billing@oscorp.com,APAC,Travel,Start,annually,50,EUR,26460.00,0,void,Credit Card,2023-12-14,11/23/2024,1,5,0
INV-100701,ACC-8472,Wayne Partners,billing@wayne.com,LATAM,Travel,PRO,monthly,100,USD,9900.00,0,completed,Credit Card,2022-09-20,2023-08-02,No,4,8
INV-100177,ACC-3525,Pied Piper Ltd,billing@pied.com,NA,Travel,PRO,annual,50,USD,42075.00,15,paid,,09/23/2021,2022/03/24,No,,0
INV-101710,ACC-2842,Soylent LLC,billing@soylent.com,APAC,Travel,Professional,monthly,10,USD,990.00,0,paid,ach,2021-05-07,30-07-2022,Yes,,0
INV-104094,ACC-7338,Wonka LLC,,APAC,Gaming,Starter,annually,100,EUR,42336.00,20,PAID,wire,02/04/2021,2023-09-13,Y,4,0
INV-104870,ACC-5822,Prestige Industries,billing@prestige.com,APAC,Media,starter,annual,250,EUR,132300.00,0,success,,2021/05/04,2023-03-04,Y,5,0
INV-100708,ACC-4007,Vandelay Holdings,,EMEA,Energy,Start,monthly,5,EUR,264.60,0,Complete,invoice,2022/06/27,08/17/2023,false,,2
INV-100316,ACC-7583,Acme Co,billing@acme.com,NA,,pro,Monthly,1,GBP,125.73,0,Pending,credit_card,20-06-2024,2026/05/23,0,5,0
INV-102394,ACC-3301,Dunder Holdings,billing@dunder.com,LATAM,Healthcare,pro,monthly,25,USD,2475.00,0,success,Wire Transfer,2022-06-11,Jun 1 2024,0,,0
INV-101819,ACC-5823,Acme Ltd,billing@acme.com,NA,,Tier 3,annually,5,USD,14950.00,0,Complete,Wire Transfer,2021/12/23,2022/11/20,false,4,3
INV-104842,ACC-9359,Wayne Holdings,billing@wayne.com,LATAM,Education, Starter ,Monthly,100,USD,-4165.00,15,REFUND,,2021-10-31,May 27 2023,false,5,0
INV-102568,ACC-3171,Wayne Ltd,billing@wayne.com,EMEA,Media,Professional,yearly,1,USD,990,0,error,,2024-02-02,12/10/2024,No,3,0
INV-104933,ACC-2765,Globex Partners,billing@globex.com,EMEA,Healthcare,starter,Monthly,50,USD,1837.50,25,Complete,credit_card,Jul 25 2021,10/24/2022,N,2,2
INV-101077,ACC-8577,Wonka Industries,billing@wonka.com,LATAM,Retail,Pro,Annual,3,USD,2970.00,0,completed,Wire Transfer,2022-01-20,2024-09-02,FALSE,4,0
INV-101267,ACC-7584,Nakatomi Group,billing@nakatomi.com,LATAM,Retail,Pro ,annual,1,USD,792.00,20,Complete,ACH,2021-10-19,2022/03/12,false,3,0
INV-100147,ACC-8523,Soylent Inc,billing@soylent.com,APAC,Retail,Pro,monthly,3,USD,297.00,0,paid,credit_card,04/12/2022,10/30/2024,N,,2
INV-102180,ACC-3142,Nakatomi Holdings,billing@nakatomi.com,EMEA,Retail,starter,Monthly,5,USD,245.00,0,completed,credit_card,12/05/2021,2022-08-28,FALSE,4,0
INV-104609,ACC-6001,Initech Group,billing@initech.com,APAC,Manufacturing,STARTER,annually,10,USD,4410.00,10,PAID,ACH,03/04/2021,2023-04-13,0,3,0
INV-102842,ACC-8288,Oscorp Group,billing@oscorp.com,NA,Education,Pro ,Monthly,100,USD,"$8,415.00",15,Complete,ach,2021-04-08,2023-11-23,No,2,0
INV-104887,ACC-4669,Acme Holdings,billing@acme.com,EMEA,Fintech,PRO,Monthly,10,USD,990.00,0,completed,Wire Transfer,2024-06-11,2027-03-05,FALSE,,1
INV-100159,ACC-2951,Aperture Corp,billing@aperture.com,LATAM,Travel,Professional,monthly,5,USD,495.00,0,error,ach,2021-04-17,09/28/2021,0,1,0
INV-104173,ACC-4616,Acme Group,billing@acme.com,EMEA,Healthcare,Tier 2,annually,10,USD,9900.00,0,Paid,wire,2024-09-30,04/12/2025,0,5,0
INV-100305,ACC-2035,Cyberdyne Group,billing@cyberdyne.com,EMEA,Manufacturing,Starter,monthly,5,USD,245.00,0,PAID,credit_card,2024-07-07,2025-01-17,0,5,0
INV-100556,ACC-2989,Gekko Industries,billing@gekko.com,NA,Travel,Tier 2,Monthly,100,USD,"$9,900.00",0,paid,Credit Card,08-07-2021,2022-07-04,Yes,3,2
INV-101079,ACC-5225,Vandelay Ltd,billing@vandelay.com,LATAM,Travel,Pro ,monthly,250,GBP,"£31,432.50",0,failed,invoice,02/13/2024,2025-07-21,TRUE,,0
INV-100537,ACC-5180,Initech Ltd,billing@initech.com,EMEA,Media,STARTER,annually,5,EUR,2646,0,Complete,ACH,2023-12-03,2024/02/09,FALSE,2,0
INV-103524,ACC-6812,Acme Industries,billing@acme.com,LATAM,Retail,Pro ,monthly,3,USD,238,20,canceled,Credit Card,Nov 14 2022,2024-12-29,FALSE,4,0
INV-104414,ACC-8735,Umbrella Group,billing@umbrella.com,LATAM,Logistics,PRO,Monthly,10,USD,990,0,Paid,invoice,01/10/2024,2025-02-13,Y,5,3
INV-101811,ACC-9091,Globex Inc,billing@globex.com,EMEA,Energy,Professional,monthly,10,EUR,1069.20,0,paid,ach,2023-05-30,2024-08-19,No,5,1
INV-100514,ACC-7366,Vandelay Co,billing@vandelay.com,NA,Media,Professional,Monthly,50,USD,4207.50,15,success,invoice,2022/05/24,11-08-2022,false,,0
INV-104140,ACC-7237,Aperture Labs,billing@aperture.com,APAC,Media,Starter,Monthly,50,USD,2450.00,0,success,credit_card,12/06/2023,Apr 8 2024,0,5,0
INV-103648,ACC-1844,Oscorp Holdings,billing@oscorp.com,LATAM,Energy, Starter ,yearly,1,EUR,449.82,15,Complete,ach,04/01/2021,11/19/2021,FALSE,,1
INV-103662,ACC-7930,Umbrella Co,billing@umbrella.com,EMEA,Manufacturing,enterprise,monthly,25,EUR,"8,073.00 EUR",0,void,ach,12-03-2023,Jan 27 2024,N,5,0
INV-102767,ACC-4106,Gekko Corp,billing@gekko.com,NA,Media,Pro ,annual,10,USD,9900.00,0,in_review,,2021-06-08,01/06/2022,N,3,1
INV-103491,ACC-1843,Wonka Inc,billing@wonka.com,LATAM,Healthcare,Enterprise ,yearly,5,USD,14950.00,0,paid,invoice,2022-05-19,04/17/2023,FALSE,5,0
INV-104231,ACC-9597,Cyberdyne Industries,billing@cyberdyne.com,LATAM,Fintech, Starter ,annual,100,USD,49000.00,0,Paid,invoice,2021-05-31,2023/02/19,0,2,0
INV-101085,ACC-9023,Oscorp Partners,billing@oscorp.com,NA,,starter,Monthly,100,GBP,"£5,600.70",10,FAILED,invoice,19-05-2021,12/17/2022,FALSE,3,0
INV-102703,ACC-8843,Globex Co,billing@globex.com,APAC,Media,Start,yearly,100,EUR,52920.00,0,void,Wire Transfer,2023-02-27,2025-06-24,Y,4,0
INV-104344,ACC-1219,Nakatomi Group,billing@nakatomi.com,NA,Logistics,Tier 1,yearly,10,EUR,5292.00,0,paid,credit_card,2022-12-05,2023-08-26,N,,8
INV-103390,ACC-6854,Tyrell Labs,billing@tyrell.com,EMEA,Media,ENT,annual,3,USD,8073,10,PAID,credit_card,2022-07-30,11/03/2022,false,,2
INV-100201,ACC-3446,Umbrella Holdings,billing@umbrella.com,LATAM,Retail,Starter,monthly,1,USD,49.00,0,PAID,credit_card,2022-08-04,2024-03-13,0,2,1
INV-103682,ACC-1844,Pied Piper Group,billing@pied.com,LATAM,Fintech,starter,Monthly,1,USD,44.10 USD,10,success,ach,2022-11-03,11/20/2023,N,4,1
INV-101684,ACC-6177,Vandelay Inc,billing@vandelay.com,LATAM,Logistics,Tier 2,yearly,100,USD,74250.00,25,cancelled,Wire Transfer,08/29/2024,10/06/2026,0,5,0
INV-103654,ACC-5011,Initech Industries,billing@initech.com,LATAM,Gaming,starter,Annual,250,GBP,155575.00,0,PAID,invoice,2024/05/02,2026-02-19,false,5,2
INV-104962,ACC-5540,Nakatomi Co,billing@nakatomi.com,EMEA,Media,ENT,Monthly,1,USD,239.20,20,success,Wire Transfer,03/18/2023,2023-08-09,Yes,,3
INV-103188,ACC-4553,Tyrell Ltd,billing@tyrell.com,APAC,,STARTER,annual,250,USD,122500.00,0,PAID,wire,2021-05-26,11/20/2022,No,5,1
INV-104876,ACC-6326,Stark Industries,billing@stark.com,LATAM,Fintech,Tier 1,annually,3,EUR,1588,0,success,credit_card,2024-03-18,2026-03-17,true,2,0
INV-101608,ACC-8478,Tyrell Inc,billing@tyrell.com,APAC,Manufacturing,Enterprise,yearly,5,USD,"$14,950.00",0,paid,Wire Transfer,2021-07-12,Jan 4 2024,N,3,1
INV-103396,ACC-4596,Pied Piper Industries,billing@pied.com,NA,Energy,Tier 1,annually,10,USD,4900.00,0,success,Credit Card,06/14/2021,08/02/2022,FALSE,,0
INV-101141,ACC-7027,Stark Holdings,billing@stark.com,EMEA,,Start,yearly,3,EUR,1587.60,0,success,ach,2022-12-12,2025-01-19,FALSE,4,5
INV-102870,ACC-6841,Initech Group,billing@initech.com,LATAM,Fintech,Starter,Monthly,10,GBP,£622.30,0,paid,invoice,2023/12/18,2024-09-04,Yes,,0
INV-104059,ACC-1157,Gekko Group,,LATAM,Logistics,enterprise ,annually,3,USD,8970.00,0,cancelled,credit_card,02/24/2022,03/07/2022,false,1,0
INV-100640,ACC-3077,Initech Ltd,billing@initech.com,EMEA,Logistics,Tier 2,monthly,250,EUR,26730,0,completed,invoice,Jul 11 2022,09/30/2022,N,4,1
INV-102731,ACC-6068,Dunder Group,billing@dunder.com,APAC,Retail,STARTER,yearly,10,USD,4900,0,success,wire,2023-05-24,Dec 28 2024,false,1,0
INV-104142,ACC-5947,Soylent Group,billing@soylent.com,LATAM,Education, Starter ,Monthly,3,EUR,142.88,10,success,Credit Card,12/08/2021,04-06-2023,false,,2
INV-101051,ACC-3386,Wayne Holdings,billing@wayne.com,NA,Education,Start,annually,10,USD,4900.00,0,VOID,wire,May 25 2022,2022-09-29,FALSE,5,0
INV-104692,ACC-9282,Oscorp LLC,billing@oscorp.com,EMEA,Energy,PRO,annually,10,EUR,"€10,692.00",0,Complete,Credit Card,May 4 2024,09/22/2025,0,2,0
INV-100166,ACC-8081,Wonka Ltd,billing@wonka.com,NA,Education,enterprise,Monthly,5,EUR,1614.60,0,Complete,ach,2024/07/15,12/26/2025,false,4,0
INV-103308,ACC-8646,Gekko Group,billing@gekko.com,APAC,Manufacturing,Enterprise ,Annual,1,USD,2990,0,Complete,credit_card,08/10/2022,2023-07-02,No,4,0
INV-100518,ACC-9102,Wayne Corp,billing@wayne.com,NA,Logistics,Professional,annual,25,USD,"-19,800.00 USD",20,REFUND,ACH,08/14/2024,12/04/2025,FALSE,5,0
INV-102509,ACC-1138,Cyberdyne LLC,billing@cyberdyne.com,NA,Retail,Enterprise,annually,10,USD,29900.00,0,Failed,Wire Transfer,2021-11-04,2021-11-13,No,5,0
INV-101644,ACC-2690,Cyberdyne Holdings,billing@cyberdyne.com,EMEA,, Starter ,Annual,100,USD,41650.00,15,paid,ACH,2021/12/28,2024-05-30,0,3,0
INV-100787,ACC-4411,Vandelay Industries,billing@vandelay.com,NA,Media,Professional,Annual,100,USD,99000,0,completed,invoice,10/30/2023,2026-03-03,false,1,2
INV-100966,ACC-6831,Cyberdyne Labs,billing@cyberdyne.com,NA,Fintech,Pro,monthly,250,USD,21038,15,success,Wire Transfer,2022/10/04,2023-11-24,FALSE,2,2
INV-100454,ACC-5589,Pied Piper Group,billing@pied.com,LATAM,Fintech,Tier 3,monthly,50,USD,"$14,950.00",0,completed,ach,08/06/2022,2022-11-27,No,2,2
INV-104723,ACC-7769,Dunder Partners,billing@dunder.com,EMEA,Media,Tier 2,monthly,5,EUR,534.60,0,failed,credit_card,2024-03-01,Jun 6 2024,N,4,0
INV-100314,ACC-8970,Soylent Group,billing@soylent.com,NA,Media,Starter,monthly,100,USD,4900.00,0,Pending,Credit Card,2023-04-18,07/12/2024,0,5,2
INV-100908,ACC-7427,Oscorp Labs,billing@oscorp.com,EMEA,Healthcare, Starter ,Annual,3,USD,1470.00,0,Paid,ACH,Sep 26 2021,2021-10-23,FALSE,4,8
INV-103837,ACC-3738,Soylent Ltd,billing@soylent.com,NA,Energy,starter,annually,50,USD,24500,0,Paid,wire,04/11/2024,2026/01/16,N,4,0
INV-104028,ACC-1535,Prestige Corp,,NA,Education,Tier 3,Annual,1,USD,2990.00,0,success,Wire Transfer,2022-04-18,2024-04-10,No,3,0
INV-103220,ACC-1089,Stark LLC,billing@stark.com,EMEA,Energy,Enterprise,monthly,3,EUR,775,20,completed,credit_card,2021-05-07,2023-03-14,0,3,0
INV-100015,ACC-6344,Wayne Labs,billing@wayne.com,APAC,Energy,STARTER,monthly,250,USD,"$12,250.00",0,Void,,2022/09/09,29-10-2023,FALSE,1,0
INV-101468,ACC-9224,Massive Dynamic Partners,billing@massive.com,EMEA,Gaming,enterprise,annual,3,GBP,"£9,113.52",20,paid,ACH,04/13/2023,2025-12-20,false,5,0
INV-103082,ACC-7674,Vandelay Holdings,,EMEA,Gaming,pro,Monthly,100,EUR,"-10,692.00 EUR",0,Refunded,ach,2023-10-01,2024-01-31,0,2,0
INV-101439,ACC-7513,Massive Dynamic Inc,billing@massive.com,APAC,Travel, Starter ,monthly,1,EUR,52.92,0,PAID,ACH,09/18/2023,2026/03/27,FALSE,3,5
INV-103834,ACC-3567,Oscorp Ltd,billing@oscorp.com,APAC,Media,ENT,yearly,1,USD,"$2,990.00",0,Void,invoice,03/11/2023,27-12-2024,false,4,0
INV-100495,ACC-3618,Wayne LLC,billing@wayne.com,NA,Fintech,enterprise,annual,5,USD,14950.00,0,Paid,credit_card,2024-07-11,2025-11-03,0,4,2
INV-103154,ACC-1474,Umbrella Labs,billing@umbrella.com,EMEA,Gaming,PRO,annually,3,USD,2970.00,0,Void,wire,2022-02-08,2023-08-14,0,4,3
INV-101066,ACC-5617,Cyberdyne Ltd,billing@cyberdyne.com,LATAM,Manufacturing,starter,monthly,1,EUR,52.92,0,completed,credit_card,2024-01-05,2025-07-15,false,3,0
INV-102716,ACC-6538,Tyrell Partners,billing@tyrell.com,LATAM,Retail,pro,Annual,100,EUR,106920.00,0,success,invoice,Nov 10 2021,2023/05/22,N,4,0
INV-101194,ACC-4512,Globex Group,billing@globex.com,EMEA,Education,starter,Monthly,5,USD,245.00,0,Complete,,2023/07/12,02/08/2024,false,4,0
INV-100560,ACC-5671,Acme Inc,billing@acme.com,EMEA,Retail, Starter ,monthly,3,USD,132.30 USD,10,PAID,Credit Card,2022/10/14,04/10/2025,Y,5,0
INV-100103,ACC-7322,Wonka Co,billing@wonka.com,NA,,Start,Monthly,3,GBP,186.69,0,completed,credit_card,Jan 24 2024,Dec 23 2025,1,5,1
INV-100497,ACC-7844,Pied Piper Inc,billing@pied.com,APAC,Retail,ENT,Monthly,10,GBP,-3797,0,refunded,,12/08/2021,2022-01-30,false,4,8
INV-102763,ACC-9609,Wayne Holdings,billing@wayne.com,APAC,,Professional,annual,3,USD,2970.00,0,paid,,2022-06-06,Mar 23 2023,0,4,0
INV-104152,ACC-6906,Tyrell Industries,billing@tyrell.com,LATAM,Energy,ENT,monthly,250,USD,74750.00,0,Paid,ACH,09/23/2024,03/31/2027,FALSE,1,0
INV-104824,ACC-1270,Aperture Holdings,billing@aperture.com,EMEA,Manufacturing,Enterprise ,monthly,50,GBP,18986.50,0,PENDING,ach,2022/04/23,Mar 10 2024,false,3,0
INV-103784,ACC-9387,Globex Partners,billing@globex.com,LATAM,Energy,enterprise ,annual,3,EUR,"8,718.84 EUR",10,paid,Credit Card,01/31/2024,2025-05-04,FALSE,1,0
INV-104267,ACC-3741,Cyberdyne Co,billing@cyberdyne.com,APAC,,Starter,Annual,10,USD,"4,165.00 USD",15,PAID,ach,2021/06/07,07/15/2021,FALSE,4,0
INV-101072,ACC-6277,Umbrella Corp,billing@umbrella.com,APAC,Gaming,Starter,annual,50,USD,24500.00,0,completed,credit_card,May 12 2024,2025-03-15,false,,0
INV-102416,ACC-3608,Oscorp LLC,billing@oscorp.com,APAC,Energy,starter,Monthly,50,GBP,"2,800.35 GBP",10,completed,Credit Card,Dec 26 2022,07/01/2023,No,3,0
INV-104155,ACC-6720,Wonka Co,billing@wonka.com,LATAM,,Tier 1,annual,250,USD,122500.00,0,success,wire,09/23/2021,2022-03-17,Y,5,0
INV-101542,ACC-1890,Vandelay Labs,,NA,Education,STARTER,yearly,10,USD,4900.00,0,paid,,12/31/2021,Nov 30 2022,FALSE,4,3
INV-101109,ACC-3742,Acme LLC,billing_at_acme.com,LATAM,Retail,Tier 1,Monthly,250,USD,"12,250.00 USD",0,PENDING,wire,2022-10-26,03/15/2023,No,4,8
INV-103299,ACC-1615,Pied Piper Ltd,billing@pied.com,APAC,Logistics,starter,annually,5,USD,1960.00,20,cancelled,Wire Transfer,2022-01-21,07/27/2022,N,5,0
INV-102837,ACC-2558,Wonka Inc,billing@wonka.com,NA,Energy,PRO,annually,1,GBP,"£1,257.30",0,Void,credit_card,2024-01-26,2024/08/31,FALSE,3,1
INV-101058,ACC-9641,Tyrell LLC,billing@tyrell.com,NA,Retail,ENT,Monthly,50,USD,14950.00,0,Complete,,2023-03-31,2025-05-15,N,,1
INV-101147,ACC-9913,Gekko Corp,billing@gekko.com,EMEA,Education,STARTER,annual,10,USD,4900.00,0,paid,Wire Transfer,2023-03-03,2025/09/27,Yes,3,0
INV-103697,ACC-7467,Stark Partners,billing@stark.com,NA,Manufacturing,enterprise,yearly,5,USD,14950.00,0,completed,wire,2021-01-15,2022-01-09,No,5,0
INV-101197,ACC-9533,Initech LLC,billing@initech.com,APAC,Gaming,Professional,monthly,25,GBP,2672,15,paid,invoice,2022-04-27,Aug 18 2023,false,,0
INV-103159,ACC-2059,Vandelay Ltd,billing@vandelay.com,APAC,Education,Tier 3,annually,10,GBP,30378.40,20,Paid,Wire Transfer,03/12/2021,2023-01-01,N,,0
INV-102860,ACC-1480,Cyberdyne Ltd,billing@cyberdyne.com,APAC,Energy,enterprise ,Annual,3,USD,8970.00,0,Paid,wire,2022-02-03,2022/04/19,false,3,0
INV-103275,ACC-8454,Oscorp Industries,billing@oscorp.com,LATAM,Energy, Starter ,Monthly,5,GBP,£311.15,0,PENDING,Credit Card,05/10/2023,2023-06-25,FALSE,4,0
INV-102707,ACC-6105,Umbrella Industries,billing@umbrella.com,EMEA,Education,starter,Annual,3,USD,1470.00,0,Paid,ACH,01/12/2022,10/08/2024,1,4,8
INV-103801,ACC-6950,Globex Group,billing_at_globex.com,LATAM,Manufacturing,Pro,annually,50,USD,49500.00,0,Failed,ACH,Oct 9 2024,07/28/2026,false,2,2
INV-101270,ACC-5289,Soylent Ltd,billing@soylent.com,EMEA,Fintech,Enterprise,yearly,50,USD,134550.00,10,Paid,wire,07/31/2022,2024-03-03,FALSE,5,0
INV-103933,ACC-9585,Massive Dynamic Labs,billing@massive.com,NA,Education,STARTER,Monthly,5,GBP,311.15,0,Pending,credit_card,11/24/2021,02/14/2024,Yes,1,0
INV-100434,ACC-9225,Oscorp Co,billing@oscorp.com,APAC,Manufacturing,Start,annual,25,EUR,"€11,907.00",10,canceled,,2024-10-13,01/02/2025,true,4,0
INV-101424,ACC-9769,Initech Partners,billing@initech.com,NA,Energy,Tier 1,Monthly,10,EUR,€529.20,0,canceled,credit_card,2024/08/19,09/02/2026,false,2,0
INV-104496,ACC-7108,Nakatomi Industries,billing@nakatomi.com,EMEA,Gaming,Professional,Annual,10,EUR,10692.00,0,Complete,,05/29/2022,2024-05-04,FALSE,2,3
INV-101562,ACC-6061,Massive Dynamic Industries,billing@massive.com,EMEA,Retail,STARTER,monthly,10,USD,-416.50,15,REFUND,ACH,2021-09-24,07/26/2023,N,5,3
INV-102052,ACC-1987,Gekko Group,billing@gekko.com,EMEA,Travel,enterprise ,monthly,100,EUR,"€32,292.00",0,Paid,ach,02/20/2024,2025-03-30,Y,5,0
INV-101894,ACC-8105,Gekko Group,billing@gekko.com,LATAM,Manufacturing,Enterprise,Annual,50,EUR,161460.00,0,paid,Credit Card,07/24/2024,04/02/2026,0,5,0
INV-103296,ACC-1705,Aperture Ltd,billing@aperture.com,NA,Travel,pro,Monthly,50,USD,4950,0,Paid,,26-04-2024,2025-06-26,false,,5
INV-103052,ACC-4781,Dunder Corp,billing@dunder.com,LATAM,Energy,Tier 1,Annual,10,USD,4900,0,paid,ACH,05/22/2024,2026-09-07,N,5,2
INV-104209,ACC-5816,Prestige Ltd,billing@prestige.com,LATAM,Travel,STARTER,monthly,3,USD,124.95,15,Paid,,11/03/2022,07/08/2024,false,5,8
INV-101067,ACC-7236,Soylent Labs,billing@soylent.com,NA,Healthcare,Pro,monthly,10,USD,990.00 USD,0,Complete,ACH,2022/06/25,2023/10/03,0,2,1
INV-103474,ACC-3404,Globex Labs,billing@globex.com,EMEA,Gaming,pro,annually,100,USD,84150.00,15,success,wire,Sep 13 2023,05/05/2025,N,3,0
INV-102848,ACC-6182,Pied Piper Holdings,billing_at_pied.com,APAC,Travel,STARTER,monthly,1,USD,49.00,0,completed,ACH,04-01-2024,12/21/2024,N,3,0
INV-101397,ACC-3931,Aperture Labs,billing@aperture.com,LATAM,Fintech,enterprise,annually,250,EUR,"€726,570.00",10,PAID,Credit Card,2023/12/29,2025-10-09,false,5,0
INV-102667,ACC-3126,Dunder Ltd,billing@dunder.com,NA,Media, Starter ,Monthly,5,USD,245.00,0,Complete,Credit Card,Jan 2 2024,2026-02-24,TRUE,,0
INV-104039,ACC-7521,Wayne Partners,billing_at_wayne.com,NA,Travel,enterprise ,monthly,5,USD,1495.00,0,void,invoice,10/26/2022,07/11/2023,1,5,0
INV-102546,ACC-2105,Umbrella Inc,billing@umbrella.com,LATAM,Energy,Tier 2,monthly,100,USD,9900.00,0,Complete,credit_card,2024-09-13,2025/02/26,N,5,0
INV-100666,ACC-9879,Stark Holdings,,APAC,Retail,Tier 2,Monthly,10,EUR,801.90,25,Complete,wire,2022/09/03,2023-10-23,0,5,0
INV-101586,ACC-5288,Wayne Partners,billing@wayne.com,NA,Travel,STARTER,Monthly,250,USD,12250.00,0,awaiting,credit_card,2021-11-15,04/05/2023,0,2,0
INV-103319,ACC-5851,Vandelay Co,billing@vandelay.com,APAC,, Starter ,annual,3,EUR,"€1,349.46",15,Paid,ACH,11/17/2021,04/15/2022,FALSE,4,1
INV-101186,ACC-1135,Cyberdyne Corp,billing@cyberdyne.com,EMEA,Media,Pro ,Annual,10,EUR,10692.00,0,paid,ACH,2023/01/31,2025/08/28,false,4,3
INV-103432,ACC-8373,Hooli Holdings,billing@hooli.com,NA,Healthcare,Pro ,Monthly,250,USD,24750.00,0,success,Wire Transfer,2023-02-17,2023-05-11,N,3,0
INV-100813,ACC-5024,Massive Dynamic Ltd,billing@massive.com,LATAM,Travel,Start,Annual,100,USD,"$44,100.00",10,success,credit_card,2021/09/04,03/19/2023,N,3,0
INV-104226,ACC-7571,Globex Labs,billing@globex.com,APAC,Retail,starter,yearly,10,USD,4900.00,0,PAID,Credit Card,2023/12/29,2026-05-27,N,,0
INV-103870,ACC-5398,Vandelay Industries,billing@vandelay.com,LATAM,,Pro ,annually,100,USD,-99000.00,0,refunded,Wire Transfer,Apr 14 2023,02/28/2025,FALSE,5,0
INV-103761,ACC-3122,Dunder LLC,billing@dunder.com,NA,Logistics,PRO,Annual,5,USD,4455.00,10,success,credit_card,Mar 15 2023,2023-09-26,false,5,5
INV-103693,ACC-6640,Wayne Corp,,LATAM,Healthcare,Pro,monthly,1,USD,89.10,10,paid,ACH,Jan 18 2023,2023/08/17,N,5,0
INV-100273,ACC-9805,Initech Inc,billing@initech.com,APAC,Education, Starter ,Annual,5,USD,2450.00,0,completed,credit_card,2024/07/25,2025-01-04,Y,5,0
INV-102977,ACC-7315,Cyberdyne Industries,billing@cyberdyne.com,NA,Education,Pro,Monthly,5,USD,445.50 USD,10,completed,credit_card,07/15/2023,2025-08-02,No,3,0
INV-103293,ACC-9929,Aperture Group,billing@aperture.com,APAC,, Starter ,Annual,3,USD,1323.00,10,PENDING,ACH,08/24/2023,09/05/2023,N,1,0
INV-100975,ACC-3874,Massive Dynamic Partners,billing@massive.com,LATAM,Healthcare,starter,yearly,10,EUR,4233.60,20,success,Credit Card,05/18/2023,01/21/2025,TRUE,3,0
INV-103060,ACC-8158,Nakatomi LLC,billing@nakatomi.com,EMEA,Energy,Tier 2,annual,3,USD,2228,25,completed,ach,09/17/2021,2021-11-20,1,1,0
INV-102206,ACC-6370,Soylent Group,billing@soylent.com,APAC,Fintech,starter,monthly,25,USD,"1,225.00 USD",0,PAID,Wire Transfer,2024/03/04,2026-06-13,No,5,1
INV-102774,ACC-3384,Acme Inc,billing@acme.com,NA,Manufacturing,Start,Monthly,10,EUR,449.82,15,paid,wire,Oct 21 2021,2022/01/12,0,1,0
INV-100602,ACC-4765,Cyberdyne Inc,billing@cyberdyne.com,LATAM,Gaming,Tier 2,annually,50,USD,49500,0,completed,credit_card,06/02/2024,2025-11-08,No,2,0
INV-103952,ACC-9851,Dunder Partners,billing_at_dunder.com,LATAM,Fintech, Starter ,Monthly,3,USD,$117.60,20,success,,2022-09-21,2025-03-06,false,5,5
INV-104505,ACC-2954,Oscorp Group,billing@oscorp.com,NA,Education,ENT,Monthly,100,USD,23920.00,20,completed,Credit Card,2021-05-22,Jul 17 2023,N,3,1
INV-104791,ACC-2528,Gekko Co,billing@gekko.com,EMEA,Education,ENT,monthly,3,USD,897.00,0,Complete,ach,2021-11-17,07/23/2023,0,2,0
INV-104834,ACC-1609,Umbrella LLC,billing@umbrella.com,NA,Media,Professional,annual,5,EUR,4544.10,15,FAILED,credit_card,01-04-2024,2026-07-05,FALSE,3,0
INV-101578,ACC-8119,Initech Ltd,billing@initech.com,NA,Healthcare,Starter,annual,100,USD,49000.00,0,FAILED,wire,2021-06-08,04-03-2023,false,,0
INV-100097,ACC-2923,Initech Co,billing@initech.com,APAC,Media,pro,yearly,10,USD,8415,15,Paid,Credit Card,2021-05-02,2022/12/06,0,4,8
INV-103124,ACC-1662,Massive Dynamic Holdings,billing@massive.com,EMEA,Gaming,Starter,monthly,100,USD,"-3,675.00 USD",25,charged_back,ACH,2024-06-27,Sep 25 2024,Yes,4,0
INV-102402,ACC-3584,Prestige Ltd,,APAC,Media,pro,annually,5,USD,4950.00,0,awaiting,ACH,2023-02-02,2025-09-03,FALSE,4,2
INV-103550,ACC-9286,Cyberdyne Industries,billing@cyberdyne.com,NA,Energy,enterprise,monthly,100,USD,29900.00,0,completed,Credit Card,Mar 3 2022,02-11-2024,FALSE,5,0
INV-100216,ACC-5961,Tyrell Industries,billing@tyrell.com,LATAM,Healthcare, Starter ,annually,3,USD,1470.00,0,PAID,Credit Card,Dec 28 2021,2023-07-18,TRUE,4,0
INV-102818,ACC-5405,Acme Industries,billing@acme.com,APAC,Education,Starter,Monthly,3,GBP,186.69,0,Complete,Wire Transfer,11/17/2023,08/06/2026,N,4,0
INV-101006,ACC-6307,Aperture Holdings,billing@aperture.com,APAC,Logistics,enterprise,annually,100,USD,299000.00,0,declined,,2021-06-12,2022/02/03,No,,1
INV-102640,ACC-4403,Acme Partners,billing@acme.com,LATAM,Gaming,Start,annual,3,EUR,1429,10,success,credit_card,11/02/2022,Jun 22 2025,N,1,0
INV-101975,ACC-8838,Wayne Ltd,billing@wayne.com,EMEA,Energy,Professional,yearly,10,EUR,"€9,622.80",10,success,invoice,07-02-2021,Aug 23 2021,Y,5,0
INV-101083,ACC-2850,Nakatomi Ltd,billing@nakatomi.com,APAC,Logistics,Enterprise,Annual,3,USD,"$8,970.00",0,paid,credit_card,2023/12/01,Dec 26 2023,FALSE,5,0
INV-103133,ACC-4749,Initech Industries,billing@initech.com,APAC,Gaming,Tier 3,monthly,50,GBP,18986.50,0,Paid,,Jan 19 2022,2023/04/14,No,3,0
INV-104995,ACC-4405,Soylent Industries,billing@soylent.com,NA,Energy,STARTER,Monthly,25,USD,918.75,25,VOID,ach,2024/01/28,11/14/2024,1,5,2
INV-101136,ACC-9960,Acme Ltd,billing@acme.com,EMEA,Education,Starter,Annual,10,USD,"$4,410.00",10,Void,credit_card,08/06/2022,2025-01-21,false,1,3
INV-103539,ACC-3323,Initech Corp,billing@initech.com,EMEA,Travel, Starter ,yearly,10,USD,4900.00,0,PENDING,wire,2021/05/15,10/18/2022,false,4,0
INV-103362,ACC-5511,Initech Partners,billing@initech.com,EMEA,Logistics, Starter ,annual,100,USD,49000.00,0,completed,Credit Card,2023-03-21,2025-10-27,FALSE,3,3
INV-100916,ACC-3367,Tyrell LLC,billing@tyrell.com,APAC,Gaming,STARTER,Annual,25,GBP,-11668.12,25,charged_back,invoice,2023-01-19,2024-12-07,N,4,0
INV-102978,ACC-8897,Nakatomi Inc,,NA,Travel,Pro,annually,5,USD,3960.00,20,PAID,ach,2021-10-20,11/18/2023,true,1,0
INV-101692,ACC-8613,Vandelay LLC,billing@vandelay.com,LATAM,Retail,Starter,monthly,5,GBP,264,15,success,invoice,06-03-2023,2023-10-29,No,4,0
INV-103122,ACC-6405,Wonka Industries,billing_at_wonka.com,LATAM,Healthcare,Professional,annually,50,USD,49500,0,declined,ach,2022/05/11,Jul 7 2024,FALSE,5,0
INV-103006,ACC-5473,Initech Inc,billing@initech.com,LATAM,Education,Enterprise,monthly,100,USD,29900.00,0,PENDING,ach,03/31/2022,2023-11-15,Y,1,0
INV-103127,ACC-8996,Cyberdyne Labs,billing@cyberdyne.com,EMEA,Travel,Enterprise,monthly,5,USD,1270.75,15,PAID,credit_card,08/22/2021,11/18/2022,true,4,0
INV-103932,ACC-5563,Gekko Labs,,EMEA,Education,Tier 1,Monthly,5,EUR,€264.60,0,paid,,2022/09/29,2022/11/10,N,4,0
INV-103378,ACC-6001,Prestige LLC,billing@prestige.com,NA,Manufacturing,Professional,monthly,250,USD,"24,750.00 USD",0,Complete,,03/10/2021,07/17/2021,false,3,2
INV-103460,ACC-8101,Acme Partners,billing@acme.com,LATAM,Gaming,Tier 2,monthly,5,USD,495.00,0,PAID,wire,12/17/2021,2023-02-21,N,4,0
INV-103806,ACC-2801,Dunder Partners,billing@dunder.com,EMEA,Travel,starter,annually,250,GBP,"£155,575.00",0,paid,Credit Card,05/12/2021,2022-02-27,0,2,2
INV-102046,ACC-8399,Oscorp Partners,billing@oscorp.com,NA,Education,pro,monthly,3,USD,297.00,0,canceled,wire,2021-01-18,05/26/2023,false,5,0
INV-103523,ACC-5856,Stark LLC,billing@stark.com,EMEA,Energy,Tier 1,monthly,5,USD,245.00,0,PENDING,,2023-08-13,2025-12-07,0,3,0
INV-101926,ACC-4150,Globex Partners,billing@globex.com,EMEA,Media,enterprise ,Annual,10,GBP,37973,0,Complete,,2022/08/10,2024-10-26,false,,0
INV-104570,ACC-5600,Soylent Group,billing_at_soylent.com,APAC,Manufacturing,Enterprise ,monthly,10,USD,"$2,691.00",10,success,,May 3 2024,2025-06-30,N,3,0
INV-100540,ACC-9576,Aperture Holdings,billing@aperture.com,NA,Logistics,enterprise,Annual,250,EUR,"€605,475.00",25,completed,ach,2022-09-04,12/31/2022,FALSE,4,0
INV-103459,ACC-9253,Umbrella Co,billing@umbrella.com,EMEA,Energy,Professional,Monthly,50,USD,"$4,950.00",0,Failed,ACH,Oct 23 2024,2026/09/02,0,,0
INV-102444,ACC-7379,Initech LLC,,LATAM,Healthcare,Starter,annually,5,USD,2450.00,0,success,Wire Transfer,06/30/2023,2026-01-17,N,5,0
INV-102827,ACC-1707,Aperture LLC,billing@aperture.com,NA,Healthcare,starter,monthly,100,USD,4900.00,0,PAID,credit_card,02/07/2022,08/19/2024,N,5,0
INV-103265,ACC-6895,Initech Group,billing@initech.com,NA,,Pro ,annually,250,USD,247500.00,0,success,Credit Card,12/05/2021,2023/09/10,No,4,0
INV-101738,ACC-4823,Tyrell Ltd,billing@tyrell.com,APAC,Retail, Starter ,monthly,10,USD,490.00 USD,0,success,wire,2022/05/07,11/20/2023,false,4,0
INV-100109,ACC-2391,Tyrell Co,billing@tyrell.com,APAC,Logistics,Tier 2,annual,5,USD,3712.50,25,success,ach,2022-04-30,2023/02/22,false,4,0
INV-103490,ACC-7267,Pied Piper Partners,billing@pied.com,LATAM,Energy, Starter ,Monthly,10,USD,$441.00,10,failed,ach,04/13/2024,02/12/2025,FALSE,4,0
INV-101341,ACC-3861,Dunder Co,billing@dunder.com,LATAM,Manufacturing,enterprise,Monthly,10,EUR,"€-3,229.20",0,refunded,wire,2022/06/07,2022-07-07,No,5,1
INV-102348,ACC-8893,Stark Labs,billing@stark.com,APAC,Gaming,STARTER,Annual,25,EUR,"10,584.00 EUR",20,Failed,credit_card,2022/11/05,Nov 28 2022,N,4,0
INV-101538,ACC-8084,Acme Co,billing@acme.com,APAC,Logistics, Starter ,annual,100,EUR,52920.00,0,paid,invoice,Jul 9 2023,01/28/2026,false,4,0
INV-104170,ACC-2649,Acme Labs,billing@acme.com,APAC,Media,Enterprise,monthly,250,USD,74750.00,0,failed,credit_card,08/08/2024,12/26/2026,false,2,2
INV-103769,ACC-7890,Cyberdyne Labs,billing@cyberdyne.com,APAC,Education,Professional,Annual,5,EUR,5346.00,0,Complete,credit_card,01/06/2023,2024-07-09,N,4,0
INV-103644,ACC-8705,Massive Dynamic Industries,billing@massive.com,EMEA,, Starter ,annual,100,EUR,52920.00,0,in_review,ach,2023-09-30,2025-08-30,No,4,0
INV-103717,ACC-5106,Pied Piper LLC,billing@pied.com,LATAM,Travel,Enterprise ,Monthly,100,USD,29900.00,0,pending,credit_card,02/22/2024,Jun 12 2024,No,5,1
INV-103998,ACC-6156,Wonka Inc,billing@wonka.com,LATAM,Fintech,Tier 1,Annual,3,USD,1470.00,0,Paid,invoice,Dec 22 2022,2025/08/05,FALSE,,2
INV-100473,ACC-5074,Tyrell Industries,billing@tyrell.com,EMEA,Energy,Starter,annually,25,EUR,11907.00,10,completed,ach,2024-01-26,2025-11-19,false,4,0
INV-100603,ACC-8333,Prestige Labs,billing@prestige.com,LATAM,Gaming,starter,monthly,250,GBP,"£14,001.75",10,Complete,invoice,06/11/2024,2024/08/15,FALSE,5,0
INV-104337,ACC-1257,Wayne Co,,LATAM,Energy,Professional,yearly,100,GBP,-94297.50,25,REFUND,,Jun 4 2023,2026-02-26,false,4,2
INV-100911,ACC-1007,Soylent Group,billing@soylent.com,APAC,Manufacturing,STARTER,monthly,10,USD,$490.00,0,success,Credit Card,12/31/2023,Feb 24 2026,Yes,4,1
INV-103260,ACC-7630,Stark Inc,billing@stark.com,LATAM,Healthcare,Enterprise,monthly,25,USD,6353.75,15,awaiting,ach,2023-08-21,12/25/2025,N,5,3
INV-102055,ACC-9539,Soylent LLC,billing@soylent.com,EMEA,Fintech,Tier 2,monthly,10,USD,841.50,15,VOID,wire,May 17 2022,2022/07/13,0,5,2
INV-100682,ACC-6925,Aperture Industries,billing@aperture.com,APAC,Retail,Tier 1,annually,10,USD,"$4,900.00",0,Complete,ACH,02/07/2022,2024-01-09,FALSE,3,0
INV-101938,ACC-2268,Umbrella Industries,billing@umbrella.com,EMEA,Energy,STARTER,monthly,10,USD,392,20,PAID,,2022-05-05,2023-09-27,0,,0
INV-102766,ACC-3346,Hooli Ltd,,APAC,Healthcare,starter,annually,50,USD,"$20,825.00",15,Paid,invoice,2022/08/11,2024/12/24,N,3,0
INV-104026,ACC-9885,Vandelay Labs,billing@vandelay.com,NA,Manufacturing,pro,Monthly,5,USD,371.25,25,declined,Wire Transfer,09/11/2023,Oct 26 2023,0,4,2
INV-101683,ACC-4978,Gekko Labs,,LATAM,Manufacturing,Enterprise,Monthly,250,USD,74750.00,0,completed,Credit Card,06/19/2024,2024/09/23,FALSE,,0
INV-103878,ACC-7220,Soylent Industries,billing@soylent.com,NA,Education, Starter ,annual,50,USD,24500.00,0,success,ACH,10/17/2021,03/25/2023,true,2,0
INV-102658,ACC-6517,Nakatomi LLC,billing@nakatomi.com,NA,Energy,enterprise ,annually,10,USD,29900,0,Paid,Wire Transfer,2024/07/14,2026-11-05,Yes,,0
INV-104970,ACC-9224,Massive Dynamic Labs,billing@massive.com,EMEA,Energy,Tier 1,Monthly,1,USD,49.00,0,failed,ach,01/01/2024,06/07/2025,No,1,2
INV-101744,ACC-1541,Hooli LLC,billing@hooli.com,LATAM,Retail,STARTER,yearly,10,USD,"$4,900.00",0,failed,,2024-04-20,2026-03-05,FALSE,5,0
INV-101259,ACC-1846,Globex Corp,billing@globex.com,EMEA,Travel,Tier 2,yearly,10,USD,"$9,900.00",0,completed,,Jan 16 2023,2024-10-16,N,2,3
INV-104465,ACC-5547,Cyberdyne Corp,billing@cyberdyne.com,APAC,Healthcare,ENT,Monthly,1,USD,$299.00,0,success,ACH,07/28/2021,2022-01-04,TRUE,3,5
INV-104061,ACC-8578,Nakatomi Holdings,,LATAM,,Tier 1,monthly,5,EUR,265,0,success,ach,2023-08-09,2024/10/15,No,3,0
INV-104807,ACC-8299,Umbrella Holdings,billing@umbrella.com,APAC,Healthcare,Professional,Monthly,10,USD,990.00,0,declined,,2022-02-04,Sep 17 2022,false,2,0
INV-104049,ACC-1518,Vandelay Corp,billing@vandelay.com,NA,Retail,STARTER,annually,10,USD,4900.00,0,Paid,ACH,2021-07-02,2022/10/16,0,,2
INV-101522,ACC-4220,Oscorp Holdings,billing@oscorp.com,APAC,Travel,Pro,yearly,1,EUR,"€1,069.20",0,Paid,invoice,2023-08-15,07/12/2025,N,3,3
INV-104988,ACC-4336,Oscorp Ltd,billing@oscorp.com,NA,Logistics,STARTER,annually,25,USD,11025.00,10,Paid,,2024-01-07,2026-03-12,N,5,0
INV-102393,ACC-9470,Nakatomi Ltd,billing@nakatomi.com,NA,Gaming,STARTER,Monthly,10,EUR,€476.28,10,Void,wire,2022-02-20,07/05/2023,false,3,0
INV-100665,ACC-4633,Oscorp Labs,billing@oscorp.com,LATAM,,Pro,Annual,100,GBP,"125,730.00 GBP",0,FAILED,invoice,2023-12-10,2026-01-30,FALSE,3,0
INV-101028,ACC-7937,Hooli LLC,billing@hooli.com,APAC,Manufacturing,Pro,annually,250,EUR,"€227,205.00",15,Paid,Credit Card,2024-05-20,2025-01-12,FALSE,4,0
INV-102748,ACC-2870,Oscorp Co,,LATAM,Education,Start,Annual,100,USD,49000.00,0,PAID,invoice,2021-03-04,12/07/2021,No,3,1
INV-104341,ACC-9862,Pied Piper Co,billing@pied.com,APAC,, Starter ,Monthly,10,GBP,466.73,25,paid,invoice,2022-06-30,14-10-2022,0,5,0
INV-103241,ACC-2566,Soylent Ltd,billing@soylent.com,NA,,PRO,monthly,3,USD,$222.75,25,success,ach,2024/04/18,Nov 6 2024,FALSE,3,2
INV-100569,ACC-4616,Gekko Corp,billing@gekko.com,EMEA,Travel,pro,monthly,25,USD,"-2,475.00 USD",0,charged_back,ach,2022-07-29,05/17/2024,N,5,2
INV-100030,ACC-5719,Prestige Corp,billing@prestige.com,NA,Energy, Starter ,monthly,100,GBP,"£5,600.70",10,Paid,ACH,09/29/2022,2024/04/15,Y,4,0
INV-101170,ACC-4239,Gekko Ltd,billing@gekko.com,APAC,Logistics,Tier 2,annually,25,USD,"$22,275.00",10,void,credit_card,2024-06-16,2026/05/03,TRUE,3,0
INV-100064,ACC-6228,Prestige LLC,billing@prestige.com,APAC,Manufacturing,Starter,Annual,10,USD,4165.00,15,Complete,,05/07/2023,2024-01-16,false,,0
INV-102381,ACC-1718,Stark Corp,billing@stark.com,EMEA,Travel,Tier 1,Monthly,25,USD,"-1,041.25 USD",15,REFUND,wire,2021/07/24,04/28/2023,1,4,0
INV-102877,ACC-5456,Tyrell LLC,billing@tyrell.com,NA,Energy,Pro,Monthly,100,EUR,10692,0,paid,invoice,06/30/2021,2022-10-08,false,5,0
INV-101071,ACC-2160,Aperture Holdings,billing@aperture.com,LATAM,Manufacturing,Start,monthly,1,USD,49.00 USD,0,FAILED,Credit Card,2021-05-14,05/03/2023,0,1,0
INV-103445,ACC-9078,Prestige Holdings,billing@prestige.com,APAC,Education,pro,annual,100,USD,99000.00,0,paid,wire,20-02-2024,2024-10-28,Yes,2,0
INV-103181,ACC-7462,Stark Co,billing@stark.com,LATAM,Energy,Starter,Monthly,1,USD,44.10,10,completed,wire,2021-06-02,2022-04-18,FALSE,4,0
INV-104236,ACC-2777,Tyrell Co,billing@tyrell.com,LATAM,Media,Tier 2,monthly,50,GBP,"6,286.50 GBP",0,canceled,Wire Transfer,2024-02-28,07-09-2025,N,4,1
INV-102356,ACC-6700,Nakatomi Holdings,billing@nakatomi.com,EMEA,Logistics,starter,monthly,1,USD,$49.00,0,Pending,ACH,2023-01-24,21-06-2023,No,5,0
INV-104102,ACC-1505,Prestige LLC,billing@prestige.com,APAC,Logistics,starter,annual,25,USD,"$10,412.50",15,Complete,Credit Card,Dec 5 2021,2022-07-28,N,1,5
INV-103630,ACC-5816,Wonka Partners,billing_at_wonka.com,EMEA,Healthcare,Start,annual,50,USD,"$24,500.00",0,Paid,ach,2023/07/08,Feb 3 2024,true,5,0
INV-103069,ACC-7395,Aperture Partners,billing@aperture.com,LATAM,Travel,Enterprise ,annual,50,USD,"$119,600.00",20,Paid,invoice,2024-07-22,08/27/2026,false,4,2
INV-102420,ACC-2301,Oscorp Holdings,billing@oscorp.com,NA,Retail,STARTER,Monthly,5,USD,245.00,0,cancelled,ach,2023/01/27,26-07-2024,0,4,0
INV-102928,ACC-4850,Oscorp Co,billing_at_oscorp.com,APAC,Gaming,Start,yearly,1,EUR,€529.20,0,PENDING,ach,2021-10-06,09/15/2023,TRUE,5,0
INV-100939,ACC-9433,Nakatomi Co,billing@nakatomi.com,NA,Energy,Tier 3,Monthly,1,USD,$224.25,25,Complete,Wire Transfer,10/28/2022,2023-04-19,No,5,0
INV-101435,ACC-9014,Aperture Ltd,billing@aperture.com,APAC,Energy,Tier 2,monthly,10,EUR,1069.20,0,FAILED,invoice,07/05/2024,13-06-2026,FALSE,5,0
INV-101061,ACC-3206,Acme Inc,billing@acme.com,LATAM,Healthcare,STARTER,Annual,50,USD,24500.00,0,Complete,invoice,2022-05-11,2022-05-29,0,2,0
INV-104658,ACC-1198,Stark Corp,billing@stark.com,EMEA,Fintech,Tier 3,annually,3,USD,"$7,176.00",20,failed,Wire Transfer,01/07/2023,01/07/2024,N,4,0
INV-103394,ACC-4264,Nakatomi Industries,billing@nakatomi.com,EMEA,Manufacturing,starter,yearly,250,EUR,-132300.00,0,refunded,,11/25/2021,2023/10/08,FALSE,1,3
INV-102689,ACC-3400,Pied Piper Ltd,billing@pied.com,NA,Retail,PRO,yearly,1,USD,$841.50,15,void,ACH,Jun 29 2023,Dec 8 2025,true,1,0
INV-100913,ACC-8839,Umbrella Labs,billing@umbrella.com,EMEA,Healthcare,Pro ,Monthly,100,USD,9900.00,0,Complete,wire,05/19/2022,2022-10-04,TRUE,5,0
INV-101233,ACC-5573,Massive Dynamic Inc,,EMEA,Fintech,starter,monthly,250,USD,12250.00,0,canceled,Wire Transfer,06/08/2021,2023/07/02,No,1,2
INV-103213,ACC-5288,Massive Dynamic Holdings,billing@massive.com,LATAM,Logistics,pro,monthly,5,GBP,629,0,error,Credit Card,07/02/2021,2022-06-15,Yes,4,1
INV-103243,ACC-1196,Globex Inc,billing@globex.com,EMEA,Travel,PRO,Monthly,250,USD,22275.00,10,success,,2021-05-09,2023/12/27,false,2,1
INV-100129,ACC-2166,Massive Dynamic Partners,billing@massive.com,EMEA,Logistics,starter,Monthly,250,USD,12250.00,0,Paid,Credit Card,02/15/2022,01/31/2023,FALSE,5,0
INV-104078,ACC-5289,Tyrell Partners,billing@tyrell.com,LATAM,Healthcare,Starter,monthly,250,USD,11025.00,10,Pending,Wire Transfer,2021/05/07,01/15/2023,false,4,0
INV-104627,ACC-5063,Acme Partners,billing@acme.com,EMEA,, Starter ,annually,5,USD,2450.00,0,error,Credit Card,2023-01-01,19-10-2024,false,,0
INV-102515,ACC-8472,Prestige Corp,billing@prestige.com,APAC,Logistics,Start,monthly,10,USD,392.00,20,Failed,,2021-11-14,2022/08/26,No,2,2
INV-104994,ACC-5873,Globex Corp,billing@globex.com,EMEA,Education,enterprise,Monthly,25,USD,7475.00,0,paid,credit_card,2022-05-09,2023-06-08,1,2,1
INV-100225,ACC-7662,Prestige Inc,billing_at_prestige.com,LATAM,Energy,enterprise,Annual,25,USD,"74,750.00 USD",0,Complete,invoice,2021-11-28,Nov 18 2023,0,5,0
INV-101227,ACC-5785,Aperture Labs,billing@aperture.com,APAC,Gaming,starter,annually,50,EUR,"€26,460.00",0,success,,2021-12-07,Jan 25 2024,No,4,0
INV-103725,ACC-9887,Initech Partners,billing@initech.com,LATAM,Retail,ENT,yearly,250,EUR,726570.00,10,pending,wire,May 15 2021,2023/05/07,0,1,0
INV-102099,ACC-7569,Hooli Labs,billing@hooli.com,APAC,,Tier 3,monthly,250,EUR,80730,0,completed,invoice,04/03/2021,10/26/2022,FALSE,4,0
INV-102433,ACC-7664,Wonka Group,billing@wonka.com,APAC,Logistics,Tier 1,Annual,10,USD,"$4,900.00",0,Complete,invoice,08/30/2022,01/14/2024,0,4,0
INV-104426,ACC-4251,Tyrell Holdings,billing@tyrell.com,APAC,,Start,annually,25,EUR,13230.00,0,awaiting,credit_card,May 13 2021,2021-09-11,N,4,3
INV-103344,ACC-3163,Dunder Ltd,billing@dunder.com,EMEA,Logistics,starter,Annual,10,USD,"$4,900.00",0,Paid,Credit Card,2024-10-15,2025-03-12,N,4,0
INV-104748,ACC-3832,Aperture Holdings,billing@aperture.com,LATAM,Gaming,Pro,Annual,10,GBP,"£12,573.00",0,paid,,11/03/2022,2023-09-21,N,2,0
INV-104265,ACC-9071,Umbrella Holdings,billing@umbrella.com,NA,Education,STARTER,Annual,5,USD,2450.00,0,failed,Credit Card,2022-03-25,10/24/2022,0,4,0
INV-104012,ACC-8687,Dunder Inc,billing@dunder.com,EMEA,,Start,Monthly,3,EUR,158.76,0,PAID,Credit Card,06/18/2022,Oct 21 2024,No,4,1
INV-102565,ACC-9017,Soylent Inc,billing@soylent.com,LATAM,Travel,STARTER,Monthly,250,USD,"$9,800.00",20,Complete,ACH,05/18/2023,10/04/2023,1,5,0
INV-104085,ACC-3464,Aperture Holdings,billing@aperture.com,NA,Gaming,enterprise ,annual,10,USD,29900.00,0,FAILED,,2024-04-02,2025/12/12,0,2,2
INV-103025,ACC-3482,Initech Group,billing@initech.com,NA,Manufacturing,Tier 2,annually,1,EUR,1069.20,0,VOID,ACH,2023/02/28,2023/09/25,false,4,2
INV-102773,ACC-6044,Stark Holdings,billing@stark.com,LATAM,,Professional,Annual,1,USD,990.00,0,PAID,invoice,01-06-2023,2024-12-18,No,,0
INV-103027,ACC-6206,Tyrell Holdings,billing@tyrell.com,LATAM,Retail, Starter ,annually,25,USD,12250.00,0,Complete,credit_card,08/26/2022,2024-06-07,false,5,5
INV-102733,ACC-2061,Globex Inc,billing@globex.com,EMEA,Healthcare,STARTER,yearly,50,USD,"$24,500.00",0,success,ACH,06/12/2022,2024-12-23,0,4,0
INV-101809,ACC-6079,Wayne Ltd,billing@wayne.com,EMEA,Healthcare,starter,annually,1,USD,416.50,15,success,Wire Transfer,01/31/2024,2026-06-25,No,1,1
INV-104839,ACC-5954,Aperture Co,billing@aperture.com,NA,,PRO,monthly,25,USD,2103.75,15,Complete,credit_card,01/27/2024,02/28/2024,N,5,0
INV-104752,ACC-4234,Vandelay Inc,billing@vandelay.com,APAC,Travel,Tier 3,Monthly,3,GBP,1025.27,10,completed,Wire Transfer,2022-01-01,2023-07-31,0,5,1
INV-101977,ACC-9540,Initech Group,billing@initech.com,NA,Healthcare,Tier 1,annual,250,USD,"$122,500.00",0,declined,Wire Transfer,05/25/2023,04/11/2024,0,,8
INV-101052,ACC-1314,Massive Dynamic Labs,billing@massive.com,NA,Energy,starter,Annual,5,USD,2450.00,0,Paid,ach,2022-02-10,22-10-2022,0,5,2
INV-102015,ACC-3513,Aperture Group,billing@aperture.com,APAC,Manufacturing,PRO,annual,50,EUR,53460.00,0,paid,,2021/03/12,2022/01/12,N,,2
INV-104263,ACC-9855,Pied Piper LLC,billing@pied.com,EMEA,Logistics,Pro,yearly,25,USD,18562.50,25,declined,invoice,05/17/2021,2023-07-16,FALSE,2,5
INV-102850,ACC-5289,Vandelay Group,billing@vandelay.com,NA,Energy,PRO,Monthly,5,USD,$495.00,0,Paid,ach,2021-05-02,04/29/2022,1,5,0
INV-101279,ACC-8911,Massive Dynamic Partners,billing@massive.com,APAC,Education,PRO,monthly,1,USD,74.25,25,canceled,,2023-08-09,Nov 3 2024,false,,5
INV-102329,ACC-8272,Dunder Partners,,APAC,Logistics,Pro ,Annual,25,USD,24750.00,0,VOID,Wire Transfer,07/15/2024,2027-02-08,false,2,0
INV-100803,ACC-3765,Massive Dynamic Labs,billing@massive.com,LATAM,Fintech,pro,annual,5,EUR,4811.40,10,PAID,wire,Sep 21 2024,05/05/2027,false,3,0
INV-100436,ACC-4999,Gekko Partners,billing@gekko.com,APAC,Media,enterprise ,annual,250,USD,747500.00,0,Paid,wire,2024/07/30,2026/11/08,false,4,0
INV-103597,ACC-7215,Oscorp Corp,billing@oscorp.com,NA,Education,Enterprise,Annual,5,USD,14950.00,0,success,credit_card,2023-10-17,02/02/2026,FALSE,,0
INV-102704,ACC-4639,Wayne Industries,billing@wayne.com,NA,Logistics,Tier 2,annual,10,USD,9900.00,0,Paid,wire,2023-05-02,07/06/2024,N,5,3
INV-102451,ACC-2595,Umbrella Inc,billing@umbrella.com,LATAM,Education,Enterprise,annual,1,EUR,3229.20,0,completed,ach,2023-09-15,2025-08-07,Y,3,0
INV-102610,ACC-3976,Oscorp Corp,billing@oscorp.com,LATAM,Energy,Start,Monthly,50,USD,2450,0,completed,Credit Card,2024-07-19,2024-10-01,false,4,1
INV-104329,ACC-8949,Hooli Industries,billing@hooli.com,NA,Travel,Starter,annual,10,USD,"$4,900.00",0,FAILED,Wire Transfer,2022/09/14,2025-04-09,No,5,0
INV-104516,ACC-1236,Aperture LLC,billing@aperture.com,EMEA,Energy,Enterprise ,Annual,1,USD,"$-2,990.00",0,charged_back,Credit Card,02/05/2023,2023-05-27,FALSE,4,3
INV-101575,ACC-1045,Vandelay LLC,billing@vandelay.com,LATAM,Fintech,starter,Annual,100,USD,49000,0,success,,2024-11-01,2025-04-21,No,5,0
INV-104653,ACC-4435,Vandelay Industries,billing@vandelay.com,EMEA,Fintech,STARTER,yearly,10,USD,4900.00,0,PAID,credit_card,Nov 1 2021,2024/03/08,0,,0
INV-103291,ACC-4373,Cyberdyne Group,billing@cyberdyne.com,APAC,Education,Pro ,yearly,5,USD,4207.50,15,cancelled,credit_card,2022-12-12,2025-04-06,TRUE,5,8
INV-102856,ACC-5101,Umbrella Group,billing@umbrella.com,NA,Logistics,enterprise ,Monthly,250,USD,63537.50,15,success,,2024-03-07,2026/03/29,0,1,1
INV-102069,ACC-1904,Wayne Co,,EMEA,Manufacturing,Start,Monthly,25,USD,1225.00,0,completed,credit_card,2024-07-30,08/17/2024,N,4,0
INV-102888,ACC-9257,Wonka Corp,,NA,Education,Tier 2,monthly,100,USD,"$9,900.00",0,success,credit_card,2021/06/09,10/05/2021,Y,5,1
INV-101290,ACC-3011,Dunder LLC,billing@dunder.com,EMEA,Energy,ENT,monthly,1,USD,299.00 USD,0,paid,,08/23/2024,2025-06-17,FALSE,4,0
INV-100574,ACC-9907,Globex Ltd,billing@globex.com,EMEA,Manufacturing,enterprise,Monthly,250,USD,74750.00,0,PAID,ACH,10/06/2021,2024-01-31,Y,,2
INV-101342,ACC-4809,Wonka Partners,billing@wonka.com,EMEA,Manufacturing,Start,monthly,25,USD,"1,225.00 USD",0,completed,invoice,07/19/2023,2024-09-05,true,3,0
INV-104575,ACC-2138,Acme Inc,billing@acme.com,NA,Travel,Starter,yearly,250,USD,110250.00,10,success,ACH,04/20/2024,08/25/2026,FALSE,2,1
INV-101602,ACC-3732,Prestige Industries,billing@prestige.com,EMEA,Healthcare,starter,annual,1,USD,490.00,0,Complete,Credit Card,03/23/2023,06/22/2023,FALSE,5,0
INV-104259,ACC-1321,Wonka Group,billing@wonka.com,LATAM,Logistics,enterprise ,Monthly,10,USD,2990.00,0,Complete,,2021-05-06,01/05/2024,N,2,3
INV-103170,ACC-4392,Gekko Industries,billing@gekko.com,NA,Retail,enterprise ,yearly,50,USD,"$127,075.00",15,Paid,credit_card,2021-01-16,06/10/2021,No,5,2
INV-100063,ACC-1496,Massive Dynamic Labs,billing@massive.com,APAC,Travel, Starter ,annually,250,USD,"122,500.00 USD",0,declined,Wire Transfer,2021/05/30,May 5 2023,1,5,0
INV-100723,ACC-9373,Wayne Co,billing@wayne.com,EMEA,Gaming,Tier 3,Monthly,3,EUR,968.76,0,Complete,credit_card,2024-05-01,Jan 26 2027,0,5,1
INV-100447,ACC-8929,Pied Piper Corp,billing@pied.com,NA,Gaming,Enterprise,Annual,3,USD,"$8,970.00",0,PAID,Wire Transfer,09/02/2021,2023-06-29,false,5,0
INV-101821,ACC-2809,Soylent Labs,billing@soylent.com,EMEA,Retail,Enterprise ,Monthly,10,EUR,"€3,229.20",0,Failed,wire,2021-09-12,10/01/2021,1,3,0
INV-103569,ACC-4307,Wonka Industries,billing@wonka.com,APAC,Logistics,starter,yearly,5,USD,2205,10,Paid,wire,09-09-2023,2025/07/11,N,3,0
INV-103401,ACC-5047,Tyrell Inc,billing@tyrell.com,EMEA,Fintech,Tier 1,annual,10,USD,"$4,900.00",0,pending,credit_card,2024-03-12,2026-04-23,0,3,0
INV-103218,ACC-1586,Nakatomi Partners,billing@nakatomi.com,APAC,Energy, Starter ,Monthly,5,USD,245.00,0,error,Wire Transfer,07/23/2024,2027/04/07,N,5,0
INV-103409,ACC-2660,Wonka Labs,billing@wonka.com,NA,Gaming,enterprise ,annual,250,USD,747500,0,success,Credit Card,08/11/2024,2026-09-14,No,,5
INV-102212,ACC-2742,Dunder Holdings,billing@dunder.com,LATAM,Fintech,ENT,annually,100,GBP,379730.00,0,declined,invoice,2021-05-15,04/30/2022,FALSE,5,1
INV-103304,ACC-8905,Initech Group,billing@initech.com,NA,Retail,Pro,monthly,10,USD,$990.00,0,completed,invoice,2023-12-30,2024/03/24,FALSE,4,0
INV-100698,ACC-7159,Massive Dynamic LLC,billing@massive.com,NA,Travel,pro,yearly,25,USD,21037.50,15,Complete,ACH,2021/10/08,2021-10-26,No,,0
INV-103929,ACC-3727,Stark Partners,billing@stark.com,LATAM,Energy,Starter,annually,1,EUR,€423.36,20,success,Wire Transfer,2022-07-08,07/25/2023,FALSE,4,1
INV-102185,ACC-7845,Vandelay Corp,billing@vandelay.com,LATAM,Fintech,Pro ,annual,10,EUR,"€8,553.60",20,Failed,ach,2021-10-16,05/27/2024,true,5,0
INV-104036,ACC-3226,Vandelay Co,billing@vandelay.com,EMEA,Retail,Enterprise ,monthly,3,USD,897.00,0,Failed,credit_card,2024/09/25,2027-02-16,No,3,5
INV-100123,ACC-7484,Aperture Inc,billing@aperture.com,EMEA,Fintech,ENT,Monthly,10,GBP,"£-3,797.30",0,refunded,Wire Transfer,2022-09-13,2023-07-28,false,5,0
INV-104165,ACC-9121,Initech Ltd,billing@initech.com,LATAM,Energy,starter,annually,10,GBP,-5600.70,10,Refunded,wire,2022-05-10,Oct 27 2023,No,3,0
INV-103748,ACC-6216,Acme Corp,billing@acme.com,NA,Education,STARTER,annual,250,USD,122500.00,0,pending,ACH,Feb 26 2021,10/26/2022,N,3,5
INV-100593,ACC-6518,Cyberdyne Partners,billing@cyberdyne.com,EMEA,Energy,Enterprise,Monthly,10,USD,2691.00,10,completed,invoice,09/29/2022,Feb 15 2025,0,,0
INV-100671,ACC-6884,Hooli Ltd,billing@hooli.com,LATAM,,starter,Annual,25,USD,12250.00,0,paid,,09/25/2023,2025-04-30,FALSE,1,0
INV-104238,ACC-4656,Globex Holdings,billing@globex.com,LATAM,Retail, Starter ,monthly,3,USD,132.30,10,pending,Wire Transfer,01/03/2024,Oct 15 2025,false,5,0
INV-103273,ACC-5719,Acme Corp,billing@acme.com,LATAM,Energy,ENT,annually,250,USD,747500.00,0,completed,wire,2024/09/16,2026-12-29,0,5,8
INV-104541,ACC-2566,Cyberdyne Industries,billing@cyberdyne.com,LATAM,Fintech,Pro,Annual,100,USD,99000.00,0,void,ach,2023-02-17,2023-10-26,No,3,0
INV-102548,ACC-5699,Initech Industries,,NA,Logistics,enterprise ,annual,5,USD,-14950.00,0,REFUND,credit_card,07/22/2023,2026-01-05,FALSE,3,1
INV-102957,ACC-1034,Stark Labs,billing@stark.com,NA,Media,Tier 1,Annual,3,USD,"$1,470.00",0,success,,05/04/2021,2021-11-01,No,3,0
INV-104585,ACC-3886,Initech Ltd,billing@initech.com,APAC,Media,STARTER,annual,3,USD,1470.00,0,paid,invoice,08/07/2021,2022-05-28,false,4,1
INV-102674,ACC-9380,Tyrell Co,billing@tyrell.com,APAC,Fintech,enterprise ,Annual,50,USD,149500,0,PAID,credit_card,2023-04-14,2025/05/31,false,,5
INV-102311,ACC-8728,Cyberdyne Corp,billing@cyberdyne.com,EMEA,Healthcare,starter,yearly,50,USD,24500.00,0,canceled,invoice,2023-04-11,2024-09-14,FALSE,4,0
INV-102097,ACC-9437,Nakatomi Labs,billing@nakatomi.com,LATAM,Energy,Tier 2,annual,50,USD,"$49,500.00",0,completed,wire,2022-08-09,2024-05-29,0,5,0
INV-104606,ACC-4313,Tyrell Inc,billing@tyrell.com,LATAM,Logistics,pro,yearly,25,USD,"$24,750.00",0,pending,Credit Card,2023/12/28,2026-01-04,1,3,0
INV-102745,ACC-8321,Umbrella Industries,billing@umbrella.com,LATAM,,Tier 2,Monthly,10,USD,990.00,0,Complete,invoice,2024-05-24,2026/10/24,TRUE,5,0
INV-100510,ACC-2046,Soylent Co,billing@soylent.com,LATAM,Education,enterprise,monthly,5,GBP,1423.99,25,PAID,Credit Card,2022/11/24,2023-02-15,false,2,3
INV-102603,ACC-9091,Wayne LLC,billing@wayne.com,NA,Fintech,starter,monthly,25,EUR,1323.00,0,success,ACH,2021/11/26,04/25/2024,N,4,0
INV-104431,ACC-3976,Massive Dynamic LLC,billing@massive.com,NA,Gaming,Starter,Monthly,1,EUR,52.92,0,completed,Wire Transfer,2022/10/24,2023/03/27,false,5,1
INV-100027,ACC-1534,Pied Piper Holdings,billing@pied.com,EMEA,, Starter ,annual,10,USD,"$4,900.00",0,canceled,wire,2022-02-10,04/21/2023,Yes,3,5
INV-102910,ACC-4829,Prestige Labs,billing@prestige.com,NA,Healthcare,Tier 1,Annual,25,USD,"$11,025.00",10,Complete,invoice,01/11/2024,2025-04-04,No,1,0
INV-103332,ACC-5786,Aperture Industries,,NA,Education,Enterprise ,annual,10,USD,"$29,900.00",0,paid,ach,2022-01-22,10/23/2023,false,5,0
INV-102634,ACC-3134,Prestige LLC,billing@prestige.com,APAC,Education,Tier 1,Monthly,10,USD,$490.00,0,Complete,,2021/12/16,04/05/2023,FALSE,1,0
INV-101970,ACC-9207,Massive Dynamic Partners,billing@massive.com,APAC,Energy,ENT,yearly,50,USD,149500.00,0,completed,credit_card,09-07-2021,2023/08/18,Y,,0
INV-100286,ACC-2994,Nakatomi Holdings,billing@nakatomi.com,NA,Manufacturing,Professional,annual,100,EUR,85536.00,20,PAID,Credit Card,Dec 27 2023,2025-03-30,No,4,1
INV-103044,ACC-5689,Nakatomi Ltd,billing@nakatomi.com,EMEA,Travel,Pro,Annual,250,GBP,314325.00,0,Paid,Wire Transfer,09/12/2023,2024-07-08,No,3,2
INV-100259,ACC-4095,Gekko Inc,billing@gekko.com,EMEA,Healthcare,starter,Monthly,5,USD,245.00,0,in_review,wire,2023-10-11,2023-11-21,N,5,0
INV-101621,ACC-9745,Aperture Ltd,billing@aperture.com,NA,Media,starter,Annual,50,USD,24500.00,0,pending,Credit Card,2024-08-18,Feb 4 2026,false,4,5
INV-100074,ACC-4618,Wayne Industries,billing@wayne.com,NA,Gaming,starter,Monthly,100,EUR,"€4,762.80",10,Complete,Credit Card,Aug 23 2023,2025-10-06,N,3,0
INV-104655,ACC-1393,Umbrella Partners,billing@umbrella.com,LATAM,,starter,yearly,1,USD,$-490.00,0,REFUND,ACH,2021-09-03,2022-01-11,No,1,3
INV-101492,ACC-3079,Dunder Corp,billing@dunder.com,APAC,Healthcare,Starter,Annual,50,EUR,21168.00,20,declined,ACH,2022-06-20,Aug 3 2023,1,5,0
INV-104383,ACC-5799,Stark Industries,billing@stark.com,NA,Travel,Starter,yearly,25,USD,12250,0,Paid,credit_card,08/04/2023,05/01/2024,Yes,5,0
INV-104204,ACC-3026,Stark Co,billing@stark.com,NA,Manufacturing,PRO,Monthly,5,USD,495.00,0,completed,wire,2024-06-20,2026/01/12,Yes,3,1
INV-102173,ACC-3326,Umbrella Labs,billing@umbrella.com,LATAM,Gaming,Tier 1,yearly,250,USD,98000,20,pending,credit_card,12/25/2022,2025-05-08,No,5,1
INV-101919,ACC-7268,Dunder LLC,billing@dunder.com,LATAM,Media,ENT,Monthly,250,EUR,68620.50,15,void,credit_card,05/22/2024,2024-06-23,false,1,1
INV-104489,ACC-2131,Nakatomi Corp,billing@nakatomi.com,EMEA,Gaming,Starter,monthly,250,USD,"$10,412.50",15,paid,ACH,08/09/2024,2025-07-01,FALSE,4,3
INV-102102,ACC-3420,Tyrell Inc,billing@tyrell.com,EMEA,,Tier 3,Monthly,10,USD,"$2,541.50",15,Paid,invoice,2024/03/21,Jul 18 2024,0,3,0
INV-101046,ACC-2148,Prestige Group,billing@prestige.com,EMEA,Logistics, Starter ,Annual,100,EUR,"€47,628.00",10,success,,09/11/2023,2024-03-04,0,4,0
INV-104837,ACC-2739,Tyrell Corp,billing@tyrell.com,NA,Energy,enterprise ,monthly,100,GBP,"£37,973.00",0,in_review,ACH,2024/07/07,2027-03-13,0,5,0
INV-104495,ACC-3234,Pied Piper LLC,billing@pied.com,NA,Healthcare,Start,Monthly,10,USD,441.00,10,paid,Wire Transfer,2023-08-11,2023-08-27,1,5,0
INV-102651,ACC-2485,Globex Holdings,billing@globex.com,NA,Manufacturing,Tier 1,Monthly,25,USD,"$1,225.00",0,FAILED,wire,2023-09-04,2025-12-29,Yes,3,0
INV-104395,ACC-6920,Globex Holdings,billing@globex.com,APAC,Manufacturing,starter,Annual,250,USD,122500.00,0,completed,wire,2021-12-19,2023-12-01,Yes,2,0
INV-100889,ACC-3292,Prestige Inc,billing@prestige.com,APAC,Fintech,STARTER,monthly,10,GBP,560,10,cancelled,ACH,2024-04-27,2026/06/22,No,5,0
INV-104501,ACC-2370,Cyberdyne Partners,billing@cyberdyne.com,APAC,Healthcare,Enterprise ,Monthly,250,USD,74750.00,0,completed,ach,2023-05-06,2023-09-28,0,2,1
INV-104786,ACC-9674,Oscorp LLC,billing@oscorp.com,LATAM,Gaming,Professional,Annual,50,USD,42075,15,paid,ACH,2021-11-16,2022-08-14,FALSE,3,1
INV-101629,ACC-4593,Prestige Holdings,billing@prestige.com,LATAM,Energy,Enterprise ,monthly,50,USD,"14,950.00 USD",0,FAILED,Wire Transfer,06/25/2021,01/08/2024,No,4,0
INV-104325,ACC-3074,Initech Co,billing@initech.com,NA,Gaming,starter,Monthly,10,EUR,529.20,0,Complete,invoice,2022/02/18,04/29/2024,No,5,0
INV-101401,ACC-3565,Massive Dynamic Corp,billing@massive.com,NA,Fintech,starter,Monthly,250,EUR,13230.00,0,completed,Wire Transfer,24-10-2024,Oct 21 2025,true,5,0
INV-100614,ACC-3960,Gekko Corp,billing@gekko.com,NA,Gaming,Enterprise ,annually,100,EUR,"322,920.00 EUR",0,success,,2021-10-05,10/28/2022,TRUE,5,0
INV-103172,ACC-8035,Gekko Inc,billing@gekko.com,EMEA,Gaming,Tier 1,yearly,10,EUR,"€5,292.00",0,paid,ACH,2024-03-17,2025/05/30,FALSE,5,2
INV-104179,ACC-1214,Nakatomi Industries,billing@nakatomi.com,APAC,Retail,Tier 3,annual,250,EUR,"€807,300.00",0,completed,invoice,2022-06-21,2024/03/10,false,1,0
INV-104398,ACC-5832,Tyrell Co,,NA,Travel,Starter,Annual,5,USD,"2,450.00 USD",0,paid,credit_card,2021/06/25,Feb 22 2022,false,5,0
INV-104547,ACC-5111,Wayne Labs,billing@wayne.com,NA,Media,Professional,Monthly,3,USD,$297.00,0,Complete,credit_card,May 25 2023,Feb 6 2026,Yes,4,0
INV-102890,ACC-8019,Acme Partners,billing@acme.com,APAC,Travel,enterprise ,annual,100,USD,"$299,000.00",0,Complete,,02/12/2022,2022-04-13,1,5,2
INV-102061,ACC-7052,Stark Ltd,billing@stark.com,NA,,PRO,annually,1,USD,891.00,10,error,,12/07/2023,09/21/2024,No,4,0
INV-100458,ACC-6810,Vandelay Partners,billing@vandelay.com,APAC,Manufacturing,enterprise ,monthly,5,USD,1495.00,0,paid,ACH,2021-03-22,2023-05-29,TRUE,4,0
INV-103198,ACC-6817,Pied Piper Holdings,billing@pied.com,APAC,Healthcare,enterprise ,monthly,10,USD,2242.50,25,VOID,,2024-02-23,01/22/2026,1,5,0
INV-104525,ACC-8725,Acme Partners,billing@acme.com,EMEA,Media,Starter,annual,250,USD,110250.00,10,cancelled,ach,2023/06/15,2024-07-27,No,3,1
INV-100066,ACC-2946,Stark Partners,,APAC,Energy,Starter,annually,50,USD,24500.00,0,Paid,ACH,2023-11-09,12/24/2024,FALSE,1,1
INV-104918,ACC-5453,Gekko Co,billing@gekko.com,EMEA,Education,starter,Monthly,10,USD,441.00,10,Complete,ach,04/18/2024,2026-08-18,Yes,2,0
INV-103977,ACC-9081,Soylent Industries,billing@soylent.com,NA,Education,pro,annual,50,USD,"49,500.00 USD",0,PAID,ACH,2023/04/19,2023-11-17,N,,0
INV-100156,ACC-9369,Hooli Partners,billing@hooli.com,EMEA,Energy, Starter ,annual,25,USD,"$12,250.00",0,paid,Credit Card,2023-12-07,05/05/2026,N,4,0
INV-100931,ACC-1348,Acme Co,,NA,,STARTER,Monthly,100,USD,"$4,410.00",10,Complete,ACH,2024-04-16,2024-08-11,true,4,0
INV-103012,ACC-6372,Oscorp LLC,billing@oscorp.com,EMEA,Manufacturing, Starter ,Monthly,250,USD,12250.00,0,PENDING,ACH,2021-08-21,06/30/2022,TRUE,5,0
INV-101797,ACC-2898,Hooli Group,billing@hooli.com,LATAM,Energy,enterprise,Annual,50,EUR,129168.00,20,Failed,invoice,2024/01/03,12/19/2025,FALSE,4,1
INV-101158,ACC-8323,Massive Dynamic Inc,billing@massive.com,NA,Travel,starter,Monthly,100,GBP,"5,600.70 GBP",10,in_review,ach,2024-04-02,2024-11-18,TRUE,5,1
INV-100885,ACC-3909,Initech Industries,billing@initech.com,LATAM,Media,Enterprise ,annual,25,USD,56062.50,25,in_review,Wire Transfer,2023-01-28,2025-04-13,N,5,0
INV-103579,ACC-8943,Aperture Holdings,billing@aperture.com,LATAM,Gaming,Pro,monthly,10,USD,742.50,25,Paid,,04/05/2023,2024-11-09,true,1,0
INV-100927,ACC-8569,Vandelay Corp,billing@vandelay.com,NA,,Start,Monthly,50,USD,2205.00,10,success,ach,Dec 4 2021,2022-10-27,Y,5,0
INV-100359,ACC-3369,Massive Dynamic Partners,billing@massive.com,LATAM,Fintech, Starter ,monthly,25,EUR,"€1,124.55",15,cancelled,Credit Card,2021-08-21,2023/11/10,FALSE,4,0
INV-101653,ACC-6572,Dunder Inc,billing@dunder.com,APAC,Education, Starter ,Monthly,250,USD,"$12,250.00",0,paid,credit_card,2024/02/26,2025/05/13,No,5,0
INV-102810,ACC-7172,Vandelay Ltd,billing@vandelay.com,NA,Healthcare,pro,yearly,10,USD,9900.00,0,Paid,Wire Transfer,11/04/2021,04/25/2023,0,5,0
INV-103791,ACC-2966,Oscorp Labs,billing@oscorp.com,NA,Education,Start,Annual,1,USD,490.00,0,Paid,wire,2023-03-19,2024-07-14,FALSE,4,0
INV-100631,ACC-8192,Vandelay Co,billing@vandelay.com,EMEA,Fintech,Professional,annual,50,USD,49500.00,0,paid,ach,2023/09/21,10-07-2024,N,5,0
INV-101720,ACC-7817,Vandelay Inc,billing@vandelay.com,NA,Fintech,pro,monthly,25,USD,1980.00,20,VOID,invoice,2022-08-28,2023-07-13,FALSE,5,2
INV-101831,ACC-5118,Umbrella Industries,billing@umbrella.com,EMEA,Manufacturing,enterprise,monthly,10,GBP,"3,417.57 GBP",10,void,ACH,2023-12-16,2025-11-08,false,2,0
INV-101491,ACC-3127,Cyberdyne Holdings,billing@cyberdyne.com,NA,Healthcare,Pro ,Annual,1,EUR,909,15,Complete,Wire Transfer,Feb 26 2022,11/30/2022,0,3,3
INV-104800,ACC-5036,Initech Industries,billing@initech.com,LATAM,Travel,Tier 3,Annual,1,USD,2691.00,10,paid,ach,07/12/2024,04/22/2025,N,5,1
INV-100760,ACC-7700,Soylent Co,billing@soylent.com,NA,Logistics,Start,monthly,10,USD,490.00,0,success,Credit Card,2024-01-12,2025-01-05,1,1,1
INV-103236,ACC-1107,Dunder Corp,billing@dunder.com,NA,Gaming,Starter,annual,250,EUR,"132,300.00 EUR",0,completed,wire,2023-04-08,2024-05-11,FALSE,4,2
INV-103990,ACC-8600,Gekko Holdings,billing@gekko.com,APAC,,Tier 1,yearly,5,USD,2450,0,Void,ach,2023-12-13,2025-07-25,false,,2
INV-104684,ACC-4172,Vandelay Labs,billing@vandelay.com,APAC,Retail,Start,annually,10,GBP,5600.70,10,paid,wire,12/02/2021,2023-03-18,No,1,0
INV-103729,ACC-5948,Hooli Industries,billing@hooli.com,LATAM,Education,Enterprise ,monthly,10,USD,2392.00,20,Paid,invoice,Oct 3 2021,11/01/2023,No,4,0
INV-101847,ACC-4639,Acme Labs,,LATAM,Healthcare, Starter ,annual,250,USD,104125.00,15,paid,,03/11/2021,04/18/2023,0,5,0
INV-102975,ACC-8366,Oscorp Holdings,billing@oscorp.com,NA,Manufacturing,Start,Monthly,10,EUR,529.20,0,completed,ach,2024/06/05,2025/11/08,TRUE,5,1
INV-102798,ACC-6376,Oscorp Co,billing@oscorp.com,EMEA,Travel,Professional,Monthly,100,USD,-9900,0,Refunded,wire,10/10/2024,11/25/2024,false,4,0
INV-103578,ACC-6130,Soylent Labs,billing@soylent.com,EMEA,Retail,Starter,Annual,50,USD,"$24,500.00",0,Paid,,2023-02-05,2024-07-28,FALSE,5,5
INV-101441,ACC-2140,Globex Group,billing@globex.com,NA,Energy, Starter ,Monthly,100,USD,-4900,0,refunded,invoice,Jul 9 2024,11-01-2025,N,1,2
INV-104306,ACC-1717,Globex Group,billing_at_globex.com,APAC,Retail,enterprise ,monthly,10,USD,2990.00,0,canceled,wire,09/14/2021,2024/06/07,false,,0
INV-100679,ACC-3445,Globex Holdings,billing@globex.com,NA,Education,starter,yearly,5,USD,2450.00,0,void,credit_card,2022-02-02,2022/03/16,FALSE,3,0
INV-101470,ACC-8394,Dunder Partners,billing@dunder.com,APAC,Energy,starter,Monthly,10,EUR,529.20,0,Complete,credit_card,2022/07/23,2023-01-15,false,2,0
INV-104928,ACC-2075,Globex Partners,billing@globex.com,APAC,,Tier 1,Monthly,5,USD,245.00,0,Complete,Credit Card,14-02-2024,10/26/2025,0,1,0
INV-102990,ACC-7662,Tyrell Co,billing@tyrell.com,APAC,Energy,Professional,Monthly,10,USD,891.00,10,paid,credit_card,2021-12-19,2023-09-12,0,3,0
INV-103607,ACC-4872,Soylent Partners,billing@soylent.com,EMEA,,pro,Monthly,10,GBP,"1,257.30 GBP",0,pending,invoice,2023/03/09,2024-09-13,No,4,0
INV-102982,ACC-3533,Dunder Inc,billing@dunder.com,NA,Energy,Tier 2,Annual,100,USD,99000.00,0,PAID,Credit Card,03/05/2021,2023-07-13,false,4,5
INV-103353,ACC-8330,Oscorp Holdings,billing@oscorp.com,LATAM,Gaming,Tier 1,Annual,3,USD,"$1,323.00",10,completed,,2023-05-21,09/05/2024,No,5,0
INV-102218,ACC-7202,Soylent Inc,billing@soylent.com,NA,Energy,Tier 3,monthly,100,GBP,37973.00,0,success,Credit Card,12-12-2023,04/08/2025,FALSE,1,0
INV-104932,ACC-1038,Globex LLC,billing@globex.com,LATAM,Fintech,Pro ,Annual,10,USD,8910.00,10,paid,ACH,12/17/2021,2022-10-08,false,5,1
INV-101730,ACC-5820,Umbrella Holdings,,NA,Energy,Professional,Monthly,1,EUR,€106.92,0,Void,Credit Card,04/02/2022,2024/09/04,Y,3,0
INV-103788,ACC-6120,Massive Dynamic Inc,billing@massive.com,APAC,Retail,Tier 2,Monthly,50,USD,4950.00,0,PENDING,wire,2021-07-26,2021-12-13,N,2,2
INV-101481,ACC-5676,Wayne Co,billing@wayne.com,EMEA,Travel,PRO,monthly,100,USD,"$9,900.00",0,completed,Wire Transfer,2022-11-08,2025-06-26,Y,5,1
INV-100069,ACC-8932,Stark Partners,billing@stark.com,APAC,Media,starter,Annual,10,GBP,"£5,600.70",10,VOID,invoice,Sep 29 2023,2024-08-18,No,5,2
INV-103823,ACC-3308,Initech Group,billing@initech.com,APAC,Energy,starter,monthly,3,USD,147.00,0,PENDING,Wire Transfer,Sep 14 2023,04/09/2025,0,4,1
INV-104205,ACC-1897,Tyrell Holdings,billing@tyrell.com,NA,Manufacturing,enterprise ,annual,5,EUR,13724.10,15,paid,credit_card,2023-07-09,2025-09-01,false,2,0
INV-100628,ACC-8128,Acme Partners,billing@acme.com,EMEA,Travel,Tier 1,yearly,250,USD,"122,500.00 USD",0,PAID,,Feb 23 2022,2022/06/26,0,4,0
INV-103407,ACC-6221,Oscorp LLC,billing@oscorp.com,NA,Fintech,starter,annual,5,USD,2082.50,15,PAID,,Feb 14 2024,2025-09-01,FALSE,3,0
INV-100275,ACC-2342,Nakatomi Labs,billing@nakatomi.com,LATAM,Energy,Start,Annual,5,USD,2450.00,0,completed,ACH,2024-02-19,2025-08-03,0,4,1
INV-103863,ACC-5783,Vandelay Corp,billing@vandelay.com,LATAM,Travel,Pro ,yearly,50,EUR,"€53,460.00",0,Complete,ach,Aug 11 2022,2024-01-05,false,4,0
INV-100155,ACC-4992,Nakatomi Inc,billing@nakatomi.com,APAC,Healthcare,Tier 1,monthly,5,EUR,€264.60,0,Paid,,Jan 4 2022,2023-06-17,0,5,2
INV-101782,ACC-1810,Globex Inc,billing@globex.com,NA,Media,starter,annual,100,USD,49000.00,0,pending,,2021-01-12,2022/10/07,1,1,0
INV-102152,ACC-9891,Vandelay Industries,billing@vandelay.com,EMEA,Fintech,STARTER,Annual,1,USD,416.50,15,success,credit_card,2023-01-28,2024-05-26,No,5,2
INV-103477,ACC-6261,Gekko LLC,billing@gekko.com,LATAM,Travel,Pro,Monthly,5,GBP,628.65,0,PAID,invoice,2023/08/21,05/16/2024,Yes,5,0
INV-104013,ACC-1413,Acme Corp,billing@acme.com,LATAM,Logistics,Tier 3,annual,50,EUR,"€161,460.00",0,success,Wire Transfer,2021-08-06,2022/09/27,TRUE,5,0
INV-104185,ACC-2627,Aperture Partners,billing@aperture.com,EMEA,Manufacturing,Enterprise ,annually,5,USD,12708,15,Complete,,2024-10-20,03-03-2027,true,3,0
INV-104771,ACC-2026,Umbrella LLC,,EMEA,Travel,starter,monthly,250,USD,"$10,412.50",15,PAID,Credit Card,2023-04-09,2025-11-25,false,5,0
INV-103039,ACC-3440,Aperture Ltd,billing@aperture.com,LATAM,Logistics,Pro ,Monthly,100,USD,9900.00,0,PAID,ach,2021/04/21,2022-04-07,0,3,0
INV-101792,ACC-6586,Massive Dynamic Holdings,billing@massive.com,EMEA,Logistics,Pro ,Monthly,1,USD,$99.00,0,completed,ach,2021-07-24,2023-09-06,FALSE,5,0
INV-101569,ACC-9423,Gekko Inc,billing@gekko.com,LATAM,Manufacturing,Professional,monthly,10,USD,$990.00,0,PAID,Credit Card,2023-07-11,2025-01-13,false,4,0
INV-101104,ACC-3448,Soylent Corp,billing@soylent.com,APAC,Travel,Tier 3,Monthly,10,USD,2990.00,0,completed,invoice,2022-05-24,2024-04-10,true,4,0
INV-103636,ACC-2164,Massive Dynamic Group,billing@massive.com,NA,Media,enterprise ,Annual,10,USD,22425.00,25,PAID,,2024-04-11,2026-08-02,N,5,5
INV-104521,ACC-5778,Gekko Labs,billing@gekko.com,LATAM,,Pro ,Annual,100,EUR,106920.00,0,Failed,,03/24/2021,2023-08-22,1,5,0
INV-103908,ACC-2063,Dunder Corp,,LATAM,Retail,pro,annual,10,USD,"$8,415.00",15,Complete,credit_card,09/23/2023,2024-09-19,No,5,0
INV-102998,ACC-2797,Nakatomi Co,billing@nakatomi.com,APAC,Healthcare,Enterprise ,monthly,10,USD,2990,0,paid,ach,2021-02-19,05/01/2023,false,3,5
INV-103283,ACC-4471,Dunder LLC,billing@dunder.com,EMEA,Healthcare,pro,Monthly,1,USD,$99.00,0,PENDING,ACH,2021/12/05,06/08/2022,false,3,0
INV-100555,ACC-3127,Acme LLC,billing@acme.com,NA,Healthcare,enterprise ,Monthly,10,USD,"2,990.00 USD",0,Complete,credit_card,02-12-2021,2022-12-07,Yes,4,0
INV-103895,ACC-1397,Dunder Industries,billing@dunder.com,NA,Fintech,Starter,annual,1,USD,392.00,20,Paid,Credit Card,06/22/2024,08/27/2025,FALSE,3,0
INV-102789,ACC-2350,Massive Dynamic Holdings,billing@massive.com,APAC,Healthcare,PRO,annual,250,EUR,213840,20,Paid,invoice,2022-12-14,05-02-2023,No,4,0
INV-103946,ACC-6528,Globex Inc,billing@globex.com,APAC,Energy,Professional,Monthly,250,USD,21037.50,15,success,Wire Transfer,2024/03/16,11/28/2026,N,1,3
INV-103819,ACC-8939,Wonka Industries,billing@wonka.com,NA,Gaming,Start,Monthly,3,EUR,€-119.07,25,REFUND,Wire Transfer,06/16/2022,2022-08-03,FALSE,4,1
INV-101554,ACC-9944,Acme Labs,billing@acme.com,EMEA,Media,Pro ,monthly,100,USD,9900.00,0,completed,Wire Transfer,Jul 24 2023,2025-04-03,N,3,0
INV-102286,ACC-4144,Oscorp Ltd,billing@oscorp.com,NA,Logistics,Starter,annual,10,USD,3920.00,20,completed,wire,2023-09-13,11/08/2024,0,5,5
INV-101947,ACC-4014,Initech LLC,billing@initech.com,EMEA,Retail,Start,monthly,10,GBP,-622.30,0,REFUND,credit_card,2022/11/08,2024-10-27,N,2,0
INV-100995,ACC-5230,Prestige LLC,billing@prestige.com,NA,,enterprise,monthly,10,USD,2990.00,0,success,,Jan 28 2023,2024-09-07,false,3,0
INV-100994,ACC-3798,Wayne LLC,billing@wayne.com,NA,Travel,Tier 3,annually,50,EUR,161460.00,0,failed,Credit Card,12/08/2022,2025/01/22,false,3,8
INV-100455,ACC-9700,Stark Ltd,billing@stark.com,LATAM,Logistics,enterprise ,monthly,1,EUR,€242.19,25,PENDING,wire,2023-01-10,2025/07/24,false,3,1
INV-101422,ACC-6999,Tyrell LLC,billing@tyrell.com,APAC,Logistics,Tier 1,annual,100,EUR,52920.00,0,completed,Credit Card,11/17/2022,06/28/2023,TRUE,,5
INV-101775,ACC-8647,Hooli Corp,billing@hooli.com,LATAM,Gaming,Tier 1,Monthly,25,USD,1102.50,10,completed,credit_card,2021-03-09,2021-06-01,FALSE,,0
INV-101733,ACC-4423,Aperture Co,billing@aperture.com,LATAM,Healthcare,Start,Annual,3,GBP,1400.17,25,paid,ACH,10-07-2021,2023-11-07,FALSE,3,0
INV-103591,ACC-1418,Hooli Co,billing@hooli.com,EMEA,Travel,Tier 2,Monthly,100,EUR,10692.00,0,PENDING,,07/14/2023,2023-10-19,No,4,0
INV-102921,ACC-2438,Pied Piper Labs,billing@pied.com,NA,Fintech,starter,annual,25,USD,"$9,187.50",25,PAID,ACH,04/03/2024,2026/03/15,true,3,0
INV-102118,ACC-1172,Pied Piper Labs,billing@pied.com,EMEA,Fintech,starter,Monthly,25,EUR,1323.00,0,failed,,2022/09/02,2024-08-29,0,5,2
INV-103912,ACC-7104,Wayne Ltd,billing@wayne.com,APAC,,Tier 2,Monthly,1,USD,$79.20,20,VOID,wire,2022-12-19,2024/07/22,1,5,0
INV-101806,ACC-1102,Massive Dynamic Co,billing@massive.com,LATAM,Fintech,pro,annually,25,USD,24750.00,0,PAID,invoice,2021-05-11,2023/11/22,TRUE,3,1
INV-102361,ACC-7555,Globex Industries,billing@globex.com,APAC,Manufacturing,Tier 1,monthly,250,USD,"$10,412.50",15,completed,credit_card,2023-06-15,Jun 14 2024,No,4,1
INV-100575,ACC-5527,Gekko Corp,billing@gekko.com,LATAM,Healthcare,ENT,monthly,1,EUR,274.48 EUR,15,pending,Wire Transfer,2021-03-04,05/28/2021,N,,0
INV-100638,ACC-8293,Soylent Ltd,billing@soylent.com,EMEA,Education,Pro,monthly,50,USD,4950.00,0,paid,invoice,May 24 2022,2023-05-25,FALSE,,0
INV-103018,ACC-1268,Dunder LLC,billing@dunder.com,LATAM,Media,STARTER,Monthly,5,GBP,248.92,20,Void,ach,16-04-2023,2024-04-15,Y,,0
INV-101010,ACC-5014,Acme Industries,billing@acme.com,APAC,Travel,Professional,yearly,1,EUR,1069.20,0,cancelled,ACH,2021/10/10,2023/03/01,Yes,4,1
INV-100867,ACC-8440,Wayne Partners,billing@wayne.com,APAC,,enterprise,Monthly,25,USD,7475.00,0,completed,ach,2023/11/29,2026/02/07,FALSE,,0
INV-103159,ACC-2059,Vandelay Ltd,billing@vandelay.com,APAC,Education,Tier 3,annually,10,GBP,30378.40,20,Complete,Wire Transfer,03/12/2021,2023-01-01,N,,0
INV-102834,ACC-2634,Vandelay Labs,,APAC,Gaming,Enterprise ,Monthly,5,USD,1121.25,25,paid,Credit Card,2021-02-01,2022-10-01,FALSE,3,1
INV-102414,ACC-3021,Dunder Industries,billing@dunder.com,LATAM,, Starter ,annual,3,USD,1249.50,15,Paid,invoice,12/05/2022,2023-02-04,N,,0
INV-101719,ACC-8920,Pied Piper Labs,billing@pied.com,NA,Logistics,Start,Annual,1,EUR,529.20,0,completed,credit_card,12/11/2022,2023-01-25,false,4,0
INV-104827,ACC-2747,Soylent Ltd,billing@soylent.com,LATAM,Healthcare,Starter,annual,250,USD,110250,10,Complete,,2022-02-03,Nov 23 2022,1,5,0
INV-102619,ACC-5389,Prestige LLC,billing@prestige.com,APAC,Logistics,starter,yearly,10,USD,4410.00,10,completed,invoice,05/23/2022,Dec 25 2022,false,5,1
INV-101971,ACC-6626,Tyrell Co,billing@tyrell.com,LATAM,Fintech,Starter,annually,1,USD,490,0,Complete,ACH,2021-03-26,2023-11-18,No,5,0
INV-100606,ACC-2304,Hooli Holdings,billing@hooli.com,APAC,Gaming,PRO,yearly,5,USD,"$4,950.00",0,cancelled,Credit Card,2024-03-24,15-09-2024,N,,1
INV-102285,ACC-4481,Stark Inc,billing@stark.com,APAC,Education,starter,Monthly,5,GBP,311.15,0,PAID,ach,2021-10-06,03/17/2024,false,4,0
INV-100786,ACC-7280,Gekko Corp,billing@gekko.com,NA,Energy,Tier 1,annually,5,EUR,2646.00,0,completed,credit_card,2021-10-30,May 1 2024,FALSE,5,5
INV-104196,ACC-2824,Globex Industries,billing@globex.com,EMEA,Healthcare, Starter ,monthly,1,EUR,52.92,0,VOID,invoice,2022-12-30,2024-07-01,1,5,0
INV-102521,ACC-4633,Tyrell Inc,billing@tyrell.com,APAC,Fintech,pro,yearly,10,USD,9900.00,0,canceled,,2022-01-20,2022-06-23,No,3,0
INV-103778,ACC-2525,Wayne LLC,billing@wayne.com,EMEA,Gaming,Enterprise,Monthly,10,USD,2242.50,25,completed,Credit Card,2023-01-11,2024-06-09,Y,4,1
INV-104124,ACC-7397,Acme Corp,billing@acme.com,EMEA,Gaming,Tier 1,yearly,10,USD,"$4,900.00",0,Complete,credit_card,04-03-2022,2022/05/25,false,,2
INV-100182,ACC-4714,Nakatomi LLC,,LATAM,Energy,Tier 2,annual,1,USD,$990.00,0,completed,Credit Card,2022-11-01,2024-03-29,0,3,0
INV-102542,ACC-2087,Soylent Industries,billing@soylent.com,LATAM,Healthcare,Starter,annual,10,USD,"$3,920.00",20,PAID,invoice,2022-12-19,05/05/2023,false,5,5
INV-100036,ACC-4115,Tyrell Group,billing@tyrell.com,EMEA,Gaming,Pro ,monthly,5,USD,495.00,0,completed,wire,2021/09/27,2021-12-28,0,4,0
INV-102247,ACC-5924,Globex Partners,billing@globex.com,APAC,Healthcare,starter,monthly,5,USD,-245.00,0,refunded,,2024-01-27,2025-11-26,0,5,0
INV-103267,ACC-1601,Wonka Inc,billing@wonka.com,NA,Energy,Pro,monthly,50,USD,-4950,0,refunded,ACH,11/13/2021,2022-04-19,true,4,2
INV-100607,ACC-1420,Tyrell Industries,billing@tyrell.com,NA,Gaming,Enterprise ,yearly,250,GBP,949325.00,0,paid,Credit Card,Sep 26 2023,11/25/2025,FALSE,,0
INV-101777,ACC-6095,Tyrell Industries,billing@tyrell.com,NA,Retail,Tier 1,Monthly,10,USD,$490.00,0,PAID,invoice,06/08/2021,07/07/2023,No,1,0
INV-104603,ACC-6573,Hooli Co,billing@hooli.com,EMEA,Retail,Start,monthly,100,USD,"$4,900.00",0,completed,ach,2022-10-23,20-03-2024,false,5,1
INV-100037,ACC-8673,Cyberdyne LLC,billing@cyberdyne.com,APAC,Healthcare,enterprise,annually,10,USD,29900.00,0,PAID,Wire Transfer,Jul 21 2023,2024-08-01,false,4,0
INV-101980,ACC-4949,Initech Ltd,billing@initech.com,LATAM,Logistics,Tier 1,Monthly,10,USD,$490.00,0,completed,invoice,2024-05-14,2025-10-24,FALSE,5,1
INV-102232,ACC-5709,Oscorp Labs,billing@oscorp.com,LATAM,Education,Professional,Annual,1,EUR,908.82,15,Complete,ACH,2023-10-18,09/20/2024,false,,5
INV-103068,ACC-4963,Wayne Labs,billing@wayne.com,APAC,Travel,enterprise,Annual,250,USD,747500.00,0,Complete,ACH,04/09/2021,12/26/2023,false,4,3
INV-101093,ACC-7628,Wayne Co,billing@wayne.com,EMEA,,STARTER,annual,10,EUR,4762.80,10,PAID,,2022-10-27,09/19/2023,FALSE,,3
INV-100973,ACC-3755,Wayne Holdings,billing@wayne.com,NA,Gaming,Tier 1,monthly,10,USD,490.00,0,PAID,Wire Transfer,2024-05-15,2025-03-26,N,4,0
INV-102997,ACC-1064,Cyberdyne Co,,NA,Education,Tier 1,monthly,10,USD,$392.00,20,PAID,,2024-08-31,2025-09-24,FALSE,5,1
INV-101652,ACC-9273,Aperture Corp,billing@aperture.com,NA,Travel,Start,annually,25,EUR,13230.00,0,success,Wire Transfer,2022/04/15,12/14/2023,N,5,2
INV-102698,ACC-2101,Stark Group,billing@stark.com,NA,Retail,Tier 2,monthly,1,USD,99.00,0,completed,ach,2022/01/15,08/24/2023,false,4,0
INV-103613,ACC-8013,Vandelay Labs,billing@vandelay.com,APAC,Media,Starter,monthly,50,USD,2450.00,0,Complete,ach,08/29/2023,2024/08/11,0,4,0
INV-101408,ACC-3962,Tyrell Group,billing@tyrell.com,LATAM,Manufacturing,Tier 2,Monthly,100,EUR,"€10,692.00",0,paid,,2024-05-18,2025/09/30,N,,8
INV-103656,ACC-6258,Wonka Group,billing@wonka.com,LATAM,Energy,Start,yearly,1,USD,490,0,Complete,,09-08-2023,2025/01/14,FALSE,,1
INV-101784,ACC-9230,Tyrell Partners,billing@tyrell.com,EMEA,Energy, Starter ,monthly,50,USD,2450.00,0,paid,wire,2024-02-24,2026-03-06,1,1,0
INV-103916,ACC-3380,Prestige Corp,billing@prestige.com,NA,Education,Starter,annual,50,USD,18375,25,success,,2023-06-29,Sep 14 2025,0,4,0
INV-103319,ACC-5851,Vandelay Co,billing@vandelay.com,APAC,, Starter ,annual,3,EUR,"€1,349.46",15,success,ACH,11/17/2021,04/15/2022,FALSE,4,1
INV-102829,ACC-5332,Hooli Co,billing@hooli.com,EMEA,Retail, Starter ,Monthly,25,EUR,1323.00,0,PAID,ach,10/23/2024,2026-05-01,Yes,,3
INV-100499,ACC-1376,Dunder LLC,billing@dunder.com,EMEA,Travel,Enterprise,monthly,10,USD,"2,691.00 USD",10,Paid,,06/04/2021,2021-06-13,false,4,0
INV-103160,ACC-8978,Acme LLC,billing@acme.com,NA,Education,Tier 1,monthly,1,EUR,€42.34,20,Paid,,2023/09/19,2025-08-25,0,3,1
INV-102347,ACC-9741,Massive Dynamic Co,billing@massive.com,LATAM,Fintech,enterprise ,Monthly,5,USD,1121.25,25,awaiting,ach,2022-05-14,2023-10-28,TRUE,1,1
INV-104662,ACC-3481,Oscorp Ltd,billing@oscorp.com,LATAM,Gaming,starter,Monthly,10,GBP,622.30,0,Paid,Credit Card,2024-08-27,01/18/2026,false,5,2
INV-103918,ACC-2512,Oscorp Corp,billing@oscorp.com,EMEA,Energy, Starter ,Monthly,50,USD,1837.50,25,pending,invoice,2021-09-13,2023-01-09,No,5,0
INV-104156,ACC-8945,Prestige Corp,billing@prestige.com,NA,Travel,Start,Monthly,5,EUR,-264.60,0,refunded,ACH,2024/04/26,2025-01-05,0,5,1
INV-104551,ACC-6039,Umbrella Group,,NA,Healthcare,Tier 1,Annual,10,USD,4165.00,15,declined,Wire Transfer,2022/09/08,2023-02-08,0,5,1
INV-102252,ACC-6666,Acme Holdings,billing@acme.com,EMEA,Media,Tier 1,Monthly,250,USD,9800.00,20,Paid,credit_card,2024-07-23,2026-03-08,0,5,2
INV-104498,ACC-3177,Soylent Ltd,billing@soylent.com,LATAM,Energy,ENT,Annual,10,USD,29900.00,0,PAID,wire,Dec 6 2023,2025-08-14,No,,0
INV-101961,ACC-6204,Hooli Labs,billing@hooli.com,EMEA,Retail,STARTER,annual,50,USD,24500.00,0,Complete,credit_card,07/14/2021,06/22/2022,N,2,0
INV-104617,ACC-8097,Umbrella Industries,billing@umbrella.com,NA,Media,STARTER,monthly,1,GBP,62.23,0,PAID,wire,2024-09-21,2025-10-18,No,4,0
INV-100272,ACC-1947,Globex Corp,billing@globex.com,EMEA,Education,enterprise ,yearly,250,USD,635375.00,15,awaiting,,10/05/2022,Apr 23 2025,0,4,3
INV-101128,ACC-1103,Wonka Corp,billing@wonka.com,APAC,Energy,Professional,Monthly,100,USD,"9,900.00 USD",0,success,ACH,2022-01-08,11/20/2023,0,3,1
INV-100392,ACC-1928,Aperture Partners,billing@aperture.com,NA,Manufacturing,Pro,annual,100,USD,"99,000.00 USD",0,Paid,credit_card,2021-05-02,2021-09-21,0,4,1
INV-104186,ACC-7442,Umbrella Inc,billing@umbrella.com,EMEA,Healthcare,PRO,annually,10,USD,9900.00,0,Paid,Wire Transfer,2024-06-27,2025-09-01,N,3,0
INV-103828,ACC-8314,Soylent Group,billing@soylent.com,EMEA,Healthcare,pro,Annual,250,EUR,267300.00,0,Paid,credit_card,02/09/2022,2022-07-23,N,4,0
INV-100570,ACC-4544,Acme Co,,NA,,PRO,monthly,3,GBP,377.19,0,Complete,ACH,2023/01/01,2025-02-10,false,3,0
INV-101789,ACC-8042,Nakatomi Corp,billing@nakatomi.com,LATAM,Manufacturing,Start,annually,100,EUR,52920.00,0,Paid,credit_card,Jan 16 2022,2023-12-13,FALSE,,0
INV-102093,ACC-7564,Prestige Inc,billing@prestige.com,LATAM,Media,Start,annual,100,USD,49000.00,0,paid,Credit Card,2023-08-14,08/20/2025,Yes,5,0
INV-100439,ACC-7601,Aperture Holdings,,EMEA,Travel,Tier 1,annually,3,USD,1470.00,0,awaiting,credit_card,2022/08/21,2024-09-27,0,5,0
INV-102289,ACC-2984,Wayne Holdings,billing@wayne.com,LATAM,Fintech,starter,annually,3,USD,1470.00,0,error,ach,05/10/2021,2021-08-19,No,4,2
INV-103258,ACC-9196,Stark Ltd,billing_at_stark.com,APAC,Fintech,Tier 1,yearly,5,USD,"$2,450.00",0,canceled,Credit Card,2024-02-07,2026-03-22,N,3,3
INV-104202,ACC-5438,Hooli Labs,billing@hooli.com,APAC,Education,PRO,Monthly,1,USD,99.00,0,Paid,credit_card,2021-08-17,2024/01/26,FALSE,2,0
INV-101236,ACC-6566,Nakatomi Industries,billing@nakatomi.com,NA,Fintech,Professional,yearly,5,USD,4950.00,0,Complete,credit_card,2021-10-12,14-04-2024,1,3,0
INV-102267,ACC-1255,Umbrella Ltd,billing@umbrella.com,LATAM,Healthcare,PRO,Monthly,1,EUR,€106.92,0,paid,,05/24/2024,2025/02/27,0,1,0
INV-102760,ACC-7214,Cyberdyne Ltd,billing@cyberdyne.com,LATAM,Travel,Starter,monthly,100,EUR,5292.00,0,PAID,ach,2023-08-13,2026-05-06,FALSE,4,0
INV-104845,ACC-1304,Hooli Industries,billing@hooli.com,EMEA,Logistics,Start,annual,25,USD,12250.00,0,FAILED,,2024/07/03,2026/12/18,false,4,0
INV-102357,ACC-2549,Gekko Partners,,LATAM,Fintech,Enterprise ,monthly,100,USD,29900.00,0,error,ACH,2022-07-10,07/01/2024,1,3,0
INV-100320,ACC-4639,Soylent Ltd,billing@soylent.com,NA,Travel,Starter,annually,250,USD,122500.00,0,Void,Credit Card,2023-07-23,2023/12/20,N,3,2
INV-103106,ACC-3190,Soylent Inc,billing@soylent.com,LATAM,Logistics,PRO,yearly,25,USD,24750.00,0,Complete,credit_card,10/19/2021,2022-07-21,FALSE,3,0
INV-103482,ACC-1032,Hooli Co,,EMEA,Healthcare,Tier 3,annual,50,EUR,161460.00,0,success,ACH,2021/04/10,2022-09-05,Y,4,0
INV-104377,ACC-8714,Vandelay Corp,billing@vandelay.com,APAC,Gaming,Start,Monthly,1,USD,$39.20,20,completed,Wire Transfer,12/07/2021,12/13/2021,N,3,0
INV-101814,ACC-9242,Cyberdyne Labs,billing@cyberdyne.com,NA,Education,STARTER,annually,5,USD,"$2,450.00",0,completed,ACH,01/23/2024,2024-03-11,No,,0
INV-100011,ACC-4335,Vandelay Industries,billing@vandelay.com,LATAM,Gaming,PRO,annually,250,GBP,"£314,325.00",0,failed,Credit Card,2022-07-21,Sep 4 2022,TRUE,3,2
INV-104794,ACC-5772,Massive Dynamic Holdings,billing@massive.com,APAC,Healthcare,enterprise,Annual,5,GBP,"£17,087.85",10,void,Credit Card,2024-06-06,2026-11-25,0,4,1
INV-103573,ACC-8074,Wayne Co,billing@wayne.com,EMEA,,Pro,Monthly,10,USD,$841.50,15,paid,Credit Card,2024-07-04,12/11/2024,0,3,1
INV-103777,ACC-3142,Prestige LLC,billing@prestige.com,APAC,,ENT,annually,250,USD,"747,500.00 USD",0,Paid,,2022-04-06,2024-07-16,Y,4,5
INV-101601,ACC-2716,Initech Group,billing@initech.com,NA,Media,Start,annually,25,USD,12250.00,0,Paid,ACH,08/07/2021,2021-12-21,Y,5,3
INV-101905,ACC-9655,Prestige Industries,billing@prestige.com,LATAM,Retail,PRO,Monthly,10,USD,990.00,0,Paid,,2023-05-27,05/22/2024,No,5,0
INV-102365,ACC-6708,Globex LLC,billing@globex.com,EMEA,Gaming,STARTER,annually,1,EUR,€529.20,0,in_review,invoice,2021/07/07,2022-04-03,0,5,0
INV-103959,ACC-6902,Pied Piper Labs,billing@pied.com,EMEA,Media,starter,Monthly,250,USD,12250.00,0,paid,ach,10/23/2021,03/12/2024,true,4,1
INV-101817,ACC-3345,Oscorp Industries,billing@oscorp.com,NA,, Starter ,annual,100,USD,"49,000.00 USD",0,success,invoice,2024-01-28,2024-04-28,false,4,1
INV-101796,ACC-4714,Stark Inc,billing@stark.com,NA,Travel,Professional,yearly,5,USD,4207.50,15,Complete,credit_card,2024-07-18,2024-09-14,No,2,2
INV-103925,ACC-4070,Dunder Industries,billing@dunder.com,LATAM,Gaming,Pro,annual,10,USD,"$9,900.00",0,Paid,ach,2021-09-13,10/19/2023,No,5,1
INV-104981,ACC-7525,Globex Partners,billing@globex.com,APAC,Energy,starter,monthly,5,EUR,265,0,awaiting,credit_card,08/21/2024,2026-02-28,false,5,2
INV-104720,ACC-2792,Wonka Ltd,billing@wonka.com,LATAM,Energy,Starter,Annual,1,GBP,622.30 GBP,0,pending,Wire Transfer,12/19/2022,Jun 23 2025,FALSE,4,8
INV-101064,ACC-2634,Vandelay Industries,billing@vandelay.com,NA,Logistics,Professional,Monthly,5,USD,495.00,0,in_review,Credit Card,2021-12-06,2022-04-15,No,3,1
INV-104707,ACC-1182,Nakatomi Corp,billing@nakatomi.com,EMEA,Healthcare, Starter ,annually,10,EUR,4498.20,15,Complete,credit_card,2021-02-18,2021-11-01,0,4,1
INV-102724,ACC-4667,Nakatomi Co,billing@nakatomi.com,NA,Media,pro,Monthly,50,EUR,-4544,15,REFUND,Credit Card,2022/01/15,2022-02-14,1,3,0
INV-101781,ACC-1230,Nakatomi Labs,billing@nakatomi.com,EMEA,Education,Tier 1,Monthly,10,USD,490.00,0,Paid,credit_card,03/23/2022,2023-04-28,N,2,0
INV-102025,ACC-9396,Massive Dynamic Partners,billing@massive.com,NA,Retail,enterprise,Annual,25,USD,"$74,750.00",0,Failed,Credit Card,12/16/2021,2022/10/18,true,1,0
INV-101559,ACC-3859,Aperture Co,billing@aperture.com,NA,Manufacturing,Tier 2,Annual,1,USD,990.00,0,in_review,ach,03/31/2021,06/17/2022,N,2,0
INV-104419,ACC-4836,Vandelay Ltd,billing@vandelay.com,NA,Manufacturing,Professional,Monthly,10,USD,842,15,canceled,Wire Transfer,2023/12/31,2025-10-24,1,5,0
INV-104838,ACC-3500,Nakatomi Co,billing@nakatomi.com,NA,Fintech,starter,Annual,50,USD,20825.00,15,Pending,,2023-07-06,11/18/2024,false,,0
INV-100859,ACC-5901,Aperture Co,billing@aperture.com,EMEA,Travel,Enterprise,Annual,25,USD,74750.00,0,PAID,credit_card,2024/07/10,28-08-2026,No,3,1
INV-101712,ACC-7605,Initech Industries,billing@initech.com,NA,,STARTER,Annual,3,GBP,"£1,866.90",0,success,ACH,Dec 3 2022,02/07/2025,false,4,2
INV-104275,ACC-7020,Acme Inc,billing@acme.com,APAC,Education,STARTER,monthly,1,EUR,52.92,0,completed,ACH,2023-12-09,2024-02-26,No,5,1
INV-103109,ACC-9886,Soylent Holdings,billing@soylent.com,EMEA,Fintech,STARTER,monthly,5,EUR,198,25,completed,Wire Transfer,2022-04-11,Nov 26 2022,N,3,5
INV-104418,ACC-3833,Gekko Inc,billing@gekko.com,EMEA,Gaming, Starter ,monthly,10,USD,392.00,20,success,invoice,2022/05/21,05/29/2022,false,3,0
INV-104227,ACC-7576,Vandelay Inc,billing@vandelay.com,NA,Retail,starter,annually,3,USD,1470.00,0,VOID,credit_card,2023-10-07,2024-11-01,false,4,0
INV-104172,ACC-4759,Hooli Holdings,billing@hooli.com,APAC,Education,Pro ,Monthly,50,USD,4950.00,0,completed,wire,Feb 10 2021,2023-11-05,0,1,0
INV-101364,ACC-9088,Cyberdyne Holdings,billing@cyberdyne.com,EMEA,Education,Enterprise,yearly,250,USD,"$747,500.00",0,paid,Wire Transfer,Sep 9 2022,2023/09/28,N,1,0
INV-102838,ACC-3834,Soylent Co,billing@soylent.com,LATAM,Fintech,enterprise,annual,1,USD,2691,10,PAID,invoice,06/03/2021,2022-09-20,No,5,0
INV-100557,ACC-8842,Prestige Group,billing@prestige.com,LATAM,Travel,enterprise ,Monthly,25,EUR,8073.00,0,declined,ach,2023/11/16,Jan 18 2026,0,3,0
INV-104429,ACC-4076,Cyberdyne Group,billing@cyberdyne.com,LATAM,Energy,Starter,Monthly,25,USD,1225.00,0,paid,ach,2022-12-17,2024-08-29,N,3,0
INV-101301,ACC-2886,Massive Dynamic Industries,billing@massive.com,NA,,starter,Monthly,10,EUR,529,0,paid,wire,2021-01-02,Jun 17 2023,FALSE,5,0
INV-101178,ACC-2196,Vandelay Co,billing@vandelay.com,EMEA,Retail,Enterprise ,annually,100,USD,299000,0,PENDING,invoice,03/07/2023,2024/04/19,true,3,0
INV-102111,ACC-5835,Oscorp Industries,billing@oscorp.com,NA,Logistics,Enterprise,Annual,250,USD,"$635,375.00",15,paid,credit_card,2021/09/05,08/14/2023,FALSE,4,0
INV-102654,ACC-2039,Wayne Inc,billing@wayne.com,NA,Fintech,Professional,Monthly,1,GBP,94.30,25,success,Wire Transfer,07/06/2023,08/18/2025,Y,1,1
INV-103686,ACC-5788,Cyberdyne Industries,billing@cyberdyne.com,APAC,Energy,Tier 2,monthly,25,USD,2475,0,Pending,,2022-05-19,03/26/2023,TRUE,5,2
INV-102886,ACC-4866,Acme Ltd,billing@acme.com,NA,Energy,Tier 3,Monthly,250,USD,67275,10,Paid,Wire Transfer,11-02-2022,08/07/2023,Y,,3
INV-103608,ACC-5270,Cyberdyne Inc,billing@cyberdyne.com,EMEA,Retail,Enterprise ,annually,100,EUR,"€322,920.00",0,Complete,,2023/08/06,12/20/2023,No,4,1
INV-101550,ACC-4812,Wayne Labs,billing@wayne.com,EMEA,Manufacturing,Pro,yearly,250,EUR,200475.00,25,Failed,ach,2021-04-05,08/14/2021,false,4,0
INV-101592,ACC-6339,Massive Dynamic Labs,billing@massive.com,APAC,Gaming,enterprise,Monthly,250,USD,"74,750.00 USD",0,paid,credit_card,06/15/2022,11/08/2024,FALSE,4,0
INV-101523,ACC-6621,Pied Piper Corp,billing@pied.com,NA,Retail,PRO,Monthly,1,USD,99.00,0,completed,wire,2021/05/07,09/10/2022,FALSE,3,2
INV-103859,ACC-3384,Aperture Corp,billing@aperture.com,APAC,Gaming,Tier 2,Monthly,5,USD,-495,0,charged_back,Credit Card,05/20/2024,03/09/2026,FALSE,,1
INV-103134,ACC-3950,Vandelay Corp,billing@vandelay.com,EMEA,Fintech,enterprise ,monthly,1,USD,299.00,0,Complete,,2023-11-16,2026-06-02,false,5,0
INV-104642,ACC-7180,Acme Labs,billing@acme.com,EMEA,Manufacturing, Starter ,annual,5,EUR,2646,0,Void,Wire Transfer,2023-05-15,05/15/2025,No,2,0
INV-103671,ACC-9828,Oscorp Group,billing@oscorp.com,APAC,Fintech,enterprise ,Monthly,10,USD,2691.00,10,cancelled,credit_card,2022-12-30,2023-03-31,0,4,0
INV-102313,ACC-7912,Soylent Ltd,billing@soylent.com,EMEA,Energy,Starter,Monthly,3,USD,147.00,0,paid,credit_card,2021-05-29,2023-08-10,No,5,2
INV-100740,ACC-1157,Pied Piper Group,billing@pied.com,LATAM,,Tier 1,Monthly,50,USD,2450.00,0,paid,Credit Card,2022-09-19,11/11/2023,FALSE,3,3
INV-100705,ACC-9200,Massive Dynamic Industries,billing@massive.com,NA,Energy,Tier 1,Monthly,100,USD,"3,675.00 USD",25,paid,Wire Transfer,2024-03-15,06/14/2025,1,3,0
INV-101302,ACC-9447,Vandelay Corp,billing@vandelay.com,APAC,Manufacturing, Starter ,yearly,250,EUR,119070.00,10,failed,credit_card,2021/03/31,2022/06/10,true,5,1
INV-100834,ACC-8287,Stark Inc,billing@stark.com,EMEA,Logistics,Pro,annually,5,USD,3712.50,25,pending,credit_card,Feb 22 2023,12/08/2023,0,5,3
INV-102835,ACC-2018,Tyrell Co,billing@tyrell.com,LATAM,Travel,Tier 1,annual,50,USD,"$24,500.00",0,success,ACH,05/07/2022,2024-09-25,FALSE,3,1
INV-102800,ACC-7447,Stark Ltd,billing@stark.com,NA,,Pro ,annual,10,USD,9900.00,0,void,invoice,08/22/2023,2023-09-20,false,3,0
INV-104293,ACC-4840,Hooli Industries,billing@hooli.com,EMEA,Gaming,STARTER,annual,3,USD,1470,0,PENDING,wire,2022-07-05,02/06/2023,0,5,0
INV-100747,ACC-1699,Dunder LLC,billing@dunder.com,EMEA,Logistics,Starter,Annual,5,EUR,"€2,116.80",20,paid,ach,2023-12-24,2025-05-15,N,,0
INV-101726,ACC-7276,Massive Dynamic Industries,billing@massive.com,LATAM,Education,Professional,monthly,10,USD,$990.00,0,PAID,wire,2024-05-27,2027/02/07,TRUE,1,2
INV-104790,ACC-1094,Cyberdyne Holdings,billing@cyberdyne.com,LATAM,Energy,Starter,monthly,250,USD,"$12,250.00",0,Complete,ACH,06/26/2021,2021-12-10,0,4,1
INV-102871,ACC-8765,Pied Piper Corp,billing@pied.com,APAC,, Starter ,annually,1,USD,490.00,0,completed,ACH,2023-11-26,2024/06/24,1,3,1
INV-101766,ACC-7063,Umbrella LLC,billing@umbrella.com,EMEA,Media,Start,monthly,5,GBP,311.15,0,PAID,wire,2023/11/23,2025/01/06,TRUE,4,2
INV-104859,ACC-6352,Stark Corp,billing@stark.com,APAC,Manufacturing,STARTER,annual,25,USD,12250.00,0,success,invoice,2024-03-20,04/18/2025,No,5,0
INV-101759,ACC-1121,Oscorp Industries,billing@oscorp.com,LATAM,Media,Pro ,monthly,10,USD,990.00,0,Paid,credit_card,2023/07/02,2024-11-16,true,1,3
INV-103272,ACC-3577,Globex Co,billing@globex.com,EMEA,Travel,Enterprise ,Annual,10,USD,29900.00,0,Void,Credit Card,09/10/2022,2023-09-29,N,3,5
INV-100625,ACC-6233,Umbrella Industries,billing@umbrella.com,APAC,,starter,Monthly,1,USD,49.00,0,paid,Wire Transfer,2023-04-11,2025-12-15,FALSE,5,0
INV-104264,ACC-6342,Dunder Co,billing@dunder.com,LATAM,Travel,Tier 1,annually,100,EUR,"€52,920.00",0,Complete,Credit Card,12/31/2022,2023-08-25,0,5,1
INV-102100,ACC-9826,Cyberdyne Industries,billing@cyberdyne.com,EMEA,Retail,Tier 1,monthly,10,USD,490.00 USD,0,Paid,invoice,2023-01-03,2025-05-23,0,4,3
INV-102493,ACC-3097,Tyrell LLC,billing@tyrell.com,APAC,Gaming,Starter,yearly,5,EUR,2646,0,paid,ACH,2024/06/20,May 14 2026,0,5,0
INV-103268,ACC-4781,Acme LLC,billing@acme.com,APAC,Education, Starter ,monthly,25,USD,1225.00,0,awaiting,wire,2021-04-08,2022-09-09,false,5,0
INV-101923,ACC-1667,Hooli Labs,billing@hooli.com,APAC,Logistics,starter,monthly,250,USD,"$10,412.50",15,PAID,ACH,2024-06-01,2026-12-23,0,5,0
INV-103046,ACC-2898,Aperture Holdings,billing_at_aperture.com,APAC,,enterprise ,Monthly,1,USD,299.00,0,awaiting,,03/19/2021,Nov 24 2023,No,3,0
INV-103303,ACC-7947,Wonka LLC,billing@wonka.com,APAC,,STARTER,annually,250,EUR,132300.00,0,Complete,Wire Transfer,01/30/2024,2026-04-18,Yes,,0
INV-104060,ACC-7841,Oscorp Industries,,EMEA,Gaming,enterprise ,Annual,25,USD,74750.00,0,paid,ach,07/11/2023,2026-01-17,FALSE,1,1
INV-100258,ACC-8669,Pied Piper Industries,billing@pied.com,APAC,Gaming,STARTER,Annual,250,USD,"122,500.00 USD",0,Paid,Wire Transfer,2022/07/30,09/02/2024,FALSE,4,5
INV-104560,ACC-2985,Tyrell LLC,,EMEA,Retail,starter,yearly,10,GBP,6223.00,0,success,ACH,06/15/2024,2025/07/15,Yes,4,0
INV-100405,ACC-2654,Prestige Co,billing@prestige.com,APAC,Logistics,Starter,monthly,50,GBP,"£2,489.20",20,completed,credit_card,2023-05-15,May 11 2024,1,5,1
INV-100750,ACC-5351,Wayne Labs,billing@wayne.com,NA,Media,STARTER,monthly,3,USD,$147.00,0,Paid,,2022-03-15,2022/03/23,FALSE,5,2
INV-102632,ACC-8880,Oscorp Corp,billing@oscorp.com,EMEA,Education,Tier 1,Annual,3,GBP,"1,866.90 GBP",0,Complete,credit_card,Jan 2 2021,2021-12-19,0,1,0
INV-104139,ACC-2168,Gekko Co,billing@gekko.com,NA,,starter,annual,1,USD,392.00,20,error,credit_card,2022-11-21,2024-09-03,0,,1
INV-103389,ACC-6132,Pied Piper Co,billing@pied.com,EMEA,Energy,pro,monthly,10,USD,990.00,0,failed,Wire Transfer,27-11-2022,18-06-2025,FALSE,5,3
INV-101464,ACC-6613,Soylent Group,,LATAM,Media,STARTER,Annual,25,USD,9800.00,20,PAID,invoice,2021-02-03,04/26/2023,0,4,2
INV-104400,ACC-1817,Gekko Corp,billing@gekko.com,LATAM,Travel,Enterprise,Annual,3,USD,8970.00,0,paid,Wire Transfer,Mar 22 2022,2023-05-31,false,3,0
INV-103864,ACC-8340,Soylent Holdings,billing@soylent.com,APAC,Retail,Professional,yearly,10,GBP,12573,0,Paid,Wire Transfer,2021/05/25,2021-09-01,N,2,3
INV-101528,ACC-2298,Stark Partners,billing@stark.com,EMEA,Travel,Tier 3,Annual,50,USD,"$134,550.00",10,Complete,invoice,2023-02-25,2025/09/23,No,,0
INV-102599,ACC-9362,Prestige Inc,billing@prestige.com,EMEA,Retail,pro,Annual,3,EUR,2886.84,10,Failed,credit_card,26-03-2024,2026-11-19,No,4,0
INV-103239,ACC-2550,Dunder Corp,billing@dunder.com,NA,Gaming,Tier 2,Monthly,25,USD,"$2,475.00",0,FAILED,ACH,2024-04-12,2025-06-24,N,5,1
INV-104815,ACC-3533,Stark Ltd,billing@stark.com,EMEA,Gaming,starter,Annual,3,USD,1323.00,10,Paid,ach,2022/07/18,2022-12-14,0,,0
INV-100016,ACC-2530,Oscorp Industries,billing@oscorp.com,LATAM,Education,enterprise,monthly,10,USD,"$2,990.00",0,Complete,credit_card,May 30 2021,Sep 8 2022,false,5,0
INV-103515,ACC-6302,Acme Holdings,billing@acme.com,LATAM,Travel,Tier 2,yearly,10,USD,9900.00,0,Complete,,2022-08-13,2023/02/08,N,5,0
INV-101783,ACC-7678,Hooli Corp,billing@hooli.com,EMEA,Fintech,enterprise ,annually,250,USD,672750.00,10,Complete,,2021-09-15,Jun 2 2023,false,3,1
INV-103898,ACC-4453,Prestige Ltd,billing@prestige.com,NA,Fintech,Tier 1,annually,100,USD,49000.00,0,pending,credit_card,2021-12-15,2024-06-07,0,5,0
INV-102161,ACC-9928,Acme Inc,billing@acme.com,LATAM,Manufacturing, Starter ,monthly,1,USD,49.00,0,paid,wire,2023-02-05,2025-10-29,FALSE,5,0
INV-102378,ACC-2448,Tyrell Co,billing@tyrell.com,EMEA,Gaming,pro,yearly,1,USD,990.00,0,paid,wire,2024-01-01,2025-03-11,Yes,5,0
INV-100548,ACC-2433,Tyrell Partners,billing@tyrell.com,APAC,Travel,STARTER,monthly,25,GBP,"1,555.75 GBP",0,paid,Credit Card,2022/01/29,2024-04-16,true,4,3
INV-101729,ACC-7054,Wayne Corp,billing_at_wayne.com,EMEA,Travel,ENT,monthly,250,USD,74750.00,0,success,ach,2021/03/27,2022-12-30,0,4,0
INV-103835,ACC-3435,Stark Co,billing@stark.com,APAC,Retail,enterprise ,monthly,5,EUR,"€1,614.60",0,PENDING,Credit Card,2024/03/05,04/22/2024,TRUE,1,0
INV-104736,ACC-4036,Prestige Industries,billing@prestige.com,APAC,Travel,STARTER,Monthly,10,USD,$490.00,0,paid,Credit Card,2023-02-02,2024-08-26,N,5,0
INV-101654,ACC-8663,Cyberdyne Labs,billing@cyberdyne.com,NA,,starter,annual,5,GBP,3111.50,0,error,ACH,2023-12-02,2025-03-08,N,1,3
INV-103834,ACC-3567,Oscorp Ltd,billing@oscorp.com,APAC,Media,ENT,yearly,1,USD,"$2,990.00",0,Void,invoice,03/11/2023,27-12-2024,false,4,0
INV-100587,ACC-3523,Acme Labs,billing@acme.com,NA,Energy,Pro,monthly,25,GBP,2514.60,20,PENDING,ACH,12/30/2022,21-02-2023,No,5,5
INV-103285,ACC-3592,Vandelay Ltd,billing@vandelay.com,EMEA,Retail,Pro ,yearly,10,USD,9900.00,0,Paid,,07/03/2021,2024/01/15,TRUE,5,0
INV-101048,ACC-3749,Soylent Holdings,billing@soylent.com,NA,Healthcare, Starter ,Monthly,5,USD,245.00,0,paid,ach,2024-05-12,2025/01/03,1,2,0
INV-101185,ACC-6962,Hooli LLC,billing_at_hooli.com,APAC,Gaming,Enterprise ,monthly,5,EUR,1614.60,0,Paid,invoice,Feb 20 2022,02/03/2023,true,4,2
INV-100362,ACC-7484,Gekko Labs,,EMEA,Logistics,STARTER,annually,10,EUR,5292.00,0,Complete,Wire Transfer,2021-01-09,19-07-2023,0,1,8
INV-100808,ACC-8021,Globex Holdings,billing@globex.com,NA,Fintech,Enterprise ,annual,25,USD,63537.50,15,paid,wire,2023-10-10,2025-07-05,0,3,0
INV-102236,ACC-4594,Stark Labs,billing@stark.com,NA,Gaming,Starter,Annual,50,USD,"$24,500.00",0,Complete,ACH,11/20/2021,2024-01-07,1,3,0
INV-100467,ACC-3486,Dunder Partners,billing@dunder.com,EMEA,Gaming,Tier 2,Monthly,250,USD,"$24,750.00",0,awaiting,ach,2021-11-22,04-03-2022,0,5,3
INV-102362,ACC-1286,Massive Dynamic Corp,billing@massive.com,APAC,Media,PRO,annually,25,GBP,31432.50,0,completed,ach,2021-07-20,10/23/2023,No,5,3
INV-100356,ACC-5762,Soylent LLC,billing@soylent.com,NA,Education,Tier 1,monthly,50,USD,2450.00,0,paid,Wire Transfer,2023-08-18,2025-06-05,N,5,1
INV-104361,ACC-5006,Wayne Holdings,billing@wayne.com,APAC,Media,enterprise ,annually,25,USD,"$74,750.00",0,Paid,invoice,2023-08-05,2026-01-29,N,,0
INV-104020,ACC-6347,Soylent Inc,billing@soylent.com,APAC,,Tier 1,annually,10,USD,"$4,900.00",0,success,ach,2022-09-09,2024/01/31,N,4,0
INV-103077,ACC-6756,Nakatomi Ltd,billing@nakatomi.com,NA,Media,Pro,monthly,10,USD,990,0,Pending,Credit Card,2021/09/19,2023-12-13,false,5,1
INV-101074,ACC-2411,Wayne Holdings,billing@wayne.com,APAC,Fintech,ENT,yearly,25,USD,74750,0,success,,2022/09/13,2024-07-23,FALSE,4,0
INV-102486,ACC-7786,Gekko Co,billing@gekko.com,EMEA,Energy,Start,yearly,10,USD,-4900.00,0,charged_back,credit_card,2023-09-22,02/01/2026,No,2,0
INV-104586,ACC-9805,Hooli LLC,billing@hooli.com,NA,Education,starter,monthly,5,GBP,£311.15,0,success,ACH,09/10/2022,02/07/2023,N,5,0
INV-100187,ACC-9212,Wayne Group,billing@wayne.com,EMEA,Education,Starter,annual,10,GBP,6223.00,0,Void,wire,Mar 16 2023,2025-01-16,Y,4,1
INV-102301,ACC-2818,Dunder Corp,billing@dunder.com,LATAM,Fintech,pro,Monthly,1,USD,99.00,0,error,wire,2023-06-30,2025-03-25,N,2,0
INV-100170,ACC-3900,Soylent Ltd,,EMEA,Logistics,Professional,annually,50,USD,49500.00,0,paid,,Jan 20 2023,03/17/2024,false,4,2
INV-103617,ACC-7916,Wonka LLC,,NA,Energy, Starter ,yearly,1,USD,$490.00,0,PAID,ach,Mar 14 2023,2024-03-20,N,5,0
INV-101678,ACC-6753,Oscorp Industries,billing@oscorp.com,NA,Education,Pro,monthly,5,USD,$495.00,0,error,Wire Transfer,2021-11-01,May 2 2024,0,3,0
INV-102478,ACC-6504,Pied Piper LLC,billing@pied.com,EMEA,Energy,ENT,monthly,100,USD,29900.00,0,Paid,Wire Transfer,2022/10/05,2022/12/17,false,5,0
INV-100595,ACC-5584,Tyrell Group,billing@tyrell.com,NA,Energy,Start,annually,100,USD,"39,200.00 USD",20,Complete,invoice,Apr 6 2023,26-05-2025,N,3,1
INV-102708,ACC-3765,Prestige Inc,billing@prestige.com,APAC,,enterprise,Annual,10,USD,-29900.00,0,success,Credit Card,2024-05-08,25-07-2025,N,5,0
INV-102132,ACC-1053,Vandelay Corp,billing@vandelay.com,LATAM,Retail,Tier 1,Monthly,3,USD,147.00,0,paid,,2021-10-21,2022/11/28,No,5,0
INV-100941,ACC-6775,Soylent Partners,billing_at_soylent.com,EMEA,Media,ENT,annual,3,USD,"$8,970.00",0,FAILED,ACH,03/22/2021,2021-05-18,0,4,0
INV-104729,ACC-9460,Globex Group,,LATAM,Media,STARTER,Monthly,3,GBP,186.69,0,VOID,credit_card,16-07-2024,2025-12-28,No,,0
INV-101954,ACC-2536,Umbrella Inc,billing@umbrella.com,NA,Gaming,Starter,Monthly,5,USD,183.75,25,completed,ach,2023-11-10,2024-04-24,false,1,2
INV-104120,ACC-6012,Massive Dynamic Inc,billing@massive.com,APAC,Energy,Pro,Monthly,50,GBP,"£-6,286.50",0,refunded,ACH,2023-01-13,2023-12-08,0,5,0
INV-102220,ACC-4870,Massive Dynamic Labs,billing@massive.com,LATAM,Travel,PRO,Monthly,100,USD,9900.00,0,PAID,ach,2024-10-08,2026-11-18,false,4,0
INV-101885,ACC-6942,Wayne Ltd,billing@wayne.com,EMEA,Education,Starter,monthly,5,USD,245.00,0,paid,ach,2021/03/02,2023/08/07,TRUE,,0
INV-100365,ACC-2754,Oscorp LLC,billing@oscorp.com,EMEA,Education,STARTER,monthly,5,USD,245.00,0,Paid,,2023/10/03,2025-12-25,true,2,1
INV-102672,ACC-7565,Massive Dynamic Group,billing@massive.com,NA,Media, Starter ,annual,1,USD,$392.00,20,declined,credit_card,2021-01-17,Jan 19 2021,false,2,3
INV-101251,ACC-3305,Tyrell Inc,billing@tyrell.com,EMEA,Manufacturing,Enterprise ,Monthly,5,USD,1495.00,0,Pending,invoice,Feb 4 2023,2024/05/10,false,4,0
INV-103203,ACC-4529,Stark LLC,billing@stark.com,LATAM,,Pro,annually,10,USD,"9,900.00 USD",0,completed,,2022-06-28,2023/01/29,N,5,3
INV-100762,ACC-2404,Massive Dynamic Corp,billing@massive.com,NA,Gaming,Starter,Annual,1,USD,416.50,15,Void,invoice,2022-10-30,2023-06-22,FALSE,4,0
INV-104352,ACC-6895,Globex Holdings,billing@globex.com,APAC,,STARTER,monthly,5,USD,245.00,0,success,invoice,2022/08/31,07/11/2023,0,5,2
INV-104840,ACC-9011,Oscorp Partners,,APAC,Fintech,Enterprise,annually,25,USD,-74750.00,0,REFUND,wire,2022/09/27,2022-12-30,false,1,8
INV-100598,ACC-1866,Stark Holdings,billing@stark.com,NA,Energy,starter,Monthly,10,USD,$392.00,20,Paid,ACH,2023-10-21,2025-09-03,N,3,0
INV-100629,ACC-2049,Tyrell Partners,,NA,,pro,monthly,100,USD,"$9,900.00",0,Complete,,2022-09-29,2025-06-13,false,5,0
INV-102157,ACC-6062,Gekko Group,billing@gekko.com,APAC,Fintech,enterprise ,monthly,50,USD,13455,10,success,invoice,2024-06-16,2026-08-30,FALSE,4,0
INV-104984,ACC-4920,Hooli Holdings,billing@hooli.com,LATAM,Retail,enterprise ,Annual,250,USD,747500.00,0,success,invoice,Jul 19 2022,Mar 19 2024,FALSE,3,0
INV-101951,ACC-8225,Wonka Corp,billing@wonka.com,LATAM,Fintech,Tier 1,monthly,5,EUR,264.60,0,success,Wire Transfer,17-08-2021,2023-11-10,0,2,0
INV-104178,ACC-8475,Globex Inc,billing@globex.com,APAC,Energy,PRO,yearly,25,USD,22275,10,PAID,,2023-01-11,2025-03-07,false,5,0
